1.0061090000 -0.8928800000 -0.7403420000 0.9860310000 -0.9022130000 -0.7403220000 -0.1140867042 -1.0737185874 -1.7788213451 0.6200000000 0.5800000000 0.5000000000
-0.1140867042 -1.0737185874 -1.7788213451 0.9851440000 -0.9021850000 -0.7403210000 0.9848560000 -0.9022860000 -0.7403210000 0.6200000000 0.5800000000 0.5000000000
0.9848560000 -0.9022860000 -0.7403210000 0.9673000000 -0.8958680000 -0.7403040000 -0.1140867042 -1.0737185874 -1.7788213451 0.6200000000 0.5800000000 0.5000000000
0.9586900000 -0.8953340000 -0.7402950000 0.9500400000 -0.8949130000 -0.7402860000 -0.1140867042 -1.0737185874 -1.7788213451 0.6200000000 0.5800000000 0.5000000000
0.9586900000 -0.8953340000 -0.7402950000 0.9673000000 -0.8958680000 -0.7403040000 -0.1140867042 -1.0737185874 -1.7788213451 0.6200000000 0.5800000000 0.5000000000
0.9437450000 -0.8907800000 -0.7402800000 0.9500400000 -0.8949130000 -0.7402860000 -0.1140867042 -1.0737185874 -1.7788213451 0.6200000000 0.5800000000 0.5000000000
0.9226240000 -0.8901540000 -0.7402590000 0.9154780000 -0.8862250000 -0.7402520000 -0.1140867042 -1.0737185874 -1.7788213451 0.6200000000 0.5800000000 0.5000000000
0.9324770000 -0.8899200000 -0.7402690000 0.9437450000 -0.8907800000 -0.7402800000 -0.1140867042 -1.0737185874 -1.7788213451 0.6200000000 0.5800000000 0.5000000000
0.9324770000 -0.8899200000 -0.7402690000 0.9226240000 -0.8901540000 -0.7402590000 -0.1140867042 -1.0737185874 -1.7788213451 0.6200000000 0.5800000000 0.5000000000
0.8956660000 -0.8874700000 -0.7402320000 0.8885470000 -0.8859870000 -0.7402250000 -0.1140867042 -1.0737185874 -1.7788213451 0.6200000000 0.5800000000 0.5000000000
0.8885470000 -0.8859870000 -0.7402250000 0.8800500000 -0.8847520000 -0.7402170000 -0.1140867042 -1.0737185874 -1.7788213451 0.6200000000 0.5800000000 0.5000000000
0.8956660000 -0.8874700000 -0.7402320000 0.9075110000 -0.8892250000 -0.7402430000 -0.1140867042 -1.0737185874 -1.7788213451 0.6200000000 0.5800000000 0.5000000000
0.8757450000 -0.8846750000 -0.7402130000 0.8800500000 -0.8847520000 -0.7402170000 -0.1140867042 -1.0737185874 -1.7788213451 0.6200000000 0.5800000000 0.5000000000
-0.1140867042 -1.0737185874 -1.7788213451 0.8757450000 -0.8846750000 -0.7402130000 0.8749410000 -0.8847780000 -0.7402120000 0.6200000000 0.5800000000 0.5000000000
1.5803740000 0.2566290000 -0.7409120000 1.6007460000 0.2182640000 -0.7409330000 -0.1140867042 -1.0737185874 -1.7788213451 0.6200000000 0.5800000000 0.5000000000
1.5739920000 0.2671700000 -0.7409060000 1.5803740000 0.2566290000 -0.7409120000 -0.1140867042 -1.0737185874 -1.7788213451 0.6200000000 0.5800000000 0.5000000000
1.6011750000 0.2173910000 -0.7409330000 1.6144040000 0.1887800000 -0.7409460000 -0.1140867042 -1.0737185874 -1.7788213451 0.6200000000 0.5800000000 0.5000000000
1.6245840000 0.1648090000 -0.7409570000 -0.1140867042 -1.0737185874 -1.7788213451 1.6206920000 0.1742770000 -0.7409530000 0.6200000000 0.5800000000 0.5000000000
1.6245840000 0.1648090000 -0.7409570000 1.6278900000 0.1489470000 -0.7409600000 -0.1140867042 -1.0737185874 -1.7788213451 0.6200000000 0.5800000000 0.5000000000
-0.1140867042 -1.0737185874 -1.7788213451 1.6278900000 0.1489470000 -0.7409600000 1.6289610000 0.1432010000 -0.7409620000 0.6200000000 0.5800000000 0.5000000000
1.6426000000 0.0948790000 -0.7409740000 -0.1140867042 -1.0737185874 -1.7788213451 1.6362320000 0.1185820000 -0.7409680000 0.6200000000 0.5800000000 0.5000000000
1.6362320000 0.1185820000 -0.7409680000 -0.1140867042 -1.0737185874 -1.7788213451 1.6311020000 0.1379160000 -0.7409630000 0.6200000000 0.5800000000 0.5000000000
1.5350780000 0.3359790000 -0.7408680000 -0.1140867042 -1.0737185874 -1.7788213451 1.5338130000 0.3514970000 -0.7408660000 0.6200000000 0.5800000000 0.5000000000
1.5226510000 0.3749620000 -0.7408550000 1.5323250000 0.3595970000 -0.7408650000 -0.1140867042 -1.0737185874 -1.7788213451 0.6200000000 0.5800000000 0.5000000000
-0.1140867042 -1.0737185874 -1.7788213451 1.5323250000 0.3595970000 -0.7408650000 1.5338130000 0.3514970000 -0.7408660000 0.6200000000 0.5800000000 0.5000000000
-0.1140867042 -1.0737185874 -1.7788213451 1.4947470000 0.3852120000 -0.7408280000 1.4978600000 0.3839020000 -0.7408300000 0.6200000000 0.5800000000 0.5000000000
1.5202230000 0.3772710000 -0.7408530000 -0.1140867042 -1.0737185874 -1.7788213451 1.4978600000 0.3839020000 -0.7408300000 0.6200000000 0.5800000000 0.5000000000
-0.1140867042 -1.0737185874 -1.7788213451 1.5202230000 0.3772710000 -0.7408530000 1.5226510000 0.3749620000 -0.7408550000 0.6200000000 0.5800000000 0.5000000000
1.4790160000 0.3945210000 -0.7408120000 1.4887820000 0.3880380000 -0.7408220000 -0.1140867042 -1.0737185874 -1.7788213451 0.6200000000 0.5800000000 0.5000000000
1.4533380000 0.4091130000 -0.7407860000 1.4541650000 0.4085870000 -0.7407870000 -0.1140867042 -1.0737185874 -1.7788213451 0.6200000000 0.5800000000 0.5000000000
1.4531290000 0.4091480000 -0.7407860000 1.4533380000 0.4091130000 -0.7407860000 -0.1140867042 -1.0737185874 -1.7788213451 0.6200000000 0.5800000000 0.5000000000
-0.1140867042 -1.0737185874 -1.7788213451 1.4367710000 0.4194120000 -0.7407700000 1.4531290000 0.4091480000 -0.7407860000 0.6200000000 0.5800000000 0.5000000000
-0.1140867042 -1.0737185874 -1.7788213451 1.4271570000 0.4249460000 -0.7407600000 1.4338950000 0.4221080000 -0.7407670000 0.6200000000 0.5800000000 0.5000000000
1.4132450000 0.4315010000 -0.7407460000 1.4271570000 0.4249460000 -0.7407600000 -0.1140867042 -1.0737185874 -1.7788213451 0.6200000000 0.5800000000 0.5000000000
-0.1140867042 -1.0737185874 -1.7788213451 1.4011830000 0.4385800000 -0.7407350000 1.4132450000 0.4315010000 -0.7407460000 0.6200000000 0.5800000000 0.5000000000
1.3764820000 0.4558020000 -0.7407100000 1.3937400000 0.4435400000 -0.7407270000 -0.1140867042 -1.0737185874 -1.7788213451 0.6200000000 0.5800000000 0.5000000000
-0.1140867042 -1.0737185874 -1.7788213451 1.3508130000 0.4766240000 -0.7406850000 1.3610840000 0.4678750000 -0.7406950000 0.6200000000 0.5800000000 0.5000000000
1.3764820000 0.4558020000 -0.7407100000 -0.1140867042 -1.0737185874 -1.7788213451 1.3610840000 0.4678750000 -0.7406950000 0.6200000000 0.5800000000 0.5000000000
-0.1140867042 -1.0737185874 -1.7788213451 1.3273830000 0.4933710000 -0.7406610000 1.3418090000 0.4820140000 -0.7406760000 0.6200000000 0.5800000000 0.5000000000
-0.1140867042 -1.0737185874 -1.7788213451 1.3199680000 0.4989200000 -0.7406540000 1.3273830000 0.4933710000 -0.7406610000 0.6200000000 0.5800000000 0.5000000000
-0.1140867042 -1.0737185874 -1.7788213451 1.2475620000 0.5381800000 -0.7405820000 1.2499150000 0.5365120000 -0.7405840000 0.6200000000 0.5800000000 0.5000000000
1.2499150000 0.5365120000 -0.7405840000 1.2635300000 0.5315030000 -0.7405970000 -0.1140867042 -1.0737185874 -1.7788213451 0.6200000000 0.5800000000 0.5000000000
-0.1140867042 -1.0737185874 -1.7788213451 1.2635300000 0.5315030000 -0.7405970000 1.2653790000 0.5307180000 -0.7405990000 0.6200000000 0.5800000000 0.5000000000
1.2160090000 0.5557230000 -0.7405500000 1.2438250000 0.5399270000 -0.7405780000 -0.1140867042 -1.0737185874 -1.7788213451 0.6200000000 0.5800000000 0.5000000000
-0.1140867042 -1.0737185874 -1.7788213451 1.2155970000 0.5559160000 -0.7405500000 1.2160090000 0.5557230000 -0.7405500000 0.6200000000 0.5800000000 0.5000000000
1.1902130000 0.5669010000 -0.7405250000 1.2152110000 0.5560980000 -0.7405490000 -0.1140867042 -1.0737185874 -1.7788213451 0.6200000000 0.5800000000 0.5000000000
-0.1140867042 -1.0737185874 -1.7788213451 1.2152110000 0.5560980000 -0.7405490000 1.2155970000 0.5559160000 -0.7405500000 0.6200000000 0.5800000000 0.5000000000
-0.1140867042 -1.0737185874 -1.7788213451 1.1824470000 0.5711700000 -0.7405170000 1.1902130000 0.5669010000 -0.7405250000 0.6200000000 0.5800000000 0.5000000000
-0.1140867042 -1.0737185874 -1.7788213451 1.1567970000 0.5822280000 -0.7404910000 1.1722590000 0.5759400000 -0.7405070000 0.6200000000 0.5800000000 0.5000000000
1.1824470000 0.5711700000 -0.7405170000 -0.1140867042 -1.0737185874 -1.7788213451 1.1722590000 0.5759400000 -0.7405070000 0.6200000000 0.5800000000 0.5000000000
1.1551530000 0.5826950000 -0.7404900000 1.1567970000 0.5822280000 -0.7404910000 -0.1140867042 -1.0737185874 -1.7788213451 0.6200000000 0.5800000000 0.5000000000
1.1110180000 0.6019200000 -0.7404460000 1.1202510000 0.5940710000 -0.7404550000 -0.1140867042 -1.0737185874 -1.7788213451 0.6200000000 0.5800000000 0.5000000000
1.1202510000 0.5940710000 -0.7404550000 1.1230910000 0.5921390000 -0.7404580000 -0.1140867042 -1.0737185874 -1.7788213451 0.6200000000 0.5800000000 0.5000000000
-0.1140867042 -1.0737185874 -1.7788213451 1.0980500000 0.6123760000 -0.7404330000 1.1110180000 0.6019200000 -0.7404460000 0.6200000000 0.5800000000 0.5000000000
-0.1140867042 -1.0737185874 -1.7788213451 0.9379550000 0.6691750000 -0.7402730000 0.9570570000 0.6687070000 -0.7402930000 0.6200000000 0.5800000000 0.5000000000
0.9379550000 0.6691750000 -0.7402730000 -0.1140867042 -1.0737185874 -1.7788213451 0.9240480000 0.6672850000 -0.7402600000 0.6200000000 0.5800000000 0.5000000000
0.9665010000 0.6682770000 -0.7403020000 -0.1140867042 -1.0737185874 -1.7788213451 0.9570570000 0.6687070000 -0.7402930000 0.6200000000 0.5800000000 0.5000000000
0.9665010000 0.6682770000 -0.7403020000 0.9726900000 0.6676090000 -0.7403080000 -0.1140867042 -1.0737185874 -1.7788213451 0.6200000000 0.5800000000 0.5000000000
0.8921020000 0.6580700000 -0.7402290000 0.9086280000 0.6638150000 -0.7402450000 -0.1140867042 -1.0737185874 -1.7788213451 0.6200000000 0.5800000000 0.5000000000
0.8788930000 0.6467310000 -0.7402150000 0.8921020000 0.6580700000 -0.7402290000 -0.1140867042 -1.0737185874 -1.7788213451 0.6200000000 0.5800000000 0.5000000000
0.8527740000 0.6207660000 -0.7401900000 0.8685430000 0.6374370000 -0.7402050000 -0.1140867042 -1.0737185874 -1.7788213451 0.6200000000 0.5800000000 0.5000000000
0.8788930000 0.6467310000 -0.7402150000 0.8742560000 0.6436380000 -0.7402100000 -0.1140867042 -1.0737185874 -1.7788213451 0.6200000000 0.5800000000 0.5000000000
0.4830270000 0.0961150000 -0.7398210000 0.4979620000 0.1168600000 -0.7398360000 -0.1140867042 -1.0737185874 -1.7788213451 0.6200000000 0.5800000000 0.5000000000
0.4830270000 0.0961150000 -0.7398210000 -0.1140867042 -1.0737185874 -1.7788213451 0.4768640000 0.0857300000 -0.7398160000 0.6200000000 0.5800000000 0.5000000000
0.5042610000 0.1267540000 -0.7398430000 0.5247750000 0.1594240000 -0.7398630000 -0.1140867042 -1.0737185874 -1.7788213451 0.6200000000 0.5800000000 0.5000000000
0.5042610000 0.1267540000 -0.7398430000 0.5013780000 0.1215190000 -0.7398410000 -0.1140867042 -1.0737185874 -1.7788213451 0.6200000000 0.5800000000 0.5000000000
0.5298340000 0.1666580000 -0.7398690000 0.5247750000 0.1594240000 -0.7398630000 -0.1140867042 -1.0737185874 -1.7788213451 0.6200000000 0.5800000000 0.5000000000
0.5389520000 0.1725120000 -0.7398780000 0.5298340000 0.1666580000 -0.7398690000 -0.1140867042 -1.0737185874 -1.7788213451 0.6200000000 0.5800000000 0.5000000000
0.5615880000 0.2148930000 -0.7399000000 0.5582520000 0.2097640000 -0.7398960000 -0.1140867042 -1.0737185874 -1.7788213451 0.6200000000 0.5800000000 0.5000000000
0.5747000000 0.2346520000 -0.7399130000 -0.1140867042 -1.0737185874 -1.7788213451 0.5715150000 0.2299820000 -0.7399090000 0.6200000000 0.5800000000 0.5000000000
0.5867290000 0.2467850000 -0.7399240000 0.5943250000 0.2587180000 -0.7399330000 -0.1140867042 -1.0737185874 -1.7788213451 0.6200000000 0.5800000000 0.5000000000
0.5988700000 0.2739680000 -0.7399370000 0.5973270000 0.2679280000 -0.7399360000 -0.1140867042 -1.0737185874 -1.7788213451 0.6200000000 0.5800000000 0.5000000000
0.8140110000 0.5328340000 -0.7401500000 0.8102000000 0.5210860000 -0.7401470000 -0.1140867042 -1.0737185874 -1.7788213451 0.6200000000 0.5800000000 0.5000000000
0.8034000000 0.5064140000 -0.7401400000 0.7897500000 0.4850860000 -0.7401270000 -0.1140867042 -1.0737185874 -1.7788213451 0.6200000000 0.5800000000 0.5000000000
0.7799910000 0.4789900000 -0.7401180000 0.7897500000 0.4850860000 -0.7401270000 -0.1140867042 -1.0737185874 -1.7788213451 0.6200000000 0.5800000000 0.5000000000
0.7799910000 0.4789900000 -0.7401180000 0.7702820000 0.4743340000 -0.7401070000 -0.1140867042 -1.0737185874 -1.7788213451 0.6200000000 0.5800000000 0.5000000000
0.7539980000 0.4553490000 -0.7400910000 0.7644490000 0.4679770000 -0.7401010000 -0.1140867042 -1.0737185874 -1.7788213451 0.6200000000 0.5800000000 0.5000000000
0.7702820000 0.4743340000 -0.7401070000 0.7644490000 0.4679770000 -0.7401010000 -0.1140867042 -1.0737185874 -1.7788213451 0.6200000000 0.5800000000 0.5000000000
0.7539980000 0.4553490000 -0.7400910000 0.7425340000 0.4428500000 -0.7400790000 -0.1140867042 -1.0737185874 -1.7788213451 0.6200000000 0.5800000000 0.5000000000
0.7189780000 0.4188920000 -0.7400570000 0.7057660000 0.4048800000 -0.7400440000 -0.1140867042 -1.0737185874 -1.7788213451 0.6200000000 0.5800000000 0.5000000000
0.6794080000 0.3730990000 -0.7400170000 0.6872660000 0.3813960000 -0.7400260000 -0.1140867042 -1.0737185874 -1.7788213451 0.6200000000 0.5800000000 0.5000000000
0.6794080000 0.3730990000 -0.7400170000 -0.1140867042 -1.0737185874 -1.7788213451 0.6687500000 0.3618970000 -0.7400060000 0.6200000000 0.5800000000 0.5000000000
0.6872660000 0.3813960000 -0.7400260000 0.6968670000 0.3932980000 -0.7400350000 -0.1140867042 -1.0737185874 -1.7788213451 0.6200000000 0.5800000000 0.5000000000
0.6536480000 0.3422320000 -0.7399920000 0.6682270000 0.3613470000 -0.7400050000 -0.1140867042 -1.0737185874 -1.7788213451 0.6200000000 0.5800000000 0.5000000000
0.6685240000 0.3616860000 -0.7400060000 0.6684200000 0.3615750000 -0.7400050000 -0.1140867042 -1.0737185874 -1.7788213451 0.6200000000 0.5800000000 0.5000000000
0.6461090000 0.3348060000 -0.7399840000 -0.1140867042 -1.0737185874 -1.7788213451 0.6416410000 0.3302320000 -0.7399790000 0.6200000000 0.5800000000 0.5000000000
0.6394930000 0.3269460000 -0.7399770000 0.6267180000 0.3086700000 -0.7399650000 -0.1140867042 -1.0737185874 -1.7788213451 0.6200000000 0.5800000000 0.5000000000
0.6416410000 0.3302320000 -0.7399790000 -0.1140867042 -1.0737185874 -1.7788213451 0.6394930000 0.3269460000 -0.7399770000 0.6200000000 0.5800000000 0.5000000000
0.7350770000 0.4359390000 -0.7400720000 -0.1140867042 -1.0737185874 -1.7788213451 0.7189780000 0.4188920000 -0.7400570000 0.6200000000 0.5800000000 0.5000000000
0.7350770000 0.4359390000 -0.7400720000 0.7425340000 0.4428500000 -0.7400790000 -0.1140867042 -1.0737185874 -1.7788213451 0.6200000000 0.5800000000 0.5000000000
0.8081990000 0.5160070000 -0.7401450000 -0.1140867042 -1.0737185874 -1.7788213451 0.8034000000 0.5064140000 -0.7401400000 0.6200000000 0.5800000000 0.5000000000
0.8081990000 0.5160070000 -0.7401450000 0.8102000000 0.5210860000 -0.7401470000 -0.1140867042 -1.0737185874 -1.7788213451 0.6200000000 0.5800000000 0.5000000000
0.8382570000 0.5973600000 -0.7401740000 0.8527740000 0.6207660000 -0.7401900000 -0.1140867042 -1.0737185874 -1.7788213451 0.6200000000 0.5800000000 0.5000000000
0.8289790000 0.5756820000 -0.7401660000 -0.1140867042 -1.0737185874 -1.7788213451 0.8162980000 0.5400440000 -0.7401530000 0.6200000000 0.5800000000 0.5000000000
-0.1140867042 -1.0737185874 -1.7788213451 1.0771970000 0.6288330000 -0.7404120000 1.0848780000 0.6239330000 -0.7404200000 0.6200000000 0.5800000000 0.5000000000
1.0633100000 0.6380330000 -0.7403990000 1.0771970000 0.6288330000 -0.7404120000 -0.1140867042 -1.0737185874 -1.7788213451 0.6200000000 0.5800000000 0.5000000000
1.0848780000 0.6239330000 -0.7404200000 1.0937600000 0.6172620000 -0.7404290000 -0.1140867042 -1.0737185874 -1.7788213451 0.6200000000 0.5800000000 0.5000000000
1.0603550000 0.6400330000 -0.7403960000 -0.1140867042 -1.0737185874 -1.7788213451 1.0462310000 0.6480160000 -0.7403820000 0.6200000000 0.5800000000 0.5000000000
-0.1140867042 -1.0737185874 -1.7788213451 1.0625370000 0.6386820000 -0.7403980000 1.0633100000 0.6380330000 -0.7403990000 0.6200000000 0.5800000000 0.5000000000
-0.1140867042 -1.0737185874 -1.7788213451 1.0603550000 0.6400330000 -0.7403960000 1.0625370000 0.6386820000 -0.7403980000 0.6200000000 0.5800000000 0.5000000000
1.0462310000 0.6480160000 -0.7403820000 -0.1140867042 -1.0737185874 -1.7788213451 1.0417200000 0.6493030000 -0.7403770000 0.6200000000 0.5800000000 0.5000000000
-0.1140867042 -1.0737185874 -1.7788213451 1.0354190000 0.6517740000 -0.7403710000 1.0417200000 0.6493030000 -0.7403770000 0.6200000000 0.5800000000 0.5000000000
1.0354190000 0.6517740000 -0.7403710000 -0.1140867042 -1.0737185874 -1.7788213451 1.0137390000 0.6590700000 -0.7403490000 0.6200000000 0.5800000000 0.5000000000
-0.1140867042 -1.0737185874 -1.7788213451 1.0937600000 0.6172620000 -0.7404290000 1.0980500000 0.6123760000 -0.7404330000 0.6200000000 0.5800000000 0.5000000000
0.5459930000 0.1776780000 -0.7398840000 0.5514370000 0.1821410000 -0.7398900000 -0.1140867042 -1.0737185874 -1.7788213451 0.6200000000 0.5800000000 0.5000000000
0.5582520000 0.2097640000 -0.7398960000 -0.1140867042 -1.0737185874 -1.7788213451 0.5559450000 0.1932560000 -0.7398940000 0.6200000000 0.5800000000 0.5000000000
0.5389520000 0.1725120000 -0.7398780000 0.5459930000 0.1776780000 -0.7398840000 -0.1140867042 -1.0737185874 -1.7788213451 0.6200000000 0.5800000000 0.5000000000
0.4716600000 0.0731300000 -0.7398100000 -0.1140867042 -1.0737185874 -1.7788213451 0.4705640000 0.0715620000 -0.7398100000 0.6200000000 0.5800000000 0.5000000000
0.4705640000 0.0715620000 -0.7398100000 -0.1140867042 -1.0737185874 -1.7788213451 0.4706170000 0.0706740000 -0.7398100000 0.6200000000 0.5800000000 0.5000000000
0.4718580000 0.0617860000 -0.7398110000 0.4706170000 0.0706740000 -0.7398100000 -0.1140867042 -1.0737185874 -1.7788213451 0.6200000000 0.5800000000 0.5000000000
0.4709280000 0.0241600000 -0.7398100000 0.4722180000 0.0458770000 -0.7398110000 -0.1140867042 -1.0737185874 -1.7788213451 0.6200000000 0.5800000000 0.5000000000
0.4734770000 0.0519550000 -0.7398120000 0.4722180000 0.0458770000 -0.7398110000 -0.1140867042 -1.0737185874 -1.7788213451 0.6200000000 0.5800000000 0.5000000000
0.4718580000 0.0617860000 -0.7398110000 0.4734770000 0.0519550000 -0.7398120000 -0.1140867042 -1.0737185874 -1.7788213451 0.6200000000 0.5800000000 0.5000000000
0.4653430000 0.0005400000 -0.7398040000 0.4696260000 0.0151770000 -0.7398090000 -0.1140867042 -1.0737185874 -1.7788213451 0.6200000000 0.5800000000 0.5000000000
0.4081370000 -0.1434580000 -0.7397470000 0.4093610000 -0.1276910000 -0.7397480000 -0.1140867042 -1.0737185874 -1.7788213451 0.6200000000 0.5800000000 0.5000000000
0.4165100000 -0.1645680000 -0.7397560000 0.4086830000 -0.1460670000 -0.7397480000 -0.1140867042 -1.0737185874 -1.7788213451 0.6200000000 0.5800000000 0.5000000000
0.4165100000 -0.1645680000 -0.7397560000 -0.1140867042 -1.0737185874 -1.7788213451 0.4178810000 -0.1764260000 -0.7397570000 0.6200000000 0.5800000000 0.5000000000
0.4178810000 -0.1764260000 -0.7397570000 0.4176980000 -0.1778450000 -0.7397570000 -0.1140867042 -1.0737185874 -1.7788213451 0.6200000000 0.5800000000 0.5000000000
0.4340180000 -0.0673100000 -0.7397730000 0.4424380000 -0.0496960000 -0.7397820000 -0.1140867042 -1.0737185874 -1.7788213451 0.6200000000 0.5800000000 0.5000000000
0.4151110000 -0.0990550000 -0.7397540000 0.4219290000 -0.0828880000 -0.7397610000 -0.1140867042 -1.0737185874 -1.7788213451 0.6200000000 0.5800000000 0.5000000000
0.4095690000 -0.1177990000 -0.7397490000 0.4093610000 -0.1276910000 -0.7397480000 -0.1140867042 -1.0737185874 -1.7788213451 0.6200000000 0.5800000000 0.5000000000
0.4127220000 -0.1094220000 -0.7397520000 -0.1140867042 -1.0737185874 -1.7788213451 0.4095690000 -0.1177990000 -0.7397490000 0.6200000000 0.5800000000 0.5000000000
0.4493990000 -0.0380280000 -0.7397890000 0.4552180000 -0.0255660000 -0.7397940000 -0.1140867042 -1.0737185874 -1.7788213451 0.6200000000 0.5800000000 0.5000000000
0.4555380000 -0.0240430000 -0.7397940000 0.4614630000 -0.0103200000 -0.7398000000 -0.1140867042 -1.0737185874 -1.7788213451 0.6200000000 0.5800000000 0.5000000000
0.4072500000 -0.2055910000 -0.7397470000 0.4050640000 -0.2080740000 -0.7397440000 -0.1140867042 -1.0737185874 -1.7788213451 0.6200000000 0.5800000000 0.5000000000
0.4172010000 -0.1870560000 -0.7397570000 -0.1140867042 -1.0737185874 -1.7788213451 0.4072500000 -0.2055910000 -0.7397470000 0.6200000000 0.5800000000 0.5000000000
0.4176980000 -0.1778450000 -0.7397570000 0.4169050000 -0.1799330000 -0.7397560000 -0.1140867042 -1.0737185874 -1.7788213451 0.6200000000 0.5800000000 0.5000000000
0.4172010000 -0.1870560000 -0.7397570000 0.4169050000 -0.1799330000 -0.7397560000 -0.1140867042 -1.0737185874 -1.7788213451 0.6200000000 0.5800000000 0.5000000000
0.3706410000 -0.3050720000 -0.7397100000 0.3809510000 -0.2807830000 -0.7397200000 -0.1140867042 -1.0737185874 -1.7788213451 0.6200000000 0.5800000000 0.5000000000
0.3567430000 -0.3326010000 -0.7396970000 0.3593900000 -0.3263930000 -0.7396990000 -0.1140867042 -1.0737185874 -1.7788213451 0.6200000000 0.5800000000 0.5000000000
0.3567430000 -0.3326010000 -0.7396970000 0.3461860000 -0.3528900000 -0.7396860000 -0.1140867042 -1.0737185874 -1.7788213451 0.6200000000 0.5800000000 0.5000000000
0.3456160000 -0.3538780000 -0.7396850000 0.3351990000 -0.3729840000 -0.7396750000 -0.1140867042 -1.0737185874 -1.7788213451 0.6200000000 0.5800000000 0.5000000000
0.3456160000 -0.3538780000 -0.7396850000 0.3461860000 -0.3528900000 -0.7396860000 -0.1140867042 -1.0737185874 -1.7788213451 0.6200000000 0.5800000000 0.5000000000
0.2729230000 -0.4855390000 -0.7396130000 0.2857760000 -0.4839160000 -0.7396250000 -0.1140867042 -1.0737185874 -1.7788213451 0.6200000000 0.5800000000 0.5000000000
0.2518710000 -0.5010630000 -0.7395920000 0.2587930000 -0.4924050000 -0.7395990000 -0.1140867042 -1.0737185874 -1.7788213451 0.6200000000 0.5800000000 0.5000000000
-0.1140867042 -1.0737185874 -1.7788213451 0.2672780000 -0.4843570000 -0.7396070000 0.2729230000 -0.4855390000 -0.7396130000 0.6200000000 0.5800000000 0.5000000000
0.2857760000 -0.4839160000 -0.7396250000 0.2930440000 -0.4772060000 -0.7396330000 -0.1140867042 -1.0737185874 -1.7788213451 0.6200000000 0.5800000000 0.5000000000
0.1559710000 -0.5989230000 -0.7394960000 0.1538290000 -0.6005560000 -0.7394940000 -0.1140867042 -1.0737185874 -1.7788213451 0.6200000000 0.5800000000 0.5000000000
0.1559710000 -0.5989230000 -0.7394960000 0.1751060000 -0.5882390000 -0.7395160000 -0.1140867042 -1.0737185874 -1.7788213451 0.6200000000 0.5800000000 0.5000000000
0.1751060000 -0.5882390000 -0.7395160000 0.1760390000 -0.5776740000 -0.7395170000 -0.1140867042 -1.0737185874 -1.7788213451 0.6200000000 0.5800000000 0.5000000000
0.1840860000 -0.5571230000 -0.7395250000 -0.1140867042 -1.0737185874 -1.7788213451 0.1779160000 -0.5648900000 -0.7395190000 0.6200000000 0.5800000000 0.5000000000
0.2420110000 -0.5088030000 -0.7395830000 0.2377980000 -0.5133730000 -0.7395780000 -0.1140867042 -1.0737185874 -1.7788213451 0.6200000000 0.5800000000 0.5000000000
0.2200990000 -0.5311120000 -0.7395610000 0.2377980000 -0.5133730000 -0.7395780000 -0.1140867042 -1.0737185874 -1.7788213451 0.6200000000 0.5800000000 0.5000000000
0.2420110000 -0.5088030000 -0.7395830000 0.2518710000 -0.5010630000 -0.7395920000 -0.1140867042 -1.0737185874 -1.7788213451 0.6200000000 0.5800000000 0.5000000000
0.5239190000 -1.0288120000 -0.7398630000 -0.1140867042 -1.0737185874 -1.7788213451 0.5337830000 -1.0294360000 -0.7398730000 0.6200000000 0.5800000000 0.5000000000
0.5532720000 -1.0235610000 -0.7398920000 -0.1140867042 -1.0737185874 -1.7788213451 0.5611330000 -1.0228690000 -0.7399000000 0.6200000000 0.5800000000 0.5000000000
0.5644120000 -1.0243100000 -0.7399020000 -0.1140867042 -1.0737185874 -1.7788213451 0.5689400000 -1.0257530000 -0.7399080000 0.6200000000 0.5800000000 0.5000000000
-0.1140867042 -1.0737185874 -1.7788213451 0.5895950000 -1.0193170000 -0.7399280000 0.5689400000 -1.0257530000 -0.7399080000 0.6200000000 0.5800000000 0.5000000000
0.5944480000 -1.0170300000 -0.7399330000 0.5895950000 -1.0193170000 -0.7399280000 -0.1140867042 -1.0737185874 -1.7788213451 0.6200000000 0.5800000000 0.5000000000
0.6067090000 -1.0153710000 -0.7399450000 0.5944480000 -1.0170300000 -0.7399330000 -0.1140867042 -1.0737185874 -1.7788213451 0.6200000000 0.5800000000 0.5000000000
-0.1140867042 -1.0737185874 -1.7788213451 0.6088700000 -1.0141630000 -0.7399470000 0.6067090000 -1.0153710000 -0.7399450000 0.6200000000 0.5800000000 0.5000000000
0.4018630000 -0.2309300000 -0.7397410000 0.3994180000 -0.2365270000 -0.7397390000 -0.1140867042 -1.0737185874 -1.7788213451 0.6200000000 0.5800000000 0.5000000000
0.4018630000 -0.2309300000 -0.7397410000 0.4038720000 -0.2151510000 -0.7397430000 -0.1140867042 -1.0737185874 -1.7788213451 0.6200000000 0.5800000000 0.5000000000
0.3841820000 -0.2727820000 -0.7397240000 0.3809510000 -0.2807830000 -0.7397200000 -0.1140867042 -1.0737185874 -1.7788213451 0.6200000000 0.5800000000 0.5000000000
0.3180680000 -0.4387010000 -0.7396570000 0.3118920000 -0.4486900000 -0.7396520000 -0.1140867042 -1.0737185874 -1.7788213451 0.6200000000 0.5800000000 0.5000000000
0.3022590000 -0.4638360000 -0.7396420000 0.3022880000 -0.4633550000 -0.7396420000 -0.1140867042 -1.0737185874 -1.7788213451 0.6200000000 0.5800000000 0.5000000000
0.3180680000 -0.4387010000 -0.7396570000 0.3246360000 -0.4249660000 -0.7396650000 -0.1140867042 -1.0737185874 -1.7788213451 0.6200000000 0.5800000000 0.5000000000
0.3246360000 -0.4249660000 -0.7396650000 0.3237830000 -0.4157490000 -0.7396630000 -0.1140867042 -1.0737185874 -1.7788213451 0.6200000000 0.5800000000 0.5000000000
0.3207500000 -0.4007530000 -0.7396610000 0.3194100000 -0.4057730000 -0.7396590000 -0.1140867042 -1.0737185874 -1.7788213451 0.6200000000 0.5800000000 0.5000000000
0.3207500000 -0.4007530000 -0.7396610000 0.3221990000 -0.3879350000 -0.7396620000 -0.1140867042 -1.0737185874 -1.7788213451 0.6200000000 0.5800000000 0.5000000000
0.3022590000 -0.4638360000 -0.7396420000 -0.1140867042 -1.0737185874 -1.7788213451 0.3016060000 -0.4649490000 -0.7396420000 0.6200000000 0.5800000000 0.5000000000
0.3016060000 -0.4649490000 -0.7396420000 0.2964380000 -0.4752480000 -0.7396360000 -0.1140867042 -1.0737185874 -1.7788213451 0.6200000000 0.5800000000 0.5000000000
-0.1649910000 -0.6175560000 -0.7391780000 -0.1140867042 -1.0737185874 -1.7788213451 -0.1654910000 -0.6198970000 -0.7391770000 0.6200000000 0.5800000000 0.5000000000
-0.1553540000 -0.5909550000 -0.7391870000 -0.1521830000 -0.5879270000 -0.7391900000 -0.1140867042 -1.0737185874 -1.7788213451 0.6200000000 0.5800000000 0.5000000000
-0.1140867042 -1.0737185874 -1.7788213451 -0.1604140000 -0.6029960000 -0.7391820000 -0.1553540000 -0.5909550000 -0.7391870000 0.6200000000 0.5800000000 0.5000000000
-0.1351410000 -0.5764040000 -0.7392080000 -0.1288630000 -0.5784770000 -0.7392140000 -0.1140867042 -1.0737185874 -1.7788213451 0.6200000000 0.5800000000 0.5000000000
-0.1025460000 -0.5868950000 -0.7392400000 -0.1140867042 -1.0737185874 -1.7788213451 -0.1066000000 -0.5838880000 -0.7392350000 0.6200000000 0.5800000000 0.5000000000
-0.1025460000 -0.5868950000 -0.7392400000 -0.0981670000 -0.5889180000 -0.7392440000 -0.1140867042 -1.0737185874 -1.7788213451 0.6200000000 0.5800000000 0.5000000000
-0.1116200000 -0.5813510000 -0.7392310000 -0.1190010000 -0.5798980000 -0.7392230000 -0.1140867042 -1.0737185874 -1.7788213451 0.6200000000 0.5800000000 0.5000000000
-0.1066000000 -0.5838880000 -0.7392350000 -0.1101970000 -0.5819910000 -0.7392320000 -0.1140867042 -1.0737185874 -1.7788213451 0.6200000000 0.5800000000 0.5000000000
-0.1101970000 -0.5819910000 -0.7392320000 -0.1116200000 -0.5813510000 -0.7392310000 -0.1140867042 -1.0737185874 -1.7788213451 0.6200000000 0.5800000000 0.5000000000
-0.0662200000 -0.6081010000 -0.7392760000 -0.0705510000 -0.6052720000 -0.7392720000 -0.1140867042 -1.0737185874 -1.7788213451 0.6200000000 0.5800000000 0.5000000000
-0.0705510000 -0.6052720000 -0.7392720000 -0.0913840000 -0.5934190000 -0.7392510000 -0.1140867042 -1.0737185874 -1.7788213451 0.6200000000 0.5800000000 0.5000000000
-0.0535780000 -0.6177380000 -0.7392880000 -0.0622650000 -0.6096570000 -0.7392800000 -0.1140867042 -1.0737185874 -1.7788213451 0.6200000000 0.5800000000 0.5000000000
-0.0662200000 -0.6081010000 -0.7392760000 -0.0622650000 -0.6096570000 -0.7392800000 -0.1140867042 -1.0737185874 -1.7788213451 0.6200000000 0.5800000000 0.5000000000
-0.0535780000 -0.6177380000 -0.7392880000 -0.0472140000 -0.6211360000 -0.7392950000 -0.1140867042 -1.0737185874 -1.7788213451 0.6200000000 0.5800000000 0.5000000000
-0.0472140000 -0.6211360000 -0.7392950000 -0.0402460000 -0.6275720000 -0.7393010000 -0.1140867042 -1.0737185874 -1.7788213451 0.6200000000 0.5800000000 0.5000000000
0.2752060000 -1.0245210000 -0.7396150000 -0.1140867042 -1.0737185874 -1.7788213451 0.2795410000 -1.0134780000 -0.7396190000 0.6200000000 0.5800000000 0.5000000000
-0.1140867042 -1.0737185874 -1.7788213451 0.2752060000 -1.0245210000 -0.7396150000 0.2747070000 -1.0263420000 -0.7396140000 0.6200000000 0.5800000000 0.5000000000
0.2747070000 -1.0263420000 -0.7396140000 0.2563340000 -1.0461310000 -0.7395960000 -0.1140867042 -1.0737185874 -1.7788213451 0.6200000000 0.5800000000 0.5000000000
-0.1140867042 -1.0737185874 -1.7788213451 0.2563340000 -1.0461310000 -0.7395960000 0.2560750000 -1.0463960000 -0.7395960000 0.6200000000 0.5800000000 0.5000000000
-0.1140867042 -1.0737185874 -1.7788213451 0.2560750000 -1.0463960000 -0.7395960000 0.2557730000 -1.0466730000 -0.7395960000 0.6200000000 0.5800000000 0.5000000000
-0.1140867042 -1.0737185874 -1.7788213451 0.2557730000 -1.0466730000 -0.7395960000 0.2553380000 -1.0471840000 -0.7395950000 0.6200000000 0.5800000000 0.5000000000
0.2553380000 -1.0471840000 -0.7395950000 0.2443970000 -1.0619600000 -0.7395840000 -0.1140867042 -1.0737185874 -1.7788213451 0.6200000000 0.5800000000 0.5000000000
0.2428990000 -1.0653410000 -0.7395830000 0.2324040000 -1.0825400000 -0.7395730000 -0.1140867042 -1.0737185874 -1.7788213451 0.6200000000 0.5800000000 0.5000000000
-0.1140867042 -1.0737185874 -1.7788213451 0.2324040000 -1.0825400000 -0.7395730000 0.2270460000 -1.0903850000 -0.7395670000 0.6200000000 0.5800000000 0.5000000000
-0.1140867042 -1.0737185874 -1.7788213451 0.1899230000 -1.1288440000 -0.7395310000 0.1890500000 -1.1293770000 -0.7395300000 0.6200000000 0.5800000000 0.5000000000
0.1766990000 -1.1385340000 -0.7395180000 -0.1140867042 -1.0737185874 -1.7788213451 0.1890500000 -1.1293770000 -0.7395300000 0.6200000000 0.5800000000 0.5000000000
0.1463340000 -1.1677330000 -0.7394870000 0.1447590000 -1.1688070000 -0.7394860000 -0.1140867042 -1.0737185874 -1.7788213451 0.6200000000 0.5800000000 0.5000000000
-0.1140867042 -1.0737185874 -1.7788213451 0.1683630000 -1.1497870000 -0.7395090000 0.1463340000 -1.1677330000 -0.7394870000 0.6200000000 0.5800000000 0.5000000000
0.1439770000 -1.1698010000 -0.7394850000 0.1432320000 -1.1706670000 -0.7394840000 -0.1140867042 -1.0737185874 -1.7788213451 0.6200000000 0.5800000000 0.5000000000
0.1447590000 -1.1688070000 -0.7394860000 0.1439770000 -1.1698010000 -0.7394850000 -0.1140867042 -1.0737185874 -1.7788213451 0.6200000000 0.5800000000 0.5000000000
-0.4280220000 -0.8032170000 -0.7389160000 -0.4259050000 -0.7996130000 -0.7389180000 -0.1140867042 -1.0737185874 -1.7788213451 0.6200000000 0.5800000000 0.5000000000
-0.4327710000 -0.8151860000 -0.7389120000 -0.4280220000 -0.8032170000 -0.7389160000 -0.1140867042 -1.0737185874 -1.7788213451 0.6200000000 0.5800000000 0.5000000000
-0.4062050000 -0.7650110000 -0.7389810000 -0.1140867042 -1.0737185874 -1.7788213451 -0.4259050000 -0.7996130000 -0.7389180000 0.6200000000 0.5800000000 0.5000000000
-0.1140867042 -1.0737185874 -1.7788213451 -0.4412580000 -0.8358210000 -0.7389030000 -0.4327710000 -0.8151860000 -0.7389120000 0.6200000000 0.5800000000 0.5000000000
-0.1140867042 -1.0737185874 -1.7788213451 -0.4473570000 -0.8449260000 -0.7388970000 -0.4412580000 -0.8358210000 -0.7389030000 0.6200000000 0.5800000000 0.5000000000
-0.1140867042 -1.0737185874 -1.7788213451 -0.4619180000 -0.8678480000 -0.7388820000 -0.4607310000 -0.8657060000 -0.7388830000 0.6200000000 0.5800000000 0.5000000000
-0.4550100000 -0.8543000000 -0.7388890000 -0.1140867042 -1.0737185874 -1.7788213451 -0.4607310000 -0.8657060000 -0.7388830000 0.6200000000 0.5800000000 0.5000000000
-0.4550100000 -0.8543000000 -0.7388890000 -0.4473570000 -0.8449260000 -0.7388970000 -0.1140867042 -1.0737185874 -1.7788213451 0.6200000000 0.5800000000 0.5000000000
-0.1140867042 -1.0737185874 -1.7788213451 -0.4779660000 -0.9120370000 -0.7388660000 -0.4710080000 -0.8907430000 -0.7388730000 0.6200000000 0.5800000000 0.5000000000
-0.1140867042 -1.0737185874 -1.7788213451 -0.4831240000 -0.9419780000 -0.7388620000 -0.4779660000 -0.9120370000 -0.7388660000 0.6200000000 0.5800000000 0.5000000000
-0.1140867042 -1.0737185874 -1.7788213451 -0.4225720000 -1.2477240000 -0.7389220000 -0.4310340000 -1.2362500000 -0.7389130000 0.6200000000 0.5800000000 0.5000000000
-0.4225720000 -1.2477240000 -0.7389220000 -0.1140867042 -1.0737185874 -1.7788213451 -0.4140080000 -1.2499710000 -0.7389300000 0.6200000000 0.5800000000 0.5000000000
-0.1140867042 -1.0737185874 -1.7788213451 -0.3883180000 -1.2591150000 -0.7389550000 -0.4140080000 -1.2499710000 -0.7389300000 0.6200000000 0.5800000000 0.5000000000
-0.3830130000 -1.2600300000 -0.7389610000 -0.3883180000 -1.2591150000 -0.7389550000 -0.1140867042 -1.0737185874 -1.7788213451 0.6200000000 0.5800000000 0.5000000000
-0.3830130000 -1.2600300000 -0.7389610000 -0.1140867042 -1.0737185874 -1.7788213451 -0.3818540000 -1.2609060000 -0.7389620000 0.6200000000 0.5800000000 0.5000000000
-0.3322330000 -1.2755060000 -0.7390110000 -0.3381180000 -1.2752520000 -0.7390060000 -0.1140867042 -1.0737185874 -1.7788213451 0.6200000000 0.5800000000 0.5000000000
-0.3461150000 -1.2740810000 -0.7389970000 -0.1140867042 -1.0737185874 -1.7788213451 -0.3381180000 -1.2752520000 -0.7390060000 0.6200000000 0.5800000000 0.5000000000
-0.2903670000 -1.2780920000 -0.7390530000 -0.2988480000 -1.2782340000 -0.7390450000 -0.1140867042 -1.0737185874 -1.7788213451 0.6200000000 0.5800000000 0.5000000000
-0.2903670000 -1.2780920000 -0.7390530000 -0.1140867042 -1.0737185874 -1.7788213451 -0.2872720000 -1.2776870000 -0.7390570000 0.6200000000 0.5800000000 0.5000000000
-0.1140867042 -1.0737185874 -1.7788213451 -0.2988480000 -1.2782340000 -0.7390450000 -0.3154180000 -1.2767420000 -0.7390280000 0.6200000000 0.5800000000 0.5000000000
-0.2800630000 -1.2764790000 -0.7390640000 -0.2680240000 -1.2738030000 -0.7390750000 -0.1140867042 -1.0737185874 -1.7788213451 0.6200000000 0.5800000000 0.5000000000
-0.2872720000 -1.2776870000 -0.7390570000 -0.1140867042 -1.0737185874 -1.7788213451 -0.2800630000 -1.2764790000 -0.7390640000 0.6200000000 0.5800000000 0.5000000000
-0.2492700000 -1.2712500000 -0.7390940000 -0.2582720000 -1.2731470000 -0.7390850000 -0.1140867042 -1.0737185874 -1.7788213451 0.6200000000 0.5800000000 0.5000000000
-0.2403770000 -1.2707450000 -0.7391020000 -0.2284970000 -1.2678110000 -0.7391150000 -0.1140867042 -1.0737185874 -1.7788213451 0.6200000000 0.5800000000 0.5000000000
-0.2403770000 -1.2707450000 -0.7391020000 -0.2492700000 -1.2712500000 -0.7390940000 -0.1140867042 -1.0737185874 -1.7788213451 0.6200000000 0.5800000000 0.5000000000
-0.1140867042 -1.0737185874 -1.7788213451 0.1432320000 -1.1706670000 -0.7394840000 0.1341020000 -1.1768020000 -0.7394750000 0.6200000000 0.5800000000 0.5000000000
-0.1140867042 -1.0737185874 -1.7788213451 0.1316320000 -1.1790700000 -0.7394720000 0.1183950000 -1.1939130000 -0.7394600000 0.6200000000 0.5800000000 0.5000000000
0.1341020000 -1.1768020000 -0.7394750000 0.1316320000 -1.1790700000 -0.7394720000 -0.1140867042 -1.0737185874 -1.7788213451 0.6200000000 0.5800000000 0.5000000000
0.1089620000 -1.2016240000 -0.7394500000 0.1013970000 -1.2023460000 -0.7394420000 -0.1140867042 -1.0737185874 -1.7788213451 0.6200000000 0.5800000000 0.5000000000
-0.1140867042 -1.0737185874 -1.7788213451 0.1183950000 -1.1939130000 -0.7394600000 0.1089620000 -1.2016240000 -0.7394500000 0.6200000000 0.5800000000 0.5000000000
0.0941880000 -1.2017310000 -0.7394360000 -0.1140867042 -1.0737185874 -1.7788213451 0.1013970000 -1.2023460000 -0.7394420000 0.6200000000 0.5800000000 0.5000000000
0.0803160000 -1.1718200000 -0.7394210000 0.0744540000 -1.1741540000 -0.7394160000 -0.1140867042 -1.0737185874 -1.7788213451 0.6200000000 0.5800000000 0.5000000000
0.0803160000 -1.1718200000 -0.7394210000 -0.1140867042 -1.0737185874 -1.7788213451 0.0863520000 -1.1910020000 -0.7394280000 0.6200000000 0.5800000000 0.5000000000
0.0347040000 -1.1967960000 -0.7393760000 0.0148670000 -1.2035420000 -0.7393560000 -0.1140867042 -1.0737185874 -1.7788213451 0.6200000000 0.5800000000 0.5000000000
0.0705450000 -1.1742180000 -0.7394120000 0.0436750000 -1.1913490000 -0.7393860000 -0.1140867042 -1.0737185874 -1.7788213451 0.6200000000 0.5800000000 0.5000000000
-0.1140867042 -1.0737185874 -1.7788213451 0.0436750000 -1.1913490000 -0.7393860000 0.0347040000 -1.1967960000 -0.7393760000 0.6200000000 0.5800000000 0.5000000000
-0.1140867042 -1.0737185874 -1.7788213451 0.0744540000 -1.1741540000 -0.7394160000 0.0705450000 -1.1742180000 -0.7394120000 0.6200000000 0.5800000000 0.5000000000
0.0863520000 -1.1910020000 -0.7394280000 0.0870830000 -1.1957350000 -0.7394290000 -0.1140867042 -1.0737185874 -1.7788213451 0.6200000000 0.5800000000 0.5000000000
-0.1140867042 -1.0737185874 -1.7788213451 -0.2118330000 -1.2700900000 -0.7391310000 -0.2163640000 -1.2694720000 -0.7391270000 0.6200000000 0.5800000000 0.5000000000
-0.1915590000 -1.2691950000 -0.7391520000 -0.1982150000 -1.2696290000 -0.7391450000 -0.1140867042 -1.0737185874 -1.7788213451 0.6200000000 0.5800000000 0.5000000000
-0.2284970000 -1.2678110000 -0.7391150000 -0.1140867042 -1.0737185874 -1.7788213451 -0.2163640000 -1.2694720000 -0.7391270000 0.6200000000 0.5800000000 0.5000000000
-0.1915590000 -1.2691950000 -0.7391520000 -0.1140867042 -1.0737185874 -1.7788213451 -0.1900440000 -1.2689490000 -0.7391530000 0.6200000000 0.5800000000 0.5000000000
-0.1585900000 -1.2661180000 -0.7391840000 -0.1140867042 -1.0737185874 -1.7788213451 -0.1561240000 -1.2656470000 -0.7391860000 0.6200000000 0.5800000000 0.5000000000
-0.1561240000 -1.2656470000 -0.7391860000 -0.1371570000 -1.2652620000 -0.7392050000 -0.1140867042 -1.0737185874 -1.7788213451 0.6200000000 0.5800000000 0.5000000000
-0.1371570000 -1.2652620000 -0.7392050000 -0.1140867042 -1.0737185874 -1.7788213451 -0.1272330000 -1.2590470000 -0.7392150000 0.6200000000 0.5800000000 0.5000000000
-0.0992230000 -1.2529810000 -0.7392430000 -0.1263090000 -1.2587740000 -0.7392170000 -0.1140867042 -1.0737185874 -1.7788213451 0.6200000000 0.5800000000 0.5000000000
-0.1272330000 -1.2590470000 -0.7392150000 -0.1267970000 -1.2588610000 -0.7392160000 -0.1140867042 -1.0737185874 -1.7788213451 0.6200000000 0.5800000000 0.5000000000
-0.0629940000 -1.2414560000 -0.7392790000 -0.0862630000 -1.2492840000 -0.7392560000 -0.1140867042 -1.0737185874 -1.7788213451 0.6200000000 0.5800000000 0.5000000000
-0.0460210000 -1.2308600000 -0.7392960000 -0.0489520000 -1.2327000000 -0.7392930000 -0.1140867042 -1.0737185874 -1.7788213451 0.6200000000 0.5800000000 0.5000000000
-0.0629940000 -1.2414560000 -0.7392790000 -0.0565440000 -1.2390850000 -0.7392850000 -0.1140867042 -1.0737185874 -1.7788213451 0.6200000000 0.5800000000 0.5000000000
-0.0460210000 -1.2308600000 -0.7392960000 -0.1140867042 -1.0737185874 -1.7788213451 -0.0438750000 -1.2300700000 -0.7392980000 0.6200000000 0.5800000000 0.5000000000
-0.1140867042 -1.0737185874 -1.7788213451 -0.0326740000 -1.2302710000 -0.7393090000 -0.0438750000 -1.2300700000 -0.7392980000 0.6200000000 0.5800000000 0.5000000000
-0.0326740000 -1.2302710000 -0.7393090000 -0.0211010000 -1.2215840000 -0.7393210000 -0.1140867042 -1.0737185874 -1.7788213451 0.6200000000 0.5800000000 0.5000000000
0.0107150000 -1.2050560000 -0.7393520000 0.0124370000 -1.2050980000 -0.7393540000 -0.1140867042 -1.0737185874 -1.7788213451 0.6200000000 0.5800000000 0.5000000000
-0.0026930000 -1.2115580000 -0.7393390000 -0.1140867042 -1.0737185874 -1.7788213451 0.0107150000 -1.2050560000 -0.7393520000 0.6200000000 0.5800000000 0.5000000000
-0.0026930000 -1.2115580000 -0.7393390000 -0.0090190000 -1.2141210000 -0.7393330000 -0.1140867042 -1.0737185874 -1.7788213451 0.6200000000 0.5800000000 0.5000000000
-0.0190690000 -1.2205690000 -0.7393240000 -0.0090190000 -1.2141210000 -0.7393330000 -0.1140867042 -1.0737185874 -1.7788213451 0.6200000000 0.5800000000 0.5000000000
-0.1140867042 -1.0737185874 -1.7788213451 0.0148670000 -1.2035420000 -0.7393560000 0.0124370000 -1.2050980000 -0.7393540000 0.6200000000 0.5800000000 0.5000000000
-0.0190690000 -1.2205690000 -0.7393240000 -0.0211010000 -1.2215840000 -0.7393210000 -0.1140867042 -1.0737185874 -1.7788213451 0.6200000000 0.5800000000 0.5000000000
-0.4842230000 -1.1406950000 -0.7388610000 -0.1140867042 -1.0737185874 -1.7788213451 -0.4840400000 -1.1412890000 -0.7388610000 0.6200000000 0.5800000000 0.5000000000
-0.4794180000 -1.1516660000 -0.7388650000 -0.4840400000 -1.1412890000 -0.7388610000 -0.1140867042 -1.0737185874 -1.7788213451 0.6200000000 0.5800000000 0.5000000000
-0.4842230000 -1.1406950000 -0.7388610000 -0.4798810000 -1.1252050000 -0.7388650000 -0.1140867042 -1.0737185874 -1.7788213451 0.6200000000 0.5800000000 0.5000000000
-0.1140867042 -1.0737185874 -1.7788213451 -0.4798810000 -1.1252050000 -0.7388650000 -0.4754670000 -1.1094370000 -0.7388690000 0.6200000000 0.5800000000 0.5000000000
-0.1140867042 -1.0737185874 -1.7788213451 -0.4756300000 -1.1605700000 -0.7388690000 -0.4794180000 -1.1516660000 -0.7388650000 0.6200000000 0.5800000000 0.5000000000
-0.4834820000 -1.0814700000 -0.7388610000 -0.1140867042 -1.0737185874 -1.7788213451 -0.4753750000 -1.1082850000 -0.7388700000 0.6200000000 0.5800000000 0.5000000000
-0.4705370000 -0.8889850000 -0.7388740000 -0.4702560000 -0.8884450000 -0.7388740000 -0.1140867042 -1.0737185874 -1.7788213451 0.6200000000 0.5800000000 0.5000000000
-0.4710080000 -0.8907430000 -0.7388730000 -0.4705370000 -0.8889850000 -0.7388740000 -0.1140867042 -1.0737185874 -1.7788213451 0.6200000000 0.5800000000 0.5000000000
-0.4961650000 -1.0115130000 -0.7388490000 -0.1140867042 -1.0737185874 -1.7788213451 -0.4957860000 -1.0183200000 -0.7388500000 0.6200000000 0.5800000000 0.5000000000
-0.1140867042 -1.0737185874 -1.7788213451 -0.4943450000 -1.0422600000 -0.7388500000 -0.4957860000 -1.0183200000 -0.7388500000 0.6200000000 0.5800000000 0.5000000000
-0.4918320000 -1.0525750000 -0.7388530000 -0.4943450000 -1.0422600000 -0.7388500000 -0.1140867042 -1.0737185874 -1.7788213451 0.6200000000 0.5800000000 0.5000000000
-0.1140867042 -1.0737185874 -1.7788213451 -0.4834820000 -1.0814700000 -0.7388610000 -0.4918320000 -1.0525750000 -0.7388530000 0.6200000000 0.5800000000 0.5000000000
-0.1140867042 -1.0737185874 -1.7788213451 -0.4440440000 -1.2217790000 -0.7389010000 -0.4474720000 -1.2147960000 -0.7388970000 0.6200000000 0.5800000000 0.5000000000
-0.4604890000 -1.1879970000 -0.7388840000 -0.1140867042 -1.0737185874 -1.7788213451 -0.4474720000 -1.2147960000 -0.7388970000 0.6200000000 0.5800000000 0.5000000000
-0.4635510000 -1.1820560000 -0.7388810000 -0.4756300000 -1.1605700000 -0.7388690000 -0.1140867042 -1.0737185874 -1.7788213451 0.6200000000 0.5800000000 0.5000000000
-0.4310340000 -1.2362500000 -0.7389130000 -0.4440440000 -1.2217790000 -0.7389010000 -0.1140867042 -1.0737185874 -1.7788213451 0.6200000000 0.5800000000 0.5000000000
-0.1140867042 -1.0737185874 -1.7788213451 -0.4942380000 -1.0002140000 -0.7388510000 -0.4919450000 -0.9797150000 -0.7388530000 0.6200000000 0.5800000000 0.5000000000
-0.4961650000 -1.0115130000 -0.7388490000 -0.4942380000 -1.0002140000 -0.7388510000 -0.1140867042 -1.0737185874 -1.7788213451 0.6200000000 0.5800000000 0.5000000000
-0.4919450000 -0.9797150000 -0.7388530000 -0.4831240000 -0.9419780000 -0.7388620000 -0.1140867042 -1.0737185874 -1.7788213451 0.6200000000 0.5800000000 0.5000000000
-0.1900440000 -1.2689490000 -0.7391530000 -0.1585900000 -1.2661180000 -0.7391840000 -0.1140867042 -1.0737185874 -1.7788213451 0.6200000000 0.5800000000 0.5000000000
-0.1140867042 -1.0737185874 -1.7788213451 -0.3154180000 -1.2767420000 -0.7390280000 -0.3322330000 -1.2755060000 -0.7390110000 0.6200000000 0.5800000000 0.5000000000
-0.1140867042 -1.0737185874 -1.7788213451 -0.3537430000 -1.2724900000 -0.7389900000 -0.3710710000 -1.2662770000 -0.7389730000 0.6200000000 0.5800000000 0.5000000000
-0.3537430000 -1.2724900000 -0.7389900000 -0.1140867042 -1.0737185874 -1.7788213451 -0.3461150000 -1.2740810000 -0.7389970000 0.6200000000 0.5800000000 0.5000000000
-0.1140867042 -1.0737185874 -1.7788213451 -0.3710710000 -1.2662770000 -0.7389730000 -0.3818540000 -1.2609060000 -0.7389620000 0.6200000000 0.5800000000 0.5000000000
-0.1140867042 -1.0737185874 -1.7788213451 -0.3525010000 -0.6977690000 -0.7389910000 -0.3459150000 -0.6902520000 -0.7389980000 0.6200000000 0.5800000000 0.5000000000
-0.3706550000 -0.7162610000 -0.7389740000 -0.3674720000 -0.7134050000 -0.7389770000 -0.1140867042 -1.0737185874 -1.7788213451 0.6200000000 0.5800000000 0.5000000000
-0.3751850000 -0.7200750000 -0.7389690000 -0.3706550000 -0.7162610000 -0.7389740000 -0.1140867042 -1.0737185874 -1.7788213451 0.6200000000 0.5800000000 0.5000000000
-0.1140867042 -1.0737185874 -1.7788213451 -0.2735630000 -0.6397970000 -0.7390690000 -0.2726010000 -0.6395830000 -0.7390700000 0.6200000000 0.5800000000 0.5000000000
-0.2462980000 -0.6364300000 -0.7390970000 -0.1140867042 -1.0737185874 -1.7788213451 -0.2726010000 -0.6395830000 -0.7390700000 0.6200000000 0.5800000000 0.5000000000
-0.1140867042 -1.0737185874 -1.7788213451 -0.2739490000 -0.6399200000 -0.7390690000 -0.2735630000 -0.6397970000 -0.7390690000 0.6200000000 0.5800000000 0.5000000000
-0.2782170000 -0.6414800000 -0.7390650000 -0.1140867042 -1.0737185874 -1.7788213451 -0.2985100000 -0.6487910000 -0.7390450000 0.6200000000 0.5800000000 0.5000000000
-0.3276840000 -0.6745180000 -0.7390160000 -0.3071410000 -0.6542270000 -0.7390360000 -0.1140867042 -1.0737185874 -1.7788213451 0.6200000000 0.5800000000 0.5000000000
-0.1140867042 -1.0737185874 -1.7788213451 -0.2462980000 -0.6364300000 -0.7390970000 -0.2436250000 -0.6362630000 -0.7391000000 0.6200000000 0.5800000000 0.5000000000
-0.2436250000 -0.6362630000 -0.7391000000 -0.2157470000 -0.6380260000 -0.7391270000 -0.1140867042 -1.0737185874 -1.7788213451 0.6200000000 0.5800000000 0.5000000000
-0.2067680000 -0.6383070000 -0.7391360000 -0.2157470000 -0.6380260000 -0.7391270000 -0.1140867042 -1.0737185874 -1.7788213451 0.6200000000 0.5800000000 0.5000000000
-0.2067680000 -0.6383070000 -0.7391360000 -0.1867930000 -0.6405740000 -0.7391560000 -0.1140867042 -1.0737185874 -1.7788213451 0.6200000000 0.5800000000 0.5000000000
-0.1713480000 -0.6342920000 -0.7391720000 -0.1140867042 -1.0737185874 -1.7788213451 -0.1720380000 -0.6365200000 -0.7391710000 0.6200000000 0.5800000000 0.5000000000
-0.1737260000 -0.6383410000 -0.7391690000 -0.1140867042 -1.0737185874 -1.7788213451 -0.1788580000 -0.6394720000 -0.7391640000 0.6200000000 0.5800000000 0.5000000000
-0.1140867042 -1.0737185874 -1.7788213451 -0.1823580000 -0.6410130000 -0.7391610000 -0.1788580000 -0.6394720000 -0.7391640000 0.6200000000 0.5800000000 0.5000000000
-0.3751850000 -0.7200750000 -0.7389690000 -0.1140867042 -1.0737185874 -1.7788213451 -0.3825790000 -0.7294100000 -0.7389620000 0.6200000000 0.5800000000 0.5000000000
0.2071470000 -1.1118020000 -0.7395480000 0.2038410000 -1.1142730000 -0.7395440000 -0.1140867042 -1.0737185874 -1.7788213451 0.6200000000 0.5800000000 0.5000000000
0.2216730000 -1.0975190000 -0.7395620000 0.2167460000 -1.1040910000 -0.7395570000 -0.1140867042 -1.0737185874 -1.7788213451 0.6200000000 0.5800000000 0.5000000000
-0.1140867042 -1.0737185874 -1.7788213451 0.2270460000 -1.0903850000 -0.7395670000 0.2216730000 -1.0975190000 -0.7395620000 0.6200000000 0.5800000000 0.5000000000
0.2038410000 -1.1142730000 -0.7395440000 0.1907080000 -1.1279380000 -0.7395320000 -0.1140867042 -1.0737185874 -1.7788213451 0.6200000000 0.5800000000 0.5000000000
0.3462490000 -1.0059940000 -0.7396860000 0.3311490000 -1.0039030000 -0.7396710000 -0.1140867042 -1.0737185874 -1.7788213451 0.6200000000 0.5800000000 0.5000000000
-0.1140867042 -1.0737185874 -1.7788213451 0.3311490000 -1.0039030000 -0.7396710000 0.3181010000 -1.0050460000 -0.7396580000 0.6200000000 0.5800000000 0.5000000000
0.3462490000 -1.0059940000 -0.7396860000 0.3523900000 -1.0115120000 -0.7396920000 -0.1140867042 -1.0737185874 -1.7788213451 0.6200000000 0.5800000000 0.5000000000
0.3181010000 -1.0050460000 -0.7396580000 0.3059760000 -0.9999920000 -0.7396460000 -0.1140867042 -1.0737185874 -1.7788213451 0.6200000000 0.5800000000 0.5000000000
-0.1140867042 -1.0737185874 -1.7788213451 0.3059760000 -0.9999920000 -0.7396460000 0.2944380000 -1.0015680000 -0.7396350000 0.6200000000 0.5800000000 0.5000000000
0.2944380000 -1.0015680000 -0.7396350000 0.2912230000 -1.0033720000 -0.7396310000 -0.1140867042 -1.0737185874 -1.7788213451 0.6200000000 0.5800000000 0.5000000000
-0.1140867042 -1.0737185874 -1.7788213451 0.2912230000 -1.0033720000 -0.7396310000 0.2795410000 -1.0134780000 -0.7396190000 0.6200000000 0.5800000000 0.5000000000
0.3523900000 -1.0115120000 -0.7396920000 -0.1140867042 -1.0737185874 -1.7788213451 0.3701240000 -1.0196240000 -0.7397090000 0.6200000000 0.5800000000 0.5000000000
0.4219110000 -1.0282570000 -0.7397610000 -0.1140867042 -1.0737185874 -1.7788213451 0.4357080000 -1.0277340000 -0.7397750000 0.6200000000 0.5800000000 0.5000000000
0.1035260000 -0.6210230000 -0.7394450000 0.1046320000 -0.6210580000 -0.7394460000 -0.1140867042 -1.0737185874 -1.7788213451 0.6200000000 0.5800000000 0.5000000000
0.1275040000 -0.6149080000 -0.7394690000 0.1315530000 -0.6131320000 -0.7394720000 -0.1140867042 -1.0737185874 -1.7788213451 0.6200000000 0.5800000000 0.5000000000
0.1315530000 -0.6131320000 -0.7394720000 0.1483500000 -0.6034890000 -0.7394890000 -0.1140867042 -1.0737185874 -1.7788213451 0.6200000000 0.5800000000 0.5000000000
0.0856790000 -0.6260580000 -0.7394270000 0.0727570000 -0.6265910000 -0.7394130000 -0.1140867042 -1.0737185874 -1.7788213451 0.6200000000 0.5800000000 0.5000000000
0.0727570000 -0.6265910000 -0.7394130000 -0.1140867042 -1.0737185874 -1.7788213451 0.0563690000 -0.6232480000 -0.7393980000 0.6200000000 0.5800000000 0.5000000000
-0.1140867042 -1.0737185874 -1.7788213451 0.0551860000 -0.6230920000 -0.7393970000 0.0563690000 -0.6232480000 -0.7393980000 0.6200000000 0.5800000000 0.5000000000
-0.0136920000 -0.6455740000 -0.7393280000 -0.1140867042 -1.0737185874 -1.7788213451 -0.0237310000 -0.6393130000 -0.7393180000 0.6200000000 0.5800000000 0.5000000000
-0.0136920000 -0.6455740000 -0.7393280000 -0.0106830000 -0.6498150000 -0.7393310000 -0.1140867042 -1.0737185874 -1.7788213451 0.6200000000 0.5800000000 0.5000000000
-0.0056470000 -0.6567420000 -0.7393360000 -0.0106830000 -0.6498150000 -0.7393310000 -0.1140867042 -1.0737185874 -1.7788213451 0.6200000000 0.5800000000 0.5000000000
0.0000880000 -0.6589560000 -0.7393420000 0.0061680000 -0.6606250000 -0.7393470000 -0.1140867042 -1.0737185874 -1.7788213451 0.6200000000 0.5800000000 0.5000000000
-0.1140867042 -1.0737185874 -1.7788213451 -0.0056470000 -0.6567420000 -0.7393360000 0.0000880000 -0.6589560000 -0.7393420000 0.6200000000 0.5800000000 0.5000000000
0.0061680000 -0.6606250000 -0.7393470000 0.0109260000 -0.6585610000 -0.7393520000 -0.1140867042 -1.0737185874 -1.7788213451 0.6200000000 0.5800000000 0.5000000000
0.0856790000 -0.6260580000 -0.7394270000 0.0893060000 -0.6265060000 -0.7394300000 -0.1140867042 -1.0737185874 -1.7788213451 0.6200000000 0.5800000000 0.5000000000
0.1013830000 -0.6215590000 -0.7394430000 0.1035260000 -0.6210230000 -0.7394450000 -0.1140867042 -1.0737185874 -1.7788213451 0.6200000000 0.5800000000 0.5000000000
0.1013830000 -0.6215590000 -0.7394430000 0.0893060000 -0.6265060000 -0.7394300000 -0.1140867042 -1.0737185874 -1.7788213451 0.6200000000 0.5800000000 0.5000000000
0.0247180000 -0.6488890000 -0.7393670000 0.0273410000 -0.6463800000 -0.7393690000 -0.1140867042 -1.0737185874 -1.7788213451 0.6200000000 0.5800000000 0.5000000000
0.0384840000 -0.6326780000 -0.7393800000 0.0541140000 -0.6241870000 -0.7393960000 -0.1140867042 -1.0737185874 -1.7788213451 0.6200000000 0.5800000000 0.5000000000
0.0247180000 -0.6488890000 -0.7393670000 0.0109260000 -0.6585610000 -0.7393520000 -0.1140867042 -1.0737185874 -1.7788213451 0.6200000000 0.5800000000 0.5000000000
-0.0359920000 -0.6301160000 -0.7393060000 -0.0381510000 -0.6285990000 -0.7393040000 -0.1140867042 -1.0737185874 -1.7788213451 0.6200000000 0.5800000000 0.5000000000
-0.0381510000 -0.6285990000 -0.7393040000 -0.0402460000 -0.6275720000 -0.7393010000 -0.1140867042 -1.0737185874 -1.7788213451 0.6200000000 0.5800000000 0.5000000000
-0.0981670000 -0.5889180000 -0.7392440000 -0.0913840000 -0.5934190000 -0.7392510000 -0.1140867042 -1.0737185874 -1.7788213451 0.6200000000 0.5800000000 0.5000000000
-0.1140867042 -1.0737185874 -1.7788213451 0.6608790000 -0.9849880000 -0.7399980000 0.6385170000 -0.9995880000 -0.7399760000 0.6200000000 0.5800000000 0.5000000000
0.6626450000 -0.9828390000 -0.7400000000 0.6608790000 -0.9849880000 -0.7399980000 -0.1140867042 -1.0737185874 -1.7788213451 0.6200000000 0.5800000000 0.5000000000
0.6626450000 -0.9828390000 -0.7400000000 -0.1140867042 -1.0737185874 -1.7788213451 0.6733980000 -0.9748520000 -0.7400110000 0.6200000000 0.5800000000 0.5000000000
0.6334920000 -1.0018000000 -0.7399710000 0.6192260000 -1.0096040000 -0.7399570000 -0.1140867042 -1.0737185874 -1.7788213451 0.6200000000 0.5800000000 0.5000000000
0.6385170000 -0.9995880000 -0.7399760000 0.6334920000 -1.0018000000 -0.7399710000 -0.1140867042 -1.0737185874 -1.7788213451 0.6200000000 0.5800000000 0.5000000000
-0.1140867042 -1.0737185874 -1.7788213451 0.6192260000 -1.0096040000 -0.7399570000 0.6088700000 -1.0141630000 -0.7399470000 0.6200000000 0.5800000000 0.5000000000
1.2966310000 -0.6369010000 -0.7406310000 -0.1140867042 -1.0737185874 -1.7788213451 1.2981150000 -0.6353790000 -0.7406320000 0.6200000000 0.5800000000 0.5000000000
1.3002750000 -0.6328690000 -0.7406340000 1.2981150000 -0.6353790000 -0.7406320000 -0.1140867042 -1.0737185874 -1.7788213451 0.6200000000 0.5800000000 0.5000000000
1.3562050000 -0.5700000000 -0.7406900000 1.3391540000 -0.5908260000 -0.7406730000 -0.1140867042 -1.0737185874 -1.7788213451 0.6200000000 0.5800000000 0.5000000000
-0.1140867042 -1.0737185874 -1.7788213451 1.3639770000 -0.5580510000 -0.7406970000 1.3562050000 -0.5700000000 -0.7406900000 0.6200000000 0.5800000000 0.5000000000
1.3668450000 -0.5540910000 -0.7407000000 1.3639770000 -0.5580510000 -0.7406970000 -0.1140867042 -1.0737185874 -1.7788213451 0.6200000000 0.5800000000 0.5000000000
1.3824160000 -0.5384980000 -0.7407160000 -0.1140867042 -1.0737185874 -1.7788213451 1.3872120000 -0.5327060000 -0.7407210000 0.6200000000 0.5800000000 0.5000000000
-0.1140867042 -1.0737185874 -1.7788213451 1.3998540000 -0.5172000000 -0.7407330000 1.3872120000 -0.5327060000 -0.7407210000 0.6200000000 0.5800000000 0.5000000000
1.4317260000 -0.4995610000 -0.7407650000 1.4315850000 -0.4996870000 -0.7407650000 -0.1140867042 -1.0737185874 -1.7788213451 0.6200000000 0.5800000000 0.5000000000
1.4318050000 -0.4995300000 -0.7407650000 1.4317260000 -0.4995610000 -0.7407650000 -0.1140867042 -1.0737185874 -1.7788213451 0.6200000000 0.5800000000 0.5000000000
1.4318050000 -0.4995300000 -0.7407650000 -0.1140867042 -1.0737185874 -1.7788213451 1.4318850000 -0.4994060000 -0.7407650000 0.6200000000 0.5800000000 0.5000000000
1.4323660000 -0.5005160000 -0.7407650000 1.4318850000 -0.4994060000 -0.7407650000 -0.1140867042 -1.0737185874 -1.7788213451 0.6200000000 0.5800000000 0.5000000000
1.4429360000 -0.5227290000 -0.7407760000 -0.1140867042 -1.0737185874 -1.7788213451 1.4568210000 -0.5542370000 -0.7407900000 0.6200000000 0.5800000000 0.5000000000
1.5123440000 -0.5692260000 -0.7408450000 1.5009390000 -0.5781710000 -0.7408340000 -0.1140867042 -1.0737185874 -1.7788213451 0.6200000000 0.5800000000 0.5000000000
1.5182250000 -0.5623620000 -0.7408510000 -0.1140867042 -1.0737185874 -1.7788213451 1.5228850000 -0.5544640000 -0.7408560000 0.6200000000 0.5800000000 0.5000000000
-0.1140867042 -1.0737185874 -1.7788213451 1.5182250000 -0.5623620000 -0.7408510000 1.5123440000 -0.5692260000 -0.7408450000 0.6200000000 0.5800000000 0.5000000000
-0.1140867042 -1.0737185874 -1.7788213451 1.5394060000 -0.4855860000 -0.7408710000 1.5375970000 -0.4941950000 -0.7408700000 0.6200000000 0.5800000000 0.5000000000
1.5303520000 -0.5202930000 -0.7408630000 -0.1140867042 -1.0737185874 -1.7788213451 1.5375970000 -0.4941950000 -0.7408700000 0.6200000000 0.5800000000 0.5000000000
1.5303520000 -0.5202930000 -0.7408630000 1.5235130000 -0.5506590000 -0.7408560000 -0.1140867042 -1.0737185874 -1.7788213451 0.6200000000 0.5800000000 0.5000000000
1.5394060000 -0.4855860000 -0.7408710000 -0.1140867042 -1.0737185874 -1.7788213451 1.5450880000 -0.4654470000 -0.7408770000 0.6200000000 0.5800000000 0.5000000000
1.5517240000 -0.4520450000 -0.7408840000 1.5450880000 -0.4654470000 -0.7408770000 -0.1140867042 -1.0737185874 -1.7788213451 0.6200000000 0.5800000000 0.5000000000
-0.1140867042 -1.0737185874 -1.7788213451 1.5545200000 -0.4451550000 -0.7408870000 1.5517240000 -0.4520450000 -0.7408840000 0.6200000000 0.5800000000 0.5000000000
1.5582640000 -0.4356120000 -0.7408910000 -0.1140867042 -1.0737185874 -1.7788213451 1.5611250000 -0.4309170000 -0.7408930000 0.6200000000 0.5800000000 0.5000000000
-0.1140867042 -1.0737185874 -1.7788213451 1.5582640000 -0.4356120000 -0.7408910000 1.5545200000 -0.4451550000 -0.7408870000 0.6200000000 0.5800000000 0.5000000000
-0.1140867042 -1.0737185874 -1.7788213451 1.5697290000 -0.4179420000 -0.7409020000 1.5611250000 -0.4309170000 -0.7408930000 0.6200000000 0.5800000000 0.5000000000
1.5697290000 -0.4179420000 -0.7409020000 -0.1140867042 -1.0737185874 -1.7788213451 1.5808910000 -0.3932380000 -0.7409140000 0.6200000000 0.5800000000 0.5000000000
-0.1140867042 -1.0737185874 -1.7788213451 1.6437080000 0.0895800000 -0.7409750000 1.6441560000 0.0883600000 -0.7409760000 0.6200000000 0.5800000000 0.5000000000
1.7069770000 0.0044210000 -0.7410380000 -0.1140867042 -1.0737185874 -1.7788213451 1.7096250000 0.0169550000 -0.7410410000 0.6200000000 0.5800000000 0.5000000000
1.7034550000 -0.0146280000 -0.7410350000 -0.1140867042 -1.0737185874 -1.7788213451 1.7069770000 0.0044210000 -0.7410380000 0.6200000000 0.5800000000 0.5000000000
-0.1140867042 -1.0737185874 -1.7788213451 1.7034550000 -0.0146280000 -0.7410350000 1.6992530000 -0.0422360000 -0.7410310000 0.6200000000 0.5800000000 0.5000000000
1.6966120000 -0.0928590000 -0.7410280000 -0.1140867042 -1.0737185874 -1.7788213451 1.6965420000 -0.0811560000 -0.7410280000 0.6200000000 0.5800000000 0.5000000000
1.6965420000 -0.0811560000 -0.7410280000 -0.1140867042 -1.0737185874 -1.7788213451 1.6979480000 -0.0584960000 -0.7410300000 0.6200000000 0.5800000000 0.5000000000
-0.1140867042 -1.0737185874 -1.7788213451 1.6966120000 -0.0928590000 -0.7410280000 1.6938430000 -0.1144000000 -0.7410250000 0.6200000000 0.5800000000 0.5000000000
-0.1140867042 -1.0737185874 -1.7788213451 1.6988940000 -0.0461410000 -0.7410300000 1.6987420000 -0.0515870000 -0.7410310000 0.6200000000 0.5800000000 0.5000000000
-0.1140867042 -1.0737185874 -1.7788213451 1.6992530000 -0.0422360000 -0.7410310000 1.6988940000 -0.0461410000 -0.7410300000 0.6200000000 0.5800000000 0.5000000000
-0.1140867042 -1.0737185874 -1.7788213451 1.6894450000 -0.1893050000 -0.7410210000 1.6888840000 -0.1971340000 -0.7410200000 0.6200000000 0.5800000000 0.5000000000
1.6921030000 -0.1683180000 -0.7410240000 -0.1140867042 -1.0737185874 -1.7788213451 1.6925060000 -0.1525080000 -0.7410240000 0.6200000000 0.5800000000 0.5000000000
1.6894450000 -0.1893050000 -0.7410210000 -0.1140867042 -1.0737185874 -1.7788213451 1.6921030000 -0.1683180000 -0.7410240000 0.6200000000 0.5800000000 0.5000000000
-0.1140867042 -1.0737185874 -1.7788213451 1.6926640000 -0.1277850000 -0.7410240000 1.6925060000 -0.1525080000 -0.7410240000 0.6200000000 0.5800000000 0.5000000000
1.6926640000 -0.1277850000 -0.7410240000 -0.1140867042 -1.0737185874 -1.7788213451 1.6937580000 -0.1223450000 -0.7410250000 0.6200000000 0.5800000000 0.5000000000
1.6937580000 -0.1223450000 -0.7410250000 -0.1140867042 -1.0737185874 -1.7788213451 1.6938430000 -0.1144000000 -0.7410250000 0.6200000000 0.5800000000 0.5000000000
1.6193050000 -0.3259080000 -0.7409510000 -0.1140867042 -1.0737185874 -1.7788213451 1.6249880000 -0.3123350000 -0.7409570000 0.6200000000 0.5800000000 0.5000000000
1.6193050000 -0.3259080000 -0.7409510000 1.6129600000 -0.3401670000 -0.7409450000 -0.1140867042 -1.0737185874 -1.7788213451 0.6200000000 0.5800000000 0.5000000000
-0.1140867042 -1.0737185874 -1.7788213451 1.6292670000 -0.3041720000 -0.7409610000 1.6249880000 -0.3123350000 -0.7409570000 0.6200000000 0.5800000000 0.5000000000
1.6055560000 -0.3610600000 -0.7409370000 -0.1140867042 -1.0737185874 -1.7788213451 1.6123900000 -0.3418240000 -0.7409440000 0.6200000000 0.5800000000 0.5000000000
-0.1140867042 -1.0737185874 -1.7788213451 1.6050850000 -0.3620550000 -0.7409370000 1.6035390000 -0.3641070000 -0.7409350000 0.6200000000 0.5800000000 0.5000000000
-0.1140867042 -1.0737185874 -1.7788213451 1.5826660000 -0.3902450000 -0.7409150000 1.5818410000 -0.3914400000 -0.7409140000 0.6200000000 0.5800000000 0.5000000000
1.5826660000 -0.3902450000 -0.7409150000 -0.1140867042 -1.0737185874 -1.7788213451 1.6035390000 -0.3641070000 -0.7409350000 0.6200000000 0.5800000000 0.5000000000
-0.1140867042 -1.0737185874 -1.7788213451 1.6559570000 -0.2435720000 -0.7409880000 1.6541720000 -0.2457270000 -0.7409850000 0.6200000000 0.5800000000 0.5000000000
1.6559570000 -0.2435720000 -0.7409880000 1.6583420000 -0.2442580000 -0.7409900000 -0.1140867042 -1.0737185874 -1.7788213451 0.6200000000 0.5800000000 0.5000000000
1.6706660000 -0.2483040000 -0.7410020000 1.6583420000 -0.2442580000 -0.7409900000 -0.1140867042 -1.0737185874 -1.7788213451 0.6200000000 0.5800000000 0.5000000000
1.6706660000 -0.2483040000 -0.7410020000 -0.1140867042 -1.0737185874 -1.7788213451 1.6751850000 -0.2474150000 -0.7410070000 0.6200000000 0.5800000000 0.5000000000
-0.1140867042 -1.0737185874 -1.7788213451 1.6800110000 -0.2454310000 -0.7410120000 1.6751850000 -0.2474150000 -0.7410070000 0.6200000000 0.5800000000 0.5000000000
1.6840060000 -0.2404520000 -0.7410160000 -0.1140867042 -1.0737185874 -1.7788213451 1.6879470000 -0.2324090000 -0.7410190000 0.6200000000 0.5800000000 0.5000000000
1.6840060000 -0.2404520000 -0.7410160000 1.6800110000 -0.2454310000 -0.7410120000 -0.1140867042 -1.0737185874 -1.7788213451 0.6200000000 0.5800000000 0.5000000000
-0.1140867042 -1.0737185874 -1.7788213451 1.6897140000 -0.2216590000 -0.7410210000 1.6890330000 -0.2296120000 -0.7410210000 0.6200000000 0.5800000000 0.5000000000
1.6894100000 -0.2072120000 -0.7410210000 1.6897140000 -0.2216590000 -0.7410210000 -0.1140867042 -1.0737185874 -1.7788213451 0.6200000000 0.5800000000 0.5000000000
1.6483950000 -0.2497510000 -0.7409800000 -0.1140867042 -1.0737185874 -1.7788213451 1.6541720000 -0.2457270000 -0.7409850000 0.6200000000 0.5800000000 0.5000000000
1.6483950000 -0.2497510000 -0.7409800000 1.6462340000 -0.2540230000 -0.7409780000 -0.1140867042 -1.0737185874 -1.7788213451 0.6200000000 0.5800000000 0.5000000000
1.6366030000 -0.2862190000 -0.7409690000 -0.1140867042 -1.0737185874 -1.7788213451 1.6389380000 -0.2792310000 -0.7409710000 0.6200000000 0.5800000000 0.5000000000
-0.1140867042 -1.0737185874 -1.7788213451 1.6462340000 -0.2540230000 -0.7409780000 1.6433340000 -0.2631830000 -0.7409750000 0.6200000000 0.5800000000 0.5000000000
1.6337720000 -0.2923090000 -0.7409650000 -0.1140867042 -1.0737185874 -1.7788213451 1.6366030000 -0.2862190000 -0.7409690000 0.6200000000 0.5800000000 0.5000000000
1.6894100000 -0.2072120000 -0.7410210000 -0.1140867042 -1.0737185874 -1.7788213451 1.6888840000 -0.1971340000 -0.7410200000 0.6200000000 0.5800000000 0.5000000000
1.6584560000 0.0505720000 -0.7409900000 -0.1140867042 -1.0737185874 -1.7788213451 1.6535560000 0.0641240000 -0.7409850000 0.6200000000 0.5800000000 0.5000000000
1.6598520000 0.0498770000 -0.7409920000 -0.1140867042 -1.0737185874 -1.7788213451 1.6584560000 0.0505720000 -0.7409900000 0.6200000000 0.5800000000 0.5000000000
1.6983610000 0.0488290000 -0.7410300000 1.6815230000 0.0482670000 -0.7410130000 -0.1140867042 -1.0737185874 -1.7788213451 0.6200000000 0.5800000000 0.5000000000
-0.1140867042 -1.0737185874 -1.7788213451 1.2324020000 -0.7207160000 -0.7405670000 1.2256130000 -0.7312470000 -0.7405600000 0.6200000000 0.5800000000 0.5000000000
-0.1140867042 -1.0737185874 -1.7788213451 1.2396950000 -0.7115500000 -0.7405740000 1.2324020000 -0.7207160000 -0.7405670000 0.6200000000 0.5800000000 0.5000000000
1.2256130000 -0.7312470000 -0.7405600000 1.2068200000 -0.7564390000 -0.7405410000 -0.1140867042 -1.0737185874 -1.7788213451 0.6200000000 0.5800000000 0.5000000000
1.2466020000 -0.7010440000 -0.7405810000 1.2396950000 -0.7115500000 -0.7405740000 -0.1140867042 -1.0737185874 -1.7788213451 0.6200000000 0.5800000000 0.5000000000
1.2577310000 -0.6879820000 -0.7405920000 1.2466020000 -0.7010440000 -0.7405810000 -0.1140867042 -1.0737185874 -1.7788213451 0.6200000000 0.5800000000 0.5000000000
-0.1140867042 -1.0737185874 -1.7788213451 1.2641200000 -0.6798630000 -0.7405980000 1.2577310000 -0.6879820000 -0.7405920000 0.6200000000 0.5800000000 0.5000000000
-0.1140867042 -1.0737185874 -1.7788213451 1.2660730000 -0.6771450000 -0.7406000000 1.2641200000 -0.6798630000 -0.7405980000 0.6200000000 0.5800000000 0.5000000000
1.2743990000 -0.6637720000 -0.7406090000 1.2660730000 -0.6771450000 -0.7406000000 -0.1140867042 -1.0737185874 -1.7788213451 0.6200000000 0.5800000000 0.5000000000
1.2814690000 -0.6576880000 -0.7406150000 1.2743990000 -0.6637720000 -0.7406090000 -0.1140867042 -1.0737185874 -1.7788213451 0.6200000000 0.5800000000 0.5000000000
1.2966310000 -0.6369010000 -0.7406310000 1.2957530000 -0.6381900000 -0.7406300000 -0.1140867042 -1.0737185874 -1.7788213451 0.6200000000 0.5800000000 0.5000000000
1.4846490000 -0.5763850000 -0.7408180000 1.4638210000 -0.5687260000 -0.7407970000 -0.1140867042 -1.0737185874 -1.7788213451 0.6200000000 0.5800000000 0.5000000000
1.4846490000 -0.5763850000 -0.7408180000 1.4919480000 -0.5789740000 -0.7408250000 -0.1140867042 -1.0737185874 -1.7788213451 0.6200000000 0.5800000000 0.5000000000
-0.1140867042 -1.0737185874 -1.7788213451 1.3382450000 -0.5915730000 -0.7406720000 1.3301880000 -0.5970090000 -0.7406640000 0.6200000000 0.5800000000 0.5000000000
-0.1140867042 -1.0737185874 -1.7788213451 1.3391540000 -0.5908260000 -0.7406730000 1.3382450000 -0.5915730000 -0.7406720000 0.6200000000 0.5800000000 0.5000000000
-0.1140867042 -1.0737185874 -1.7788213451 1.3275870000 -0.5987160000 -0.7406620000 1.3143250000 -0.6138790000 -0.7406480000 0.6200000000 0.5800000000 0.5000000000
-0.1140867042 -1.0737185874 -1.7788213451 1.3143250000 -0.6138790000 -0.7406480000 1.3002750000 -0.6328690000 -0.7406340000 0.6200000000 0.5800000000 0.5000000000
1.3275870000 -0.5987160000 -0.7406620000 -0.1140867042 -1.0737185874 -1.7788213451 1.3301880000 -0.5970090000 -0.7406640000 0.6200000000 0.5800000000 0.5000000000
1.4919480000 -0.5789740000 -0.7408250000 1.4959400000 -0.5795810000 -0.7408290000 -0.1140867042 -1.0737185874 -1.7788213451 0.6200000000 0.5800000000 0.5000000000
1.1888740000 -0.7787020000 -0.7405230000 1.1821770000 -0.7870880000 -0.7405170000 -0.1140867042 -1.0737185874 -1.7788213451 0.6200000000 0.5800000000 0.5000000000
-0.1140867042 -1.0737185874 -1.7788213451 1.1821770000 -0.7870880000 -0.7405170000 1.1754260000 -0.7969930000 -0.7405100000 0.6200000000 0.5800000000 0.5000000000
1.1594140000 -0.8118990000 -0.7404940000 -0.1140867042 -1.0737185874 -1.7788213451 1.1754260000 -0.7969930000 -0.7405100000 0.6200000000 0.5800000000 0.5000000000
1.1491880000 -0.8266250000 -0.7404840000 1.1411500000 -0.8342900000 -0.7404760000 -0.1140867042 -1.0737185874 -1.7788213451 0.6200000000 0.5800000000 0.5000000000
-0.1140867042 -1.0737185874 -1.7788213451 1.1594140000 -0.8118990000 -0.7404940000 1.1491880000 -0.8266250000 -0.7404840000 0.6200000000 0.5800000000 0.5000000000
-0.1140867042 -1.0737185874 -1.7788213451 1.1411500000 -0.8342900000 -0.7404760000 1.1314080000 -0.8422340000 -0.7404670000 0.6200000000 0.5800000000 0.5000000000
-0.1140867042 -1.0737185874 -1.7788213451 1.1999080000 -0.7672490000 -0.7405340000 1.1888740000 -0.7787020000 -0.7405230000 0.6200000000 0.5800000000 0.5000000000
-0.1140867042 -1.0737185874 -1.7788213451 1.2068200000 -0.7564390000 -0.7405410000 1.1999080000 -0.7672490000 -0.7405340000 0.6200000000 0.5800000000 0.5000000000
1.0240730000 -0.8876960000 -0.7403600000 1.0100190000 -0.8921990000 -0.7403450000 -0.1140867042 -1.0737185874 -1.7788213451 0.6200000000 0.5800000000 0.5000000000
1.0290090000 -0.8860380000 -0.7403650000 1.0240730000 -0.8876960000 -0.7403600000 -0.1140867042 -1.0737185874 -1.7788213451 0.6200000000 0.5800000000 0.5000000000
1.0290090000 -0.8860380000 -0.7403650000 -0.1140867042 -1.0737185874 -1.7788213451 1.0353660000 -0.8843910000 -0.7403710000 0.6200000000 0.5800000000 0.5000000000
-0.1140867042 -1.0737185874 -1.7788213451 1.0441220000 -0.8812420000 -0.7403800000 1.0353660000 -0.8843910000 -0.7403710000 0.6200000000 0.5800000000 0.5000000000
-0.1140867042 -1.0737185874 -1.7788213451 1.0543140000 -0.8756180000 -0.7403900000 1.0441220000 -0.8812420000 -0.7403800000 0.6200000000 0.5800000000 0.5000000000
1.0543140000 -0.8756180000 -0.7403900000 -0.1140867042 -1.0737185874 -1.7788213451 1.0689860000 -0.8708870000 -0.7404050000 0.6200000000 0.5800000000 0.5000000000
-0.1140867042 -1.0737185874 -1.7788213451 1.0877180000 -0.8624080000 -0.7404230000 1.0689860000 -0.8708870000 -0.7404050000 0.6200000000 0.5800000000 0.5000000000
1.0877180000 -0.8624080000 -0.7404230000 -0.1140867042 -1.0737185874 -1.7788213451 1.1003900000 -0.8588470000 -0.7404360000 0.6200000000 0.5800000000 0.5000000000
-0.1140867042 -1.0737185874 -1.7788213451 1.1041470000 -0.8580900000 -0.7404390000 1.1003900000 -0.8588470000 -0.7404360000 0.6200000000 0.5800000000 0.5000000000
1.1284930000 -0.8441200000 -0.7404640000 1.1095210000 -0.8550320000 -0.7404450000 -0.1140867042 -1.0737185874 -1.7788213451 0.6200000000 0.5800000000 0.5000000000
-0.1140867042 -1.0737185874 -1.7788213451 1.1095210000 -0.8550320000 -0.7404450000 1.1041470000 -0.8580900000 -0.7404390000 0.6200000000 0.5800000000 0.5000000000
-0.1140867042 -1.0737185874 -1.7788213451 1.1314080000 -0.8422340000 -0.7404670000 1.1284930000 -0.8441200000 -0.7404640000 0.6200000000 0.5800000000 0.5000000000
-0.1140867042 -1.0737185874 -1.7788213451 1.4134770000 -0.5137970000 -0.7407470000 1.3998540000 -0.5172000000 -0.7407330000 0.6200000000 0.5800000000 0.5000000000
0.8539010000 -0.8862000000 -0.7401910000 -0.1140867042 -1.0737185874 -1.7788213451 0.8712120000 -0.8853250000 -0.7402080000 0.6200000000 0.5800000000 0.5000000000
0.8539010000 -0.8862000000 -0.7401910000 0.8403890000 -0.8874710000 -0.7401770000 -0.1140867042 -1.0737185874 -1.7788213451 0.6200000000 0.5800000000 0.5000000000
0.7846950000 -0.8892010000 -0.7401220000 0.8175820000 -0.8892690000 -0.7401550000 -0.1140867042 -1.0737185874 -1.7788213451 0.6200000000 0.5800000000 0.5000000000
0.7753190000 -0.8881980000 -0.7401120000 -0.1140867042 -1.0737185874 -1.7788213451 0.7846950000 -0.8892010000 -0.7401220000 0.6200000000 0.5800000000 0.5000000000
0.7154850000 -0.8922520000 -0.7400530000 0.7110530000 -0.9025120000 -0.7400480000 -0.1140867042 -1.0737185874 -1.7788213451 0.6200000000 0.5800000000 0.5000000000
0.7195000000 -0.8898260000 -0.7400570000 0.7154850000 -0.8922520000 -0.7400530000 -0.1140867042 -1.0737185874 -1.7788213451 0.6200000000 0.5800000000 0.5000000000
-0.1140867042 -1.0737185874 -1.7788213451 0.7262270000 -0.8872000000 -0.7400640000 0.7195000000 -0.8898260000 -0.7400570000 0.6200000000 0.5800000000 0.5000000000
0.6967840000 -0.9432350000 -0.7400340000 -0.1140867042 -1.0737185874 -1.7788213451 0.7056000000 -0.9180440000 -0.7400430000 0.6200000000 0.5800000000 0.5000000000
0.6967840000 -0.9432350000 -0.7400340000 0.6912120000 -0.9553950000 -0.7400290000 -0.1140867042 -1.0737185874 -1.7788213451 0.6200000000 0.5800000000 0.5000000000
0.7262270000 -0.8872000000 -0.7400640000 0.7367310000 -0.8875260000 -0.7400740000 -0.1140867042 -1.0737185874 -1.7788213451 0.6200000000 0.5800000000 0.5000000000
0.7446120000 -0.8858790000 -0.7400820000 0.7367310000 -0.8875260000 -0.7400740000 -0.1140867042 -1.0737185874 -1.7788213451 0.6200000000 0.5800000000 0.5000000000
-0.1140867042 -1.0737185874 -1.7788213451 0.7753190000 -0.8881980000 -0.7401120000 0.7588910000 -0.8886810000 -0.7400970000 0.6200000000 0.5800000000 0.5000000000
0.7446120000 -0.8858790000 -0.7400820000 0.7588910000 -0.8886810000 -0.7400970000 -0.1140867042 -1.0737185874 -1.7788213451 0.6200000000 0.5800000000 0.5000000000
-0.1140867042 -1.0737185874 -1.7788213451 0.8749410000 -0.8847780000 -0.7402120000 0.8712120000 -0.8853250000 -0.7402080000 0.6200000000 0.5800000000 0.5000000000
0.5092520000 -1.0269820000 -0.7398480000 0.5239190000 -1.0288120000 -0.7398630000 -0.1140867042 -1.0737185874 -1.7788213451 0.6200000000 0.5800000000 0.5000000000
0.1940820000 -0.5516210000 -0.7395340000 0.2043970000 -0.5453260000 -0.7395450000 -0.1140867042 -1.0737185874 -1.7788213451 0.6200000000 0.5800000000 0.5000000000
0.2043970000 -0.5453260000 -0.7395450000 0.2186750000 -0.5322060000 -0.7395590000 -0.1140867042 -1.0737185874 -1.7788213451 0.6200000000 0.5800000000 0.5000000000
0.4050640000 -0.2080740000 -0.7397440000 0.4041260000 -0.2096030000 -0.7397430000 -0.1140867042 -1.0737185874 -1.7788213451 0.6200000000 0.5800000000 0.5000000000
0.6058510000 0.2852610000 -0.7399350000 -0.1140867042 -1.0737185874 -1.7788213451 0.5988700000 0.2739680000 -0.7399370000 0.6200000000 0.5800000000 0.5000000000
-0.1140867042 -1.0737185874 -1.7788213451 1.1329300000 0.5871130000 -0.7404680000 1.1535720000 0.5829840000 -0.7404880000 0.6200000000 0.5800000000 0.5000000000
1.1551530000 0.5826950000 -0.7404900000 -0.1140867042 -1.0737185874 -1.7788213451 1.1535720000 0.5829840000 -0.7404880000 0.6200000000 0.5800000000 0.5000000000
1.2971600000 0.5130770000 -0.7406310000 1.3199680000 0.4989200000 -0.7406540000 -0.1140867042 -1.0737185874 -1.7788213451 0.6200000000 0.5800000000 0.5000000000
1.2653790000 0.5307180000 -0.7405990000 1.2941610000 0.5143740000 -0.7406280000 -0.1140867042 -1.0737185874 -1.7788213451 0.6200000000 0.5800000000 0.5000000000
-0.1140867042 -1.0737185874 -1.7788213451 1.2949450000 0.5140360000 -0.7406290000 1.2971600000 0.5130770000 -0.7406310000 0.6200000000 0.5800000000 0.5000000000
1.3418090000 0.4820140000 -0.7406760000 1.3508130000 0.4766240000 -0.7406850000 -0.1140867042 -1.0737185874 -1.7788213451 0.6200000000 0.5800000000 0.5000000000
1.4338950000 0.4221080000 -0.7407670000 1.4367710000 0.4194120000 -0.7407700000 -0.1140867042 -1.0737185874 -1.7788213451 0.6200000000 0.5800000000 0.5000000000
1.5368040000 0.3252610000 -0.7408690000 1.5442170000 0.3155060000 -0.7408770000 -0.1140867042 -1.0737185874 -1.7788213451 0.6200000000 0.5800000000 0.5000000000
1.5610320000 0.2970730000 -0.7408930000 1.5628910000 0.2936090000 -0.7408950000 -0.1140867042 -1.0737185874 -1.7788213451 0.6200000000 0.5800000000 0.5000000000
-0.1140867042 -1.0737185874 -1.7788213451 1.5442170000 0.3155060000 -0.7408770000 1.5610320000 0.2970730000 -0.7408930000 0.6200000000 0.5800000000 0.5000000000
-0.1140867042 -1.0737185874 -1.7788213451 1.2941610000 0.5143740000 -0.7406280000 1.2949450000 0.5140360000 -0.7406290000 0.6200000000 0.5800000000 0.5000000000
-0.1140867042 -1.0737185874 -1.7788213451 0.9820200000 0.6658840000 -0.7403180000 0.9886770000 0.6641750000 -0.7403240000 0.6200000000 0.5800000000 0.5000000000
-0.1140867042 -1.0737185874 -1.7788213451 0.9726900000 0.6676090000 -0.7403080000 0.9820200000 0.6658840000 -0.7403180000 0.6200000000 0.5800000000 0.5000000000
0.9152700000 0.6659590000 -0.7402510000 0.9086280000 0.6638150000 -0.7402450000 -0.1140867042 -1.0737185874 -1.7788213451 0.6200000000 0.5800000000 0.5000000000
-0.1140867042 -1.0737185874 -1.7788213451 0.6912120000 -0.9553950000 -0.7400290000 0.6873840000 -0.9595920000 -0.7400250000 0.6200000000 0.5800000000 0.5000000000
-0.1140867042 -1.0737185874 -1.7788213451 0.7089190000 -0.9084080000 -0.7400470000 0.7056000000 -0.9180440000 -0.7400430000 0.6200000000 0.5800000000 0.5000000000
0.7110530000 -0.9025120000 -0.7400480000 0.7089190000 -0.9084080000 -0.7400470000 -0.1140867042 -1.0737185874 -1.7788213451 0.6200000000 0.5800000000 0.5000000000
-0.1140867042 -1.0737185874 -1.7788213451 0.8308390000 -0.8881920000 -0.7401680000 0.8175820000 -0.8892690000 -0.7401550000 0.6200000000 0.5800000000 0.5000000000
-0.1140867042 -1.0737185874 -1.7788213451 1.0100190000 -0.8921990000 -0.7403450000 1.0061090000 -0.8928800000 -0.7403420000 0.6200000000 0.5800000000 0.5000000000
-0.1140867042 -1.0737185874 -1.7788213451 1.5009390000 -0.5781710000 -0.7408340000 1.4959400000 -0.5795810000 -0.7408290000 0.6200000000 0.5800000000 0.5000000000
-0.1140867042 -1.0737185874 -1.7788213451 1.4568210000 -0.5542370000 -0.7407900000 1.4638210000 -0.5687260000 -0.7407970000 0.6200000000 0.5800000000 0.5000000000
-0.1140867042 -1.0737185874 -1.7788213451 1.2957530000 -0.6381900000 -0.7406300000 1.2814690000 -0.6576880000 -0.7406150000 0.6200000000 0.5800000000 0.5000000000
1.6444310000 0.0867720000 -0.7409760000 1.6535560000 0.0641240000 -0.7409850000 -0.1140867042 -1.0737185874 -1.7788213451 0.6200000000 0.5800000000 0.5000000000
1.7047310000 0.0436090000 -0.7410360000 1.7077680000 0.0384670000 -0.7410390000 -0.1140867042 -1.0737185874 -1.7788213451 0.6200000000 0.5800000000 0.5000000000
-0.1140867042 -1.0737185874 -1.7788213451 1.6983610000 0.0488290000 -0.7410300000 1.7047310000 0.0436090000 -0.7410360000 0.6200000000 0.5800000000 0.5000000000
-0.1140867042 -1.0737185874 -1.7788213451 1.6780090000 0.0472500000 -0.7410100000 1.6815230000 0.0482670000 -0.7410130000 0.6200000000 0.5800000000 0.5000000000
-0.1140867042 -1.0737185874 -1.7788213451 1.6752250000 0.0455800000 -0.7410070000 1.6780090000 0.0472500000 -0.7410100000 0.6200000000 0.5800000000 0.5000000000
1.6598520000 0.0498770000 -0.7409920000 1.6752250000 0.0455800000 -0.7410070000 -0.1140867042 -1.0737185874 -1.7788213451 0.6200000000 0.5800000000 0.5000000000
1.6337720000 -0.2923090000 -0.7409650000 1.6292670000 -0.3041720000 -0.7409610000 -0.1140867042 -1.0737185874 -1.7788213451 0.6200000000 0.5800000000 0.5000000000
1.6433340000 -0.2631830000 -0.7409750000 1.6389380000 -0.2792310000 -0.7409710000 -0.1140867042 -1.0737185874 -1.7788213451 0.6200000000 0.5800000000 0.5000000000
1.6890330000 -0.2296120000 -0.7410210000 1.6879470000 -0.2324090000 -0.7410190000 -0.1140867042 -1.0737185874 -1.7788213451 0.6200000000 0.5800000000 0.5000000000
-0.1140867042 -1.0737185874 -1.7788213451 1.6055560000 -0.3610600000 -0.7409370000 1.6050850000 -0.3620550000 -0.7409370000 0.6200000000 0.5800000000 0.5000000000
1.6129600000 -0.3401670000 -0.7409450000 1.6123900000 -0.3418240000 -0.7409440000 -0.1140867042 -1.0737185874 -1.7788213451 0.6200000000 0.5800000000 0.5000000000
1.6987420000 -0.0515870000 -0.7410310000 1.6979480000 -0.0584960000 -0.7410300000 -0.1140867042 -1.0737185874 -1.7788213451 0.6200000000 0.5800000000 0.5000000000
-0.1140867042 -1.0737185874 -1.7788213451 1.7077680000 0.0384670000 -0.7410390000 1.7078210000 0.0302850000 -0.7410390000 0.6200000000 0.5800000000 0.5000000000
-0.1140867042 -1.0737185874 -1.7788213451 1.7078210000 0.0302850000 -0.7410390000 1.7096250000 0.0169550000 -0.7410410000 0.6200000000 0.5800000000 0.5000000000
1.6441560000 0.0883600000 -0.7409760000 1.6444310000 0.0867720000 -0.7409760000 -0.1140867042 -1.0737185874 -1.7788213451 0.6200000000 0.5800000000 0.5000000000
1.5818410000 -0.3914400000 -0.7409140000 1.5808910000 -0.3932380000 -0.7409140000 -0.1140867042 -1.0737185874 -1.7788213451 0.6200000000 0.5800000000 0.5000000000
1.5235130000 -0.5506590000 -0.7408560000 1.5228850000 -0.5544640000 -0.7408560000 -0.1140867042 -1.0737185874 -1.7788213451 0.6200000000 0.5800000000 0.5000000000
-0.1140867042 -1.0737185874 -1.7788213451 1.4323660000 -0.5005160000 -0.7407650000 1.4429360000 -0.5227290000 -0.7407760000 0.6200000000 0.5800000000 0.5000000000
-0.1140867042 -1.0737185874 -1.7788213451 1.4315850000 -0.4996870000 -0.7407650000 1.4134770000 -0.5137970000 -0.7407470000 0.6200000000 0.5800000000 0.5000000000
-0.1140867042 -1.0737185874 -1.7788213451 1.3824160000 -0.5384980000 -0.7407160000 1.3668450000 -0.5540910000 -0.7407000000 0.6200000000 0.5800000000 0.5000000000
-0.1140867042 -1.0737185874 -1.7788213451 0.6873840000 -0.9595920000 -0.7400250000 0.6853470000 -0.9626200000 -0.7400230000 0.6200000000 0.5800000000 0.5000000000
0.6853470000 -0.9626200000 -0.7400230000 0.6733980000 -0.9748520000 -0.7400110000 -0.1140867042 -1.0737185874 -1.7788213451 0.6200000000 0.5800000000 0.5000000000
-0.1140867042 -1.0737185874 -1.7788213451 0.8354780000 -0.8873440000 -0.7401720000 0.8403890000 -0.8874710000 -0.7401770000 0.6200000000 0.5800000000 0.5000000000
0.8354780000 -0.8873440000 -0.7401720000 0.8308390000 -0.8881920000 -0.7401680000 -0.1140867042 -1.0737185874 -1.7788213451 0.6200000000 0.5800000000 0.5000000000
-0.1140867042 -1.0737185874 -1.7788213451 -0.1521830000 -0.5879270000 -0.7391900000 -0.1351410000 -0.5764040000 -0.7392080000 0.6200000000 0.5800000000 0.5000000000
0.0384840000 -0.6326780000 -0.7393800000 0.0273410000 -0.6463800000 -0.7393690000 -0.1140867042 -1.0737185874 -1.7788213451 0.6200000000 0.5800000000 0.5000000000
-0.0237310000 -0.6393130000 -0.7393180000 -0.0359920000 -0.6301160000 -0.7393060000 -0.1140867042 -1.0737185874 -1.7788213451 0.6200000000 0.5800000000 0.5000000000
0.0551860000 -0.6230920000 -0.7393970000 0.0541140000 -0.6241870000 -0.7393960000 -0.1140867042 -1.0737185874 -1.7788213451 0.6200000000 0.5800000000 0.5000000000
0.1527530000 -0.6012580000 -0.7394930000 0.1483500000 -0.6034890000 -0.7394890000 -0.1140867042 -1.0737185874 -1.7788213451 0.6200000000 0.5800000000 0.5000000000
0.1275040000 -0.6149080000 -0.7394690000 0.1046320000 -0.6210580000 -0.7394460000 -0.1140867042 -1.0737185874 -1.7788213451 0.6200000000 0.5800000000 0.5000000000
0.3701240000 -1.0196240000 -0.7397090000 0.3837200000 -1.0230250000 -0.7397230000 -0.1140867042 -1.0737185874 -1.7788213451 0.6200000000 0.5800000000 0.5000000000
-0.1140867042 -1.0737185874 -1.7788213451 0.3973580000 -1.0226780000 -0.7397370000 0.3837200000 -1.0230250000 -0.7397230000 0.6200000000 0.5800000000 0.5000000000
-0.1140867042 -1.0737185874 -1.7788213451 0.4137690000 -1.0266330000 -0.7397530000 0.3973580000 -1.0226780000 -0.7397370000 0.6200000000 0.5800000000 0.5000000000
-0.1140867042 -1.0737185874 -1.7788213451 0.4357080000 -1.0277340000 -0.7397750000 0.4578260000 -1.0299360000 -0.7397970000 0.6200000000 0.5800000000 0.5000000000
-0.1140867042 -1.0737185874 -1.7788213451 0.4742590000 -1.0279570000 -0.7398130000 0.4578260000 -1.0299360000 -0.7397970000 0.6200000000 0.5800000000 0.5000000000
0.4898230000 -1.0251980000 -0.7398290000 0.4742590000 -1.0279570000 -0.7398130000 -0.1140867042 -1.0737185874 -1.7788213451 0.6200000000 0.5800000000 0.5000000000
-0.1140867042 -1.0737185874 -1.7788213451 0.5092520000 -1.0269820000 -0.7398480000 0.4940530000 -1.0237270000 -0.7398320000 0.6200000000 0.5800000000 0.5000000000
0.4940530000 -1.0237270000 -0.7398320000 0.4898230000 -1.0251980000 -0.7398290000 -0.1140867042 -1.0737185874 -1.7788213451 0.6200000000 0.5800000000 0.5000000000
-0.1140867042 -1.0737185874 -1.7788213451 0.4137690000 -1.0266330000 -0.7397530000 0.4165670000 -1.0266890000 -0.7397550000 0.6200000000 0.5800000000 0.5000000000
-0.1140867042 -1.0737185874 -1.7788213451 0.4165670000 -1.0266890000 -0.7397550000 0.4219110000 -1.0282570000 -0.7397610000 0.6200000000 0.5800000000 0.5000000000
-0.1140867042 -1.0737185874 -1.7788213451 0.1907080000 -1.1279380000 -0.7395320000 0.1899230000 -1.1288440000 -0.7395310000 0.6200000000 0.5800000000 0.5000000000
-0.1140867042 -1.0737185874 -1.7788213451 0.2167460000 -1.1040910000 -0.7395570000 0.2071470000 -1.1118020000 -0.7395480000 0.6200000000 0.5800000000 0.5000000000
-0.3891800000 -0.7384460000 -0.7389550000 -0.3825790000 -0.7294100000 -0.7389620000 -0.1140867042 -1.0737185874 -1.7788213451 0.6200000000 0.5800000000 0.5000000000
-0.1823580000 -0.6410130000 -0.7391610000 -0.1867930000 -0.6405740000 -0.7391560000 -0.1140867042 -1.0737185874 -1.7788213451 0.6200000000 0.5800000000 0.5000000000
-0.1140867042 -1.0737185874 -1.7788213451 -0.1737260000 -0.6383410000 -0.7391690000 -0.1720380000 -0.6365200000 -0.7391710000 0.6200000000 0.5800000000 0.5000000000
-0.1140867042 -1.0737185874 -1.7788213451 -0.3342150000 -0.6805160000 -0.7390090000 -0.3276840000 -0.6745180000 -0.7390160000 0.6200000000 0.5800000000 0.5000000000
-0.1140867042 -1.0737185874 -1.7788213451 -0.3071410000 -0.6542270000 -0.7390360000 -0.2985100000 -0.6487910000 -0.7390450000 0.6200000000 0.5800000000 0.5000000000
-0.1140867042 -1.0737185874 -1.7788213451 -0.2782170000 -0.6414800000 -0.7390650000 -0.2739490000 -0.6399200000 -0.7390690000 0.6200000000 0.5800000000 0.5000000000
-0.1140867042 -1.0737185874 -1.7788213451 -0.3459150000 -0.6902520000 -0.7389980000 -0.3342150000 -0.6805160000 -0.7390090000 0.6200000000 0.5800000000 0.5000000000
-0.1140867042 -1.0737185874 -1.7788213451 -0.3674720000 -0.7134050000 -0.7389770000 -0.3525010000 -0.6977690000 -0.7389910000 0.6200000000 0.5800000000 0.5000000000
-0.1140867042 -1.0737185874 -1.7788213451 -0.4702560000 -0.8884450000 -0.7388740000 -0.4676900000 -0.8823560000 -0.7388770000 0.6200000000 0.5800000000 0.5000000000
-0.4604890000 -1.1879970000 -0.7388840000 -0.4635510000 -1.1820560000 -0.7388810000 -0.1140867042 -1.0737185874 -1.7788213451 0.6200000000 0.5800000000 0.5000000000
-0.4754670000 -1.1094370000 -0.7388690000 -0.4753750000 -1.1082850000 -0.7388700000 -0.1140867042 -1.0737185874 -1.7788213451 0.6200000000 0.5800000000 0.5000000000
-0.0565440000 -1.2390850000 -0.7392850000 -0.0489520000 -1.2327000000 -0.7392930000 -0.1140867042 -1.0737185874 -1.7788213451 0.6200000000 0.5800000000 0.5000000000
-0.0992230000 -1.2529810000 -0.7392430000 -0.0862630000 -1.2492840000 -0.7392560000 -0.1140867042 -1.0737185874 -1.7788213451 0.6200000000 0.5800000000 0.5000000000
-0.1267970000 -1.2588610000 -0.7392160000 -0.1263090000 -1.2587740000 -0.7392170000 -0.1140867042 -1.0737185874 -1.7788213451 0.6200000000 0.5800000000 0.5000000000
-0.2118330000 -1.2700900000 -0.7391310000 -0.1982150000 -1.2696290000 -0.7391450000 -0.1140867042 -1.0737185874 -1.7788213451 0.6200000000 0.5800000000 0.5000000000
0.0898970000 -1.2003900000 -0.7394310000 0.0941880000 -1.2017310000 -0.7394360000 -0.1140867042 -1.0737185874 -1.7788213451 0.6200000000 0.5800000000 0.5000000000
-0.1140867042 -1.0737185874 -1.7788213451 0.0870830000 -1.1957350000 -0.7394290000 0.0898970000 -1.2003900000 -0.7394310000 0.6200000000 0.5800000000 0.5000000000
-0.2680240000 -1.2738030000 -0.7390750000 -0.2582720000 -1.2731470000 -0.7390850000 -0.1140867042 -1.0737185874 -1.7788213451 0.6200000000 0.5800000000 0.5000000000
-0.1140867042 -1.0737185874 -1.7788213451 -0.4676900000 -0.8823560000 -0.7388770000 -0.4619180000 -0.8678480000 -0.7388820000 0.6200000000 0.5800000000 0.5000000000
-0.1140867042 -1.0737185874 -1.7788213451 -0.4062050000 -0.7650110000 -0.7389810000 -0.3891800000 -0.7384460000 -0.7389550000 0.6200000000 0.5800000000 0.5000000000
-0.1140867042 -1.0737185874 -1.7788213451 0.1766990000 -1.1385340000 -0.7395180000 0.1683630000 -1.1497870000 -0.7395090000 0.6200000000 0.5800000000 0.5000000000
-0.1140867042 -1.0737185874 -1.7788213451 0.2443970000 -1.0619600000 -0.7395840000 0.2428990000 -1.0653410000 -0.7395830000 0.6200000000 0.5800000000 0.5000000000
-0.1140867042 -1.0737185874 -1.7788213451 -0.1288630000 -0.5784770000 -0.7392140000 -0.1190010000 -0.5798980000 -0.7392230000 0.6200000000 0.5800000000 0.5000000000
-0.1140867042 -1.0737185874 -1.7788213451 -0.1649910000 -0.6175560000 -0.7391780000 -0.1604140000 -0.6029960000 -0.7391820000 0.6200000000 0.5800000000 0.5000000000
-0.1140867042 -1.0737185874 -1.7788213451 -0.1713480000 -0.6342920000 -0.7391720000 -0.1654910000 -0.6198970000 -0.7391770000 0.6200000000 0.5800000000 0.5000000000
-0.1140867042 -1.0737185874 -1.7788213451 0.3194100000 -0.4057730000 -0.7396590000 0.3237830000 -0.4157490000 -0.7396630000 0.6200000000 0.5800000000 0.5000000000
-0.1140867042 -1.0737185874 -1.7788213451 0.3118920000 -0.4486900000 -0.7396520000 0.3022880000 -0.4633550000 -0.7396420000 0.6200000000 0.5800000000 0.5000000000
-0.1140867042 -1.0737185874 -1.7788213451 0.3841820000 -0.2727820000 -0.7397240000 0.3878190000 -0.2627490000 -0.7397270000 0.6200000000 0.5800000000 0.5000000000
-0.1140867042 -1.0737185874 -1.7788213451 0.3878190000 -0.2627490000 -0.7397270000 0.3952610000 -0.2479830000 -0.7397350000 0.6200000000 0.5800000000 0.5000000000
-0.1140867042 -1.0737185874 -1.7788213451 0.4041260000 -0.2096030000 -0.7397430000 0.4038720000 -0.2151510000 -0.7397430000 0.6200000000 0.5800000000 0.5000000000
0.3994180000 -0.2365270000 -0.7397390000 0.3952610000 -0.2479830000 -0.7397350000 -0.1140867042 -1.0737185874 -1.7788213451 0.6200000000 0.5800000000 0.5000000000
-0.1140867042 -1.0737185874 -1.7788213451 0.5611330000 -1.0228690000 -0.7399000000 0.5644120000 -1.0243100000 -0.7399020000 0.6200000000 0.5800000000 0.5000000000
0.5532720000 -1.0235610000 -0.7398920000 0.5337830000 -1.0294360000 -0.7398730000 -0.1140867042 -1.0737185874 -1.7788213451 0.6200000000 0.5800000000 0.5000000000
0.2200990000 -0.5311120000 -0.7395610000 0.2186750000 -0.5322060000 -0.7395590000 -0.1140867042 -1.0737185874 -1.7788213451 0.6200000000 0.5800000000 0.5000000000
0.1940820000 -0.5516210000 -0.7395340000 0.1840860000 -0.5571230000 -0.7395250000 -0.1140867042 -1.0737185874 -1.7788213451 0.6200000000 0.5800000000 0.5000000000
0.1779160000 -0.5648900000 -0.7395190000 0.1760390000 -0.5776740000 -0.7395170000 -0.1140867042 -1.0737185874 -1.7788213451 0.6200000000 0.5800000000 0.5000000000
0.1538290000 -0.6005560000 -0.7394940000 0.1527530000 -0.6012580000 -0.7394930000 -0.1140867042 -1.0737185874 -1.7788213451 0.6200000000 0.5800000000 0.5000000000
0.2964380000 -0.4752480000 -0.7396360000 0.2930440000 -0.4772060000 -0.7396330000 -0.1140867042 -1.0737185874 -1.7788213451 0.6200000000 0.5800000000 0.5000000000
0.2672780000 -0.4843570000 -0.7396070000 0.2587930000 -0.4924050000 -0.7395990000 -0.1140867042 -1.0737185874 -1.7788213451 0.6200000000 0.5800000000 0.5000000000
0.3351990000 -0.3729840000 -0.7396750000 0.3331690000 -0.3758960000 -0.7396730000 -0.1140867042 -1.0737185874 -1.7788213451 0.6200000000 0.5800000000 0.5000000000
-0.1140867042 -1.0737185874 -1.7788213451 0.3221990000 -0.3879350000 -0.7396620000 0.3282270000 -0.3808610000 -0.7396670000 0.6200000000 0.5800000000 0.5000000000
0.3331690000 -0.3758960000 -0.7396730000 0.3282270000 -0.3808610000 -0.7396670000 -0.1140867042 -1.0737185874 -1.7788213451 0.6200000000 0.5800000000 0.5000000000
-0.1140867042 -1.0737185874 -1.7788213451 0.3593900000 -0.3263930000 -0.7396990000 0.3647230000 -0.3164150000 -0.7397050000 0.6200000000 0.5800000000 0.5000000000
0.3706410000 -0.3050720000 -0.7397100000 0.3647230000 -0.3164150000 -0.7397050000 -0.1140867042 -1.0737185874 -1.7788213451 0.6200000000 0.5800000000 0.5000000000
0.4555380000 -0.0240430000 -0.7397940000 0.4552180000 -0.0255660000 -0.7397940000 -0.1140867042 -1.0737185874 -1.7788213451 0.6200000000 0.5800000000 0.5000000000
-0.1140867042 -1.0737185874 -1.7788213451 0.4151110000 -0.0990550000 -0.7397540000 0.4127220000 -0.1094220000 -0.7397520000 0.6200000000 0.5800000000 0.5000000000
0.4493990000 -0.0380280000 -0.7397890000 0.4424380000 -0.0496960000 -0.7397820000 -0.1140867042 -1.0737185874 -1.7788213451 0.6200000000 0.5800000000 0.5000000000
0.4340180000 -0.0673100000 -0.7397730000 0.4219290000 -0.0828880000 -0.7397610000 -0.1140867042 -1.0737185874 -1.7788213451 0.6200000000 0.5800000000 0.5000000000
-0.1140867042 -1.0737185874 -1.7788213451 0.4081370000 -0.1434580000 -0.7397470000 0.4086830000 -0.1460670000 -0.7397480000 0.6200000000 0.5800000000 0.5000000000
-0.1140867042 -1.0737185874 -1.7788213451 0.4696260000 0.0151770000 -0.7398090000 0.4709280000 0.0241600000 -0.7398100000 0.6200000000 0.5800000000 0.5000000000
0.4653430000 0.0005400000 -0.7398040000 0.4614630000 -0.0103200000 -0.7398000000 -0.1140867042 -1.0737185874 -1.7788213451 0.6200000000 0.5800000000 0.5000000000
0.5559450000 0.1932560000 -0.7398940000 0.5514370000 0.1821410000 -0.7398900000 -0.1140867042 -1.0737185874 -1.7788213451 0.6200000000 0.5800000000 0.5000000000
-0.1140867042 -1.0737185874 -1.7788213451 0.9886770000 0.6641750000 -0.7403240000 1.0057820000 0.6615520000 -0.7403410000 0.6200000000 0.5800000000 0.5000000000
-0.1140867042 -1.0737185874 -1.7788213451 1.0057820000 0.6615520000 -0.7403410000 1.0137390000 0.6590700000 -0.7403490000 0.6200000000 0.5800000000 0.5000000000
0.8295480000 0.5776390000 -0.7401660000 0.8289790000 0.5756820000 -0.7401660000 -0.1140867042 -1.0737185874 -1.7788213451 0.6200000000 0.5800000000 0.5000000000
0.8382570000 0.5973600000 -0.7401740000 0.8359720000 0.5935660000 -0.7401720000 -0.1140867042 -1.0737185874 -1.7788213451 0.6200000000 0.5800000000 0.5000000000
-0.1140867042 -1.0737185874 -1.7788213451 0.8295480000 0.5776390000 -0.7401660000 0.8343320000 0.5896870000 -0.7401700000 0.6200000000 0.5800000000 0.5000000000
-0.1140867042 -1.0737185874 -1.7788213451 0.8359720000 0.5935660000 -0.7401720000 0.8343320000 0.5896870000 -0.7401700000 0.6200000000 0.5800000000 0.5000000000
0.6536480000 0.3422320000 -0.7399920000 0.6461090000 0.3348060000 -0.7399840000 -0.1140867042 -1.0737185874 -1.7788213451 0.6200000000 0.5800000000 0.5000000000
0.6684200000 0.3615750000 -0.7400050000 0.6682270000 0.3613470000 -0.7400050000 -0.1140867042 -1.0737185874 -1.7788213451 0.6200000000 0.5800000000 0.5000000000
-0.1140867042 -1.0737185874 -1.7788213451 0.6687500000 0.3618970000 -0.7400060000 0.6685240000 0.3616860000 -0.7400060000 0.6200000000 0.5800000000 0.5000000000
0.7057660000 0.4048800000 -0.7400440000 0.6968670000 0.3932980000 -0.7400350000 -0.1140867042 -1.0737185874 -1.7788213451 0.6200000000 0.5800000000 0.5000000000
0.8162980000 0.5400440000 -0.7401530000 0.8140110000 0.5328340000 -0.7401500000 -0.1140867042 -1.0737185874 -1.7788213451 0.6200000000 0.5800000000 0.5000000000
-0.1140867042 -1.0737185874 -1.7788213451 0.6058510000 0.2852610000 -0.7399350000 0.6267180000 0.3086700000 -0.7399650000 0.6200000000 0.5800000000 0.5000000000
0.5973270000 0.2679280000 -0.7399360000 0.5943250000 0.2587180000 -0.7399330000 -0.1140867042 -1.0737185874 -1.7788213451 0.6200000000 0.5800000000 0.5000000000
0.5867290000 0.2467850000 -0.7399240000 0.5747000000 0.2346520000 -0.7399130000 -0.1140867042 -1.0737185874 -1.7788213451 0.6200000000 0.5800000000 0.5000000000
-0.1140867042 -1.0737185874 -1.7788213451 0.5715150000 0.2299820000 -0.7399090000 0.5615880000 0.2148930000 -0.7399000000 0.6200000000 0.5800000000 0.5000000000
0.5013780000 0.1215190000 -0.7398410000 0.4979620000 0.1168600000 -0.7398360000 -0.1140867042 -1.0737185874 -1.7788213451 0.6200000000 0.5800000000 0.5000000000
0.4768640000 0.0857300000 -0.7398160000 0.4716600000 0.0731300000 -0.7398100000 -0.1140867042 -1.0737185874 -1.7788213451 0.6200000000 0.5800000000 0.5000000000
0.8742560000 0.6436380000 -0.7402100000 0.8714620000 0.6409520000 -0.7402080000 -0.1140867042 -1.0737185874 -1.7788213451 0.6200000000 0.5800000000 0.5000000000
0.8714620000 0.6409520000 -0.7402080000 0.8685430000 0.6374370000 -0.7402050000 -0.1140867042 -1.0737185874 -1.7788213451 0.6200000000 0.5800000000 0.5000000000
0.9240480000 0.6672850000 -0.7402600000 0.9152700000 0.6659590000 -0.7402510000 -0.1140867042 -1.0737185874 -1.7788213451 0.6200000000 0.5800000000 0.5000000000
-0.1140867042 -1.0737185874 -1.7788213451 1.1230910000 0.5921390000 -0.7404580000 1.1329300000 0.5871130000 -0.7404680000 0.6200000000 0.5800000000 0.5000000000
-0.1140867042 -1.0737185874 -1.7788213451 1.2438250000 0.5399270000 -0.7405780000 1.2475620000 0.5381800000 -0.7405820000 0.6200000000 0.5800000000 0.5000000000
-0.1140867042 -1.0737185874 -1.7788213451 1.3937400000 0.4435400000 -0.7407270000 1.4011830000 0.4385800000 -0.7407350000 0.6200000000 0.5800000000 0.5000000000
-0.1140867042 -1.0737185874 -1.7788213451 1.4541650000 0.4085870000 -0.7407870000 1.4790160000 0.3945210000 -0.7408120000 0.6200000000 0.5800000000 0.5000000000
-0.1140867042 -1.0737185874 -1.7788213451 1.4887820000 0.3880380000 -0.7408220000 1.4947470000 0.3852120000 -0.7408280000 0.6200000000 0.5800000000 0.5000000000
1.5350780000 0.3359790000 -0.7408680000 1.5368040000 0.3252610000 -0.7408690000 -0.1140867042 -1.0737185874 -1.7788213451 0.6200000000 0.5800000000 0.5000000000
1.6426000000 0.0948790000 -0.7409740000 1.6437080000 0.0895800000 -0.7409750000 -0.1140867042 -1.0737185874 -1.7788213451 0.6200000000 0.5800000000 0.5000000000
1.6289610000 0.1432010000 -0.7409620000 1.6311020000 0.1379160000 -0.7409630000 -0.1140867042 -1.0737185874 -1.7788213451 0.6200000000 0.5800000000 0.5000000000
1.6144040000 0.1887800000 -0.7409460000 1.6206920000 0.1742770000 -0.7409530000 -0.1140867042 -1.0737185874 -1.7788213451 0.6200000000 0.5800000000 0.5000000000
-0.1140867042 -1.0737185874 -1.7788213451 1.6007460000 0.2182640000 -0.7409330000 1.6011750000 0.2173910000 -0.7409330000 0.6200000000 0.5800000000 0.5000000000
-0.1140867042 -1.0737185874 -1.7788213451 1.5628910000 0.2936090000 -0.7408950000 1.5652550000 0.2850070000 -0.7408970000 0.6200000000 0.5800000000 0.5000000000
-0.1140867042 -1.0737185874 -1.7788213451 1.5652550000 0.2850070000 -0.7408970000 1.5739920000 0.2671700000 -0.7409060000 0.6200000000 0.5800000000 0.5000000000
-0.1140867042 -1.0737185874 -1.7788213451 0.9154780000 -0.8862250000 -0.7402520000 0.9075110000 -0.8892250000 -0.7402430000 0.6200000000 0.5800000000 0.5000000000
0.9851440000 -0.9021850000 -0.7403210000 0.9860310000 -0.9022130000 -0.7403220000 -0.1140867042 -1.0737185874 -1.7788213451 0.6200000000 0.5800000000 0.5000000000
0.9860310000 -0.9022130000 -0.7403220000 2.5971574721 -0.9719098112 1.4397438246 0.9851440000 -0.9021850000 -0.7403210000 0.8200000000 0.8200000000 0.8200000000
0.9154780000 -0.8862250000 -0.7402520000 2.5971574721 -0.9719098112 1.4397438246 0.9075110000 -0.8892250000 -0.7402430000 0.8200000000 0.8200000000 0.8200000000
1.5628910000 0.2936090000 -0.7408950000 4.2613506041 0.7572409748 1.0902728366 1.5652550000 0.2850070000 -0.7408970000 0.8200000000 0.8200000000 0.8200000000
1.5652550000 0.2850070000 -0.7408970000 4.2613506041 0.7572409748 1.0902728366 1.5739920000 0.2671700000 -0.7409060000 0.8200000000 0.8200000000 0.8200000000
1.6007460000 0.2182640000 -0.7409330000 4.2613506041 0.7572409748 1.0902728366 1.6011750000 0.2173910000 -0.7409330000 0.8200000000 0.8200000000 0.8200000000
1.6206920000 0.1742770000 -0.7409530000 1.6144040000 0.1887800000 -0.7409460000 4.2613506041 0.7572409748 1.0902728366 0.8200000000 0.8200000000 0.8200000000
1.6311020000 0.1379160000 -0.7409630000 1.6289610000 0.1432010000 -0.7409620000 4.2613506041 0.7572409748 1.0902728366 0.8200000000 0.8200000000 0.8200000000
1.6437080000 0.0895800000 -0.7409750000 1.6426000000 0.0948790000 -0.7409740000 4.2613506041 0.7572409748 1.0902728366 0.8200000000 0.8200000000 0.8200000000
1.5368040000 0.3252610000 -0.7408690000 1.5350780000 0.3359790000 -0.7408680000 4.2613506041 0.7572409748 1.0902728366 0.8200000000 0.8200000000 0.8200000000
1.4887820000 0.3880380000 -0.7408220000 4.2613506041 0.7572409748 1.0902728366 1.4947470000 0.3852120000 -0.7408280000 0.8200000000 0.8200000000 0.8200000000
1.4541650000 0.4085870000 -0.7407870000 4.2613506041 0.7572409748 1.0902728366 1.4790160000 0.3945210000 -0.7408120000 0.8200000000 0.8200000000 0.8200000000
1.3937400000 0.4435400000 -0.7407270000 4.2613506041 0.7572409748 1.0902728366 1.4011830000 0.4385800000 -0.7407350000 0.8200000000 0.8200000000 0.8200000000
1.2438250000 0.5399270000 -0.7405780000 4.2613506041 0.7572409748 1.0902728366 1.2475620000 0.5381800000 -0.7405820000 0.8200000000 0.8200000000 0.8200000000
1.1230910000 0.5921390000 -0.7404580000 4.2613506041 0.7572409748 1.0902728366 1.1329300000 0.5871130000 -0.7404680000 0.8200000000 0.8200000000 0.8200000000
0.9152700000 0.6659590000 -0.7402510000 0.5705030762 0.2355511132 0.1252706032 0.9240480000 0.6672850000 -0.7402600000 0.8200000000 0.8200000000 0.8200000000
0.9418590000 0.7056110000 -0.7402780000 0.5705030762 0.2355511132 0.1252706032 0.9391020000 0.7058210000 -0.7402750000 0.8200000000 0.8200000000 0.8200000000
0.9391020000 0.7058210000 -0.7402750000 0.9263050000 0.7065230000 -0.7402630000 0.8143281185 0.9104075997 -1.0797337827 0.8200000000 0.8200000000 0.8200000000
0.9418590000 0.7056110000 -0.7402780000 0.9427590000 0.7057010000 -0.7402790000 0.5705030762 0.2355511132 0.1252706032 0.8200000000 0.8200000000 0.8200000000
0.9476800000 0.7060620000 -0.7402840000 0.5705030762 0.2355511132 0.1252706032 0.9427590000 0.7057010000 -0.7402790000 0.8200000000 0.8200000000 0.8200000000
0.9621970000 0.7068740000 -0.7402980000 0.9476800000 0.7060620000 -0.7402840000 0.8143281185 0.9104075997 -1.0797337827 0.8200000000 0.8200000000 0.8200000000
0.8635770000 0.7440070000 -0.7402000000 0.8671800000 0.7391510000 -0.7402040000 0.5705030762 0.2355511132 0.1252706032 0.8200000000 0.8200000000 0.8200000000
0.8671800000 0.7391510000 -0.7402040000 0.8695940000 0.7369200000 -0.7402060000 0.8143281185 0.9104075997 -1.0797337827 0.8200000000 0.8200000000 0.8200000000
0.8635770000 0.7440070000 -0.7402000000 0.8143281185 0.9104075997 -1.0797337827 0.8568390000 0.7558270000 -0.7401940000 0.8200000000 0.8200000000 0.8200000000
0.8799940000 0.7269180000 -0.7402160000 0.8695940000 0.7369200000 -0.7402060000 0.8143281185 0.9104075997 -1.0797337827 0.8200000000 0.8200000000 0.8200000000
0.8939390000 0.7163630000 -0.7402300000 0.8917320000 0.7178490000 -0.7402280000 0.8143281185 0.9104075997 -1.0797337827 0.8200000000 0.8200000000 0.8200000000
0.8799940000 0.7269180000 -0.7402160000 0.8917320000 0.7178490000 -0.7402280000 0.8143281185 0.9104075997 -1.0797337827 0.8200000000 0.8200000000 0.8200000000
0.8945450000 0.7160280000 -0.7402310000 0.8939390000 0.7163630000 -0.7402300000 0.8143281185 0.9104075997 -1.0797337827 0.8200000000 0.8200000000 0.8200000000
0.8143281185 0.9104075997 -1.0797337827 0.9112550000 0.7097150000 -0.7402470000 0.9139360000 0.7091060000 -0.7402500000 0.8200000000 0.8200000000 0.8200000000
0.8945450000 0.7160280000 -0.7402310000 0.9112550000 0.7097150000 -0.7402470000 0.8143281185 0.9104075997 -1.0797337827 0.8200000000 0.8200000000 0.8200000000
0.9263050000 0.7065230000 -0.7402630000 0.5705030762 0.2355511132 0.1252706032 0.9139360000 0.7091060000 -0.7402500000 0.8200000000 0.8200000000 0.8200000000
0.8685430000 0.6374370000 -0.7402050000 0.5705030762 0.2355511132 0.1252706032 0.8714620000 0.6409520000 -0.7402080000 0.8200000000 0.8200000000 0.8200000000
0.8714620000 0.6409520000 -0.7402080000 0.5705030762 0.2355511132 0.1252706032 0.8742560000 0.6436380000 -0.7402100000 0.8200000000 0.8200000000 0.8200000000
0.4716600000 0.0731300000 -0.7398100000 0.5705030762 0.2355511132 0.1252706032 0.4768640000 0.0857300000 -0.7398160000 0.8200000000 0.8200000000 0.8200000000
0.4979620000 0.1168600000 -0.7398360000 0.5705030762 0.2355511132 0.1252706032 0.5013780000 0.1215190000 -0.7398410000 0.8200000000 0.8200000000 0.8200000000
0.5715150000 0.2299820000 -0.7399090000 0.5615880000 0.2148930000 -0.7399000000 0.5705030762 0.2355511132 0.1252706032 0.8200000000 0.8200000000 0.8200000000
0.5747000000 0.2346520000 -0.7399130000 0.5705030762 0.2355511132 0.1252706032 0.5867290000 0.2467850000 -0.7399240000 0.8200000000 0.8200000000 0.8200000000
0.5943250000 0.2587180000 -0.7399330000 0.5705030762 0.2355511132 0.1252706032 0.5973270000 0.2679280000 -0.7399360000 0.8200000000 0.8200000000 0.8200000000
0.8140110000 0.5328340000 -0.7401500000 0.5705030762 0.2355511132 0.1252706032 0.8162980000 0.5400440000 -0.7401530000 0.8200000000 0.8200000000 0.8200000000
0.6968670000 0.3932980000 -0.7400350000 0.5705030762 0.2355511132 0.1252706032 0.7057660000 0.4048800000 -0.7400440000 0.8200000000 0.8200000000 0.8200000000
0.6687500000 0.3618970000 -0.7400060000 0.6685240000 0.3616860000 -0.7400060000 0.5705030762 0.2355511132 0.1252706032 0.8200000000 0.8200000000 0.8200000000
0.6682270000 0.3613470000 -0.7400050000 0.5705030762 0.2355511132 0.1252706032 0.6684200000 0.3615750000 -0.7400050000 0.8200000000 0.8200000000 0.8200000000
0.6461090000 0.3348060000 -0.7399840000 0.5705030762 0.2355511132 0.1252706032 0.6536480000 0.3422320000 -0.7399920000 0.8200000000 0.8200000000 0.8200000000
0.6058510000 0.2852610000 -0.7399350000 0.5705030762 0.2355511132 0.1252706032 0.6267180000 0.3086700000 -0.7399650000 0.8200000000 0.8200000000 0.8200000000
0.8295480000 0.5776390000 -0.7401660000 0.8343320000 0.5896870000 -0.7401700000 0.5705030762 0.2355511132 0.1252706032 0.8200000000 0.8200000000 0.8200000000
0.8359720000 0.5935660000 -0.7401720000 0.8343320000 0.5896870000 -0.7401700000 0.5705030762 0.2355511132 0.1252706032 0.8200000000 0.8200000000 0.8200000000
0.8359720000 0.5935660000 -0.7401720000 0.5705030762 0.2355511132 0.1252706032 0.8382570000 0.5973600000 -0.7401740000 0.8200000000 0.8200000000 0.8200000000
0.8289790000 0.5756820000 -0.7401660000 0.5705030762 0.2355511132 0.1252706032 0.8295480000 0.5776390000 -0.7401660000 0.8200000000 0.8200000000 0.8200000000
0.9894540000 0.9070860000 -0.7403250000 0.9955640000 0.9049850000 -0.7403310000 0.8143281185 0.9104075997 -1.0797337827 0.8200000000 0.8200000000 0.8200000000
1.0128180000 0.8923100000 -0.7403480000 1.0318880000 0.8731980000 -0.7403670000 0.8143281185 0.9104075997 -1.0797337827 0.8200000000 0.8200000000 0.8200000000
0.8143281185 0.9104075997 -1.0797337827 0.9955640000 0.9049850000 -0.7403310000 1.0049570000 0.8962890000 -0.7403400000 0.8200000000 0.8200000000 0.8200000000
0.8143281185 0.9104075997 -1.0797337827 1.0049570000 0.8962890000 -0.7403400000 1.0128180000 0.8923100000 -0.7403480000 0.8200000000 0.8200000000 0.8200000000
1.0318880000 0.8731980000 -0.7403670000 2.5971574721 -0.9719098112 1.4397438246 1.0333420000 0.8716690000 -0.7403690000 0.8200000000 0.8200000000 0.8200000000
0.8143281185 0.9104075997 -1.0797337827 0.9591760000 0.9119880000 -0.7402950000 0.9674530000 0.9110280000 -0.7403040000 0.8200000000 0.8200000000 0.8200000000
0.8143281185 0.9104075997 -1.0797337827 0.9674530000 0.9110280000 -0.7403040000 0.9735930000 0.9090060000 -0.7403090000 0.8200000000 0.8200000000 0.8200000000
0.8143281185 0.9104075997 -1.0797337827 0.9289310000 0.9116380000 -0.7402650000 0.9267140000 0.9111430000 -0.7402630000 0.8200000000 0.8200000000 0.8200000000
0.9243260000 0.9100400000 -0.7402600000 0.9267140000 0.9111430000 -0.7402630000 0.8143281185 0.9104075997 -1.0797337827 0.8200000000 0.8200000000 0.8200000000
0.8143281185 0.9104075997 -1.0797337827 0.9365060000 0.9119670000 -0.7402720000 0.9289310000 0.9116380000 -0.7402650000 0.8200000000 0.8200000000 0.8200000000
0.9243260000 0.9100400000 -0.7402600000 0.9141230000 0.9061730000 -0.7402510000 0.8143281185 0.9104075997 -1.0797337827 0.8200000000 0.8200000000 0.8200000000
0.9591760000 0.9119880000 -0.7402950000 0.9365060000 0.9119670000 -0.7402720000 0.8143281185 0.9104075997 -1.0797337827 0.8200000000 0.8200000000 0.8200000000
0.9141230000 0.9061730000 -0.7402510000 2.5971574721 -0.9719098112 1.4397438246 0.8984000000 0.8974560000 -0.7402340000 0.8200000000 0.8200000000 0.8200000000
0.8936030000 0.8932300000 -0.7402300000 0.8984000000 0.8974560000 -0.7402340000 0.8143281185 0.9104075997 -1.0797337827 0.8200000000 0.8200000000 0.8200000000
2.5971574721 -0.9719098112 1.4397438246 0.5705030762 0.2355511132 0.1252706032 0.8760760000 0.8770030000 -0.7402120000 0.8200000000 0.8200000000 0.8200000000
0.8760760000 0.8770030000 -0.7402120000 0.8803960000 0.8820640000 -0.7402160000 2.5971574721 -0.9719098112 1.4397438246 0.8200000000 0.8200000000 0.8200000000
0.8803960000 0.8820640000 -0.7402160000 2.5971574721 -0.9719098112 1.4397438246 0.8867440000 0.8880310000 -0.7402230000 0.8200000000 0.8200000000 0.8200000000
0.8936030000 0.8932300000 -0.7402300000 0.8867440000 0.8880310000 -0.7402230000 0.8143281185 0.9104075997 -1.0797337827 0.8200000000 0.8200000000 0.8200000000
1.0372150000 0.7455410000 -0.7403730000 1.0303790000 0.7382400000 -0.7403660000 0.8143281185 0.9104075997 -1.0797337827 0.8200000000 0.8200000000 0.8200000000
0.8143281185 0.9104075997 -1.0797337827 1.0303790000 0.7382400000 -0.7403660000 1.0179310000 0.7263790000 -0.7403530000 0.8200000000 0.8200000000 0.8200000000
1.0441650000 0.7555030000 -0.7403800000 1.0473780000 0.7617220000 -0.7403830000 4.2613506041 0.7572409748 1.0902728366 0.8200000000 0.8200000000 0.8200000000
1.0372150000 0.7455410000 -0.7403730000 0.8143281185 0.9104075997 -1.0797337827 1.0441650000 0.7555030000 -0.7403800000 0.8200000000 0.8200000000 0.8200000000
0.8143281185 0.9104075997 -1.0797337827 1.0073750000 0.7215980000 -0.7403430000 0.9890560000 0.7117150000 -0.7403240000 0.8200000000 0.8200000000 0.8200000000
1.0149330000 0.7248720000 -0.7403500000 0.8143281185 0.9104075997 -1.0797337827 1.0179310000 0.7263790000 -0.7403530000 0.8200000000 0.8200000000 0.8200000000
1.0149330000 0.7248720000 -0.7403500000 1.0073750000 0.7215980000 -0.7403430000 0.8143281185 0.9104075997 -1.0797337827 0.8200000000 0.8200000000 0.8200000000
0.9890560000 0.7117150000 -0.7403240000 4.2613506041 0.7572409748 1.0902728366 0.9789270000 0.7103740000 -0.7403140000 0.8200000000 0.8200000000 0.8200000000
4.2613506041 0.7572409748 1.0902728366 0.9621970000 0.7068740000 -0.7402980000 0.9789270000 0.7103740000 -0.7403140000 0.8200000000 0.8200000000 0.8200000000
4.2613506041 0.7572409748 1.0902728366 1.0137390000 0.6590700000 -0.7403490000 1.0057820000 0.6615520000 -0.7403410000 0.8200000000 0.8200000000 0.8200000000
4.2613506041 0.7572409748 1.0902728366 1.0057820000 0.6615520000 -0.7403410000 0.9886770000 0.6641750000 -0.7403240000 0.8200000000 0.8200000000 0.8200000000
4.2613506041 0.7572409748 1.0902728366 1.0482820000 0.8060790000 -0.7403830000 1.0459980000 0.8175980000 -0.7403810000 0.8200000000 0.8200000000 0.8200000000
0.8143281185 0.9104075997 -1.0797337827 1.0482820000 0.8060790000 -0.7403830000 1.0508760000 0.7875320000 -0.7403860000 0.8200000000 0.8200000000 0.8200000000
1.0508870000 0.7796450000 -0.7403860000 0.8143281185 0.9104075997 -1.0797337827 1.0508760000 0.7875320000 -0.7403860000 0.8200000000 0.8200000000 0.8200000000
1.0486290000 0.7674860000 -0.7403840000 1.0508870000 0.7796450000 -0.7403860000 4.2613506041 0.7572409748 1.0902728366 0.8200000000 0.8200000000 0.8200000000
2.5971574721 -0.9719098112 1.4397438246 1.0391480000 0.8616220000 -0.7403740000 1.0341780000 0.8701570000 -0.7403690000 0.8200000000 0.8200000000 0.8200000000
1.0409100000 0.8473670000 -0.7403760000 0.8143281185 0.9104075997 -1.0797337827 1.0391480000 0.8616220000 -0.7403740000 0.8200000000 0.8200000000 0.8200000000
0.8143281185 0.9104075997 -1.0797337827 1.0333420000 0.8716690000 -0.7403690000 1.0341780000 0.8701570000 -0.7403690000 0.8200000000 0.8200000000 0.8200000000
0.8143281185 0.9104075997 -1.0797337827 1.0409100000 0.8473670000 -0.7403760000 1.0459980000 0.8175980000 -0.7403810000 0.8200000000 0.8200000000 0.8200000000
0.5514370000 0.1821410000 -0.7398900000 0.5705030762 0.2355511132 0.1252706032 0.5559450000 0.1932560000 -0.7398940000 0.8200000000 0.8200000000 0.8200000000
0.4614630000 -0.0103200000 -0.7398000000 0.5705030762 0.2355511132 0.1252706032 0.4653430000 0.0005400000 -0.7398040000 0.8200000000 0.8200000000 0.8200000000
0.4696260000 0.0151770000 -0.7398090000 0.4709280000 0.0241600000 -0.7398100000 0.5705030762 0.2355511132 0.1252706032 0.8200000000 0.8200000000 0.8200000000
0.4081370000 -0.1434580000 -0.7397470000 0.4086830000 -0.1460670000 -0.7397480000 2.5971574721 -0.9719098112 1.4397438246 0.8200000000 0.8200000000 0.8200000000
0.4424380000 -0.0496960000 -0.7397820000 2.5971574721 -0.9719098112 1.4397438246 0.4493990000 -0.0380280000 -0.7397890000 0.8200000000 0.8200000000 0.8200000000
0.4219290000 -0.0828880000 -0.7397610000 2.5971574721 -0.9719098112 1.4397438246 0.4340180000 -0.0673100000 -0.7397730000 0.8200000000 0.8200000000 0.8200000000
0.4151110000 -0.0990550000 -0.7397540000 0.4127220000 -0.1094220000 -0.7397520000 2.5971574721 -0.9719098112 1.4397438246 0.8200000000 0.8200000000 0.8200000000
0.4552180000 -0.0255660000 -0.7397940000 0.5705030762 0.2355511132 0.1252706032 0.4555380000 -0.0240430000 -0.7397940000 0.8200000000 0.8200000000 0.8200000000
0.3593900000 -0.3263930000 -0.7396990000 0.3647230000 -0.3164150000 -0.7397050000 0.1747817518 -0.7555540865 -0.6746711953 0.8200000000 0.8200000000 0.8200000000
0.3647230000 -0.3164150000 -0.7397050000 0.1747817518 -0.7555540865 -0.6746711953 0.3706410000 -0.3050720000 -0.7397100000 0.8200000000 0.8200000000 0.8200000000
0.3221990000 -0.3879350000 -0.7396620000 0.3282270000 -0.3808610000 -0.7396670000 0.1747817518 -0.7555540865 -0.6746711953 0.8200000000 0.8200000000 0.8200000000
0.3282270000 -0.3808610000 -0.7396670000 0.1747817518 -0.7555540865 -0.6746711953 0.3331690000 -0.3758960000 -0.7396730000 0.8200000000 0.8200000000 0.8200000000
0.3331690000 -0.3758960000 -0.7396730000 0.1747817518 -0.7555540865 -0.6746711953 0.3351990000 -0.3729840000 -0.7396750000 0.8200000000 0.8200000000 0.8200000000
0.2587930000 -0.4924050000 -0.7395990000 0.1747817518 -0.7555540865 -0.6746711953 0.2672780000 -0.4843570000 -0.7396070000 0.8200000000 0.8200000000 0.8200000000
0.2930440000 -0.4772060000 -0.7396330000 0.1747817518 -0.7555540865 -0.6746711953 0.2964380000 -0.4752480000 -0.7396360000 0.8200000000 0.8200000000 0.8200000000
0.1527530000 -0.6012580000 -0.7394930000 0.1747817518 -0.7555540865 -0.6746711953 0.1538290000 -0.6005560000 -0.7394940000 0.8200000000 0.8200000000 0.8200000000
0.1760390000 -0.5776740000 -0.7395170000 0.1747817518 -0.7555540865 -0.6746711953 0.1779160000 -0.5648900000 -0.7395190000 0.8200000000 0.8200000000 0.8200000000
0.1840860000 -0.5571230000 -0.7395250000 0.1747817518 -0.7555540865 -0.6746711953 0.1940820000 -0.5516210000 -0.7395340000 0.8200000000 0.8200000000 0.8200000000
0.2186750000 -0.5322060000 -0.7395590000 0.1747817518 -0.7555540865 -0.6746711953 0.2200990000 -0.5311120000 -0.7395610000 0.8200000000 0.8200000000 0.8200000000
0.4326890000 -0.9545400000 -0.7397720000 0.1747817518 -0.7555540865 -0.6746711953 0.3446487500 -0.9929137500 -0.7299095000 0.8200000000 0.8200000000 0.8200000000
0.3446487500 -0.9929137500 -0.7299095000 0.4251610000 -0.9605390000 -0.7397650000 0.4326890000 -0.9545400000 -0.7397720000 0.8200000000 0.8200000000 0.8200000000
0.1747817518 -0.7555540865 -0.6746711953 0.4326890000 -0.9545400000 -0.7397720000 0.4346980000 -0.9543330000 -0.7397740000 0.8200000000 0.8200000000 0.8200000000
0.1747817518 -0.7555540865 -0.6746711953 0.4346980000 -0.9543330000 -0.7397740000 0.4372440000 -0.9538450000 -0.7397770000 0.8200000000 0.8200000000 0.8200000000
0.4372440000 -0.9538450000 -0.7397770000 0.1747817518 -0.7555540865 -0.6746711953 0.4624330000 -0.9565330000 -0.7398010000 0.8200000000 0.8200000000 0.8200000000
0.4856330000 -0.9492570000 -0.7397420000 0.1747817518 -0.7555540865 -0.6746711953 0.4624330000 -0.9565330000 -0.7398010000 0.8200000000 0.8200000000 0.8200000000
2.5971574721 -0.9719098112 1.4397438246 0.1747817518 -0.7555540865 -0.6746711953 0.4856330000 -0.9492570000 -0.7397420000 0.8200000000 0.8200000000 0.8200000000
0.4913040000 -0.9572560000 -0.7398300000 2.5971574721 -0.9719098112 1.4397438246 0.4856330000 -0.9492570000 -0.7397420000 0.8200000000 0.8200000000 0.8200000000
0.5035160000 -0.9690470000 -0.7398430000 0.4913040000 -0.9572560000 -0.7398300000 2.5971574721 -0.9719098112 1.4397438246 0.8200000000 0.8200000000 0.8200000000
0.5337830000 -1.0294360000 -0.7398730000 0.5532720000 -1.0235610000 -0.7398920000 2.5971574721 -0.9719098112 1.4397438246 0.8200000000 0.8200000000 0.8200000000
0.5611330000 -1.0228690000 -0.7399000000 0.5644120000 -1.0243100000 -0.7399020000 2.5971574721 -0.9719098112 1.4397438246 0.8200000000 0.8200000000 0.8200000000
0.3952610000 -0.2479830000 -0.7397350000 2.5971574721 -0.9719098112 1.4397438246 0.3994180000 -0.2365270000 -0.7397390000 0.8200000000 0.8200000000 0.8200000000
0.4041260000 -0.2096030000 -0.7397430000 0.4038720000 -0.2151510000 -0.7397430000 2.5971574721 -0.9719098112 1.4397438246 0.8200000000 0.8200000000 0.8200000000
0.3878190000 -0.2627490000 -0.7397270000 0.3952610000 -0.2479830000 -0.7397350000 2.5971574721 -0.9719098112 1.4397438246 0.8200000000 0.8200000000 0.8200000000
2.5971574721 -0.9719098112 1.4397438246 0.1747817518 -0.7555540865 -0.6746711953 0.3841820000 -0.2727820000 -0.7397240000 0.8200000000 0.8200000000 0.8200000000
0.3841820000 -0.2727820000 -0.7397240000 0.3878190000 -0.2627490000 -0.7397270000 2.5971574721 -0.9719098112 1.4397438246 0.8200000000 0.8200000000 0.8200000000
0.3118920000 -0.4486900000 -0.7396520000 0.3022880000 -0.4633550000 -0.7396420000 0.1747817518 -0.7555540865 -0.6746711953 0.8200000000 0.8200000000 0.8200000000
0.3194100000 -0.4057730000 -0.7396590000 0.3237830000 -0.4157490000 -0.7396630000 0.1747817518 -0.7555540865 -0.6746711953 0.8200000000 0.8200000000 0.8200000000
-0.1713480000 -0.6342920000 -0.7391720000 0.1747817518 -0.7555540865 -0.6746711953 -0.1654910000 -0.6198970000 -0.7391770000 0.8200000000 0.8200000000 0.8200000000
-0.1649910000 -0.6175560000 -0.7391780000 0.1747817518 -0.7555540865 -0.6746711953 -0.1604140000 -0.6029960000 -0.7391820000 0.8200000000 0.8200000000 0.8200000000
-0.1288630000 -0.5784770000 -0.7392140000 -0.1190010000 -0.5798980000 -0.7392230000 0.1747817518 -0.7555540865 -0.6746711953 0.8200000000 0.8200000000 0.8200000000
0.1747817518 -0.7555540865 -0.6746711953 0.2428990000 -1.0653410000 -0.7395830000 0.2443970000 -1.0619600000 -0.7395840000 0.8200000000 0.8200000000 0.8200000000
0.1766990000 -1.1385340000 -0.7395180000 -0.4529757189 -1.4288018385 -0.1780428446 0.1683630000 -1.1497870000 -0.7395090000 0.8200000000 0.8200000000 0.8200000000
-0.4676900000 -0.8823560000 -0.7388770000 -0.4529757189 -1.4288018385 -0.1780428446 -0.4619180000 -0.8678480000 -0.7388820000 0.8200000000 0.8200000000 0.8200000000
-0.2582720000 -1.2731470000 -0.7390850000 -0.4529757189 -1.4288018385 -0.1780428446 -0.2680240000 -1.2738030000 -0.7390750000 0.8200000000 0.8200000000 0.8200000000
0.0870830000 -1.1957350000 -0.7394290000 0.0898970000 -1.2003900000 -0.7394310000 -0.4529757189 -1.4288018385 -0.1780428446 0.8200000000 0.8200000000 0.8200000000
0.0941880000 -1.2017310000 -0.7394360000 -0.4529757189 -1.4288018385 -0.1780428446 0.0898970000 -1.2003900000 -0.7394310000 0.8200000000 0.8200000000 0.8200000000
-0.1982150000 -1.2696290000 -0.7391450000 -0.4529757189 -1.4288018385 -0.1780428446 -0.2118330000 -1.2700900000 -0.7391310000 0.8200000000 0.8200000000 0.8200000000
-0.1263090000 -1.2587740000 -0.7392170000 -0.4529757189 -1.4288018385 -0.1780428446 -0.1267970000 -1.2588610000 -0.7392160000 0.8200000000 0.8200000000 0.8200000000
-0.0862630000 -1.2492840000 -0.7392560000 -0.4529757189 -1.4288018385 -0.1780428446 -0.0992230000 -1.2529810000 -0.7392430000 0.8200000000 0.8200000000 0.8200000000
-0.0489520000 -1.2327000000 -0.7392930000 -0.4529757189 -1.4288018385 -0.1780428446 -0.0565440000 -1.2390850000 -0.7392850000 0.8200000000 0.8200000000 0.8200000000
-0.4753750000 -1.1082850000 -0.7388700000 -0.4754670000 -1.1094370000 -0.7388690000 -0.4529757189 -1.4288018385 -0.1780428446 0.8200000000 0.8200000000 0.8200000000
-0.4635510000 -1.1820560000 -0.7388810000 -0.4604890000 -1.1879970000 -0.7388840000 -0.4529757189 -1.4288018385 -0.1780428446 0.8200000000 0.8200000000 0.8200000000
-0.4529757189 -1.4288018385 -0.1780428446 -0.4676900000 -0.8823560000 -0.7388770000 -0.4702560000 -0.8884450000 -0.7388740000 0.8200000000 0.8200000000 0.8200000000
-0.3674720000 -0.7134050000 -0.7389770000 -0.4529757189 -1.4288018385 -0.1780428446 -0.3525010000 -0.6977690000 -0.7389910000 0.8200000000 0.8200000000 0.8200000000
-0.4529757189 -1.4288018385 -0.1780428446 -0.3342150000 -0.6805160000 -0.7390090000 -0.3459150000 -0.6902520000 -0.7389980000 0.8200000000 0.8200000000 0.8200000000
-0.2782170000 -0.6414800000 -0.7390650000 -0.4529757189 -1.4288018385 -0.1780428446 -0.2739490000 -0.6399200000 -0.7390690000 0.8200000000 0.8200000000 0.8200000000
-0.3071410000 -0.6542270000 -0.7390360000 -0.4529757189 -1.4288018385 -0.1780428446 -0.2985100000 -0.6487910000 -0.7390450000 0.8200000000 0.8200000000 0.8200000000
-0.3342150000 -0.6805160000 -0.7390090000 -0.4529757189 -1.4288018385 -0.1780428446 -0.3276840000 -0.6745180000 -0.7390160000 0.8200000000 0.8200000000 0.8200000000
0.1747817518 -0.7555540865 -0.6746711953 -0.1720380000 -0.6365200000 -0.7391710000 -0.1737260000 -0.6383410000 -0.7391690000 0.8200000000 0.8200000000 0.8200000000
-0.1867930000 -0.6405740000 -0.7391560000 0.1747817518 -0.7555540865 -0.6746711953 -0.1823580000 -0.6410130000 -0.7391610000 0.8200000000 0.8200000000 0.8200000000
-0.4062050000 -0.7650110000 -0.7389810000 -0.4529757189 -1.4288018385 -0.1780428446 -0.3891800000 -0.7384460000 -0.7389550000 0.8200000000 0.8200000000 0.8200000000
-0.3825790000 -0.7294100000 -0.7389620000 -0.3891800000 -0.7384460000 -0.7389550000 -0.4529757189 -1.4288018385 -0.1780428446 0.8200000000 0.8200000000 0.8200000000
0.2167460000 -1.1040910000 -0.7395570000 -0.4529757189 -1.4288018385 -0.1780428446 0.2071470000 -1.1118020000 -0.7395480000 0.8200000000 0.8200000000 0.8200000000
0.1907080000 -1.1279380000 -0.7395320000 -0.4529757189 -1.4288018385 -0.1780428446 0.1899230000 -1.1288440000 -0.7395310000 0.8200000000 0.8200000000 0.8200000000
0.4137690000 -1.0266330000 -0.7397530000 0.4165670000 -1.0266890000 -0.7397550000 0.3446487500 -0.9929137500 -0.7299095000 0.8200000000 0.8200000000 0.8200000000
0.4165670000 -1.0266890000 -0.7397550000 0.4219110000 -1.0282570000 -0.7397610000 0.3446487500 -0.9929137500 -0.7299095000 0.8200000000 0.8200000000 0.8200000000
0.4660290000 -0.9913640000 -0.7398060000 0.4540935000 -0.9809860000 -0.7427645000 0.4584010000 -0.9909670000 -0.7397980000 0.8200000000 0.8200000000 0.8200000000
0.4285260000 -0.9879190000 -0.7397680000 0.4461540000 -0.9880460000 -0.7397850000 0.4540935000 -0.9809860000 -0.7427645000 0.8200000000 0.8200000000 0.8200000000
0.4540935000 -0.9809860000 -0.7427645000 0.4461540000 -0.9880460000 -0.7397850000 0.4584010000 -0.9909670000 -0.7397980000 0.8200000000 0.8200000000 0.8200000000
0.4540935000 -0.9809860000 -0.7427645000 0.4251610000 -0.9605390000 -0.7397650000 0.4137010000 -0.9737280000 -0.7397530000 0.8200000000 0.8200000000 0.8200000000
0.4285260000 -0.9879190000 -0.7397680000 0.4540935000 -0.9809860000 -0.7427645000 0.4137010000 -0.9737280000 -0.7397530000 0.8200000000 0.8200000000 0.8200000000
0.4927580000 -0.9886540000 -0.7397720000 0.4540935000 -0.9809860000 -0.7427645000 0.4660290000 -0.9913640000 -0.7398060000 0.8200000000 0.8200000000 0.8200000000
0.4927580000 -0.9886540000 -0.7397720000 2.5971574721 -0.9719098112 1.4397438246 0.5035160000 -0.9690470000 -0.7398430000 0.8200000000 0.8200000000 0.8200000000
0.4742590000 -1.0279570000 -0.7398130000 2.5971574721 -0.9719098112 1.4397438246 0.3446487500 -0.9929137500 -0.7299095000 0.8200000000 0.8200000000 0.8200000000
0.3446487500 -0.9929137500 -0.7299095000 0.4578260000 -1.0299360000 -0.7397970000 0.4742590000 -1.0279570000 -0.7398130000 0.8200000000 0.8200000000 0.8200000000
0.5092520000 -1.0269820000 -0.7398480000 0.4940530000 -1.0237270000 -0.7398320000 2.5971574721 -0.9719098112 1.4397438246 0.8200000000 0.8200000000 0.8200000000
0.4898230000 -1.0251980000 -0.7398290000 0.4940530000 -1.0237270000 -0.7398320000 2.5971574721 -0.9719098112 1.4397438246 0.8200000000 0.8200000000 0.8200000000
0.4742590000 -1.0279570000 -0.7398130000 0.4898230000 -1.0251980000 -0.7398290000 2.5971574721 -0.9719098112 1.4397438246 0.8200000000 0.8200000000 0.8200000000
0.4357080000 -1.0277340000 -0.7397750000 0.4578260000 -1.0299360000 -0.7397970000 0.3446487500 -0.9929137500 -0.7299095000 0.8200000000 0.8200000000 0.8200000000
0.3446487500 -0.9929137500 -0.7299095000 0.3837200000 -1.0230250000 -0.7397230000 0.3973580000 -1.0226780000 -0.7397370000 0.8200000000 0.8200000000 0.8200000000
0.4137690000 -1.0266330000 -0.7397530000 0.3973580000 -1.0226780000 -0.7397370000 0.3446487500 -0.9929137500 -0.7299095000 0.8200000000 0.8200000000 0.8200000000
0.3837200000 -1.0230250000 -0.7397230000 0.3446487500 -0.9929137500 -0.7299095000 0.3701240000 -1.0196240000 -0.7397090000 0.8200000000 0.8200000000 0.8200000000
0.1046320000 -0.6210580000 -0.7394460000 0.1747817518 -0.7555540865 -0.6746711953 0.1275040000 -0.6149080000 -0.7394690000 0.8200000000 0.8200000000 0.8200000000
0.1483500000 -0.6034890000 -0.7394890000 0.1747817518 -0.7555540865 -0.6746711953 0.1527530000 -0.6012580000 -0.7394930000 0.8200000000 0.8200000000 0.8200000000
0.0541140000 -0.6241870000 -0.7393960000 0.1747817518 -0.7555540865 -0.6746711953 0.0551860000 -0.6230920000 -0.7393970000 0.8200000000 0.8200000000 0.8200000000
-0.0359920000 -0.6301160000 -0.7393060000 0.1747817518 -0.7555540865 -0.6746711953 -0.0237310000 -0.6393130000 -0.7393180000 0.8200000000 0.8200000000 0.8200000000
0.0273410000 -0.6463800000 -0.7393690000 0.1747817518 -0.7555540865 -0.6746711953 0.0384840000 -0.6326780000 -0.7393800000 0.8200000000 0.8200000000 0.8200000000
-0.1521830000 -0.5879270000 -0.7391900000 0.1747817518 -0.7555540865 -0.6746711953 -0.1351410000 -0.5764040000 -0.7392080000 0.8200000000 0.8200000000 0.8200000000
0.8354780000 -0.8873440000 -0.7401720000 0.8403890000 -0.8874710000 -0.7401770000 2.5971574721 -0.9719098112 1.4397438246 0.8200000000 0.8200000000 0.8200000000
0.8308390000 -0.8881920000 -0.7401680000 0.8354780000 -0.8873440000 -0.7401720000 2.5971574721 -0.9719098112 1.4397438246 0.8200000000 0.8200000000 0.8200000000
0.6873840000 -0.9595920000 -0.7400250000 2.5971574721 -0.9719098112 1.4397438246 0.6853470000 -0.9626200000 -0.7400230000 0.8200000000 0.8200000000 0.8200000000
0.6733980000 -0.9748520000 -0.7400110000 0.6853470000 -0.9626200000 -0.7400230000 2.5971574721 -0.9719098112 1.4397438246 0.8200000000 0.8200000000 0.8200000000
1.3824160000 -0.5384980000 -0.7407160000 4.2613506041 0.7572409748 1.0902728366 1.3668450000 -0.5540910000 -0.7407000000 0.8200000000 0.8200000000 0.8200000000
1.4315850000 -0.4996870000 -0.7407650000 4.2613506041 0.7572409748 1.0902728366 1.4134770000 -0.5137970000 -0.7407470000 0.8200000000 0.8200000000 0.8200000000
1.4323660000 -0.5005160000 -0.7407650000 1.4429360000 -0.5227290000 -0.7407760000 4.2613506041 0.7572409748 1.0902728366 0.8200000000 0.8200000000 0.8200000000
1.5228850000 -0.5544640000 -0.7408560000 1.5235130000 -0.5506590000 -0.7408560000 4.2613506041 0.7572409748 1.0902728366 0.8200000000 0.8200000000 0.8200000000
1.5808910000 -0.3932380000 -0.7409140000 1.5818410000 -0.3914400000 -0.7409140000 4.2613506041 0.7572409748 1.0902728366 0.8200000000 0.8200000000 0.8200000000
1.6444310000 0.0867720000 -0.7409760000 1.6441560000 0.0883600000 -0.7409760000 4.2613506041 0.7572409748 1.0902728366 0.8200000000 0.8200000000 0.8200000000
1.7078210000 0.0302850000 -0.7410390000 4.2613506041 0.7572409748 1.0902728366 1.7096250000 0.0169550000 -0.7410410000 0.8200000000 0.8200000000 0.8200000000
4.2613506041 0.7572409748 1.0902728366 1.7078210000 0.0302850000 -0.7410390000 1.7077680000 0.0384670000 -0.7410390000 0.8200000000 0.8200000000 0.8200000000
1.6979480000 -0.0584960000 -0.7410300000 1.6987420000 -0.0515870000 -0.7410310000 4.2613506041 0.7572409748 1.0902728366 0.8200000000 0.8200000000 0.8200000000
1.6123900000 -0.3418240000 -0.7409440000 1.6129600000 -0.3401670000 -0.7409450000 4.2613506041 0.7572409748 1.0902728366 0.8200000000 0.8200000000 0.8200000000
1.6055560000 -0.3610600000 -0.7409370000 4.2613506041 0.7572409748 1.0902728366 1.6050850000 -0.3620550000 -0.7409370000 0.8200000000 0.8200000000 0.8200000000
1.6879470000 -0.2324090000 -0.7410190000 1.6890330000 -0.2296120000 -0.7410210000 4.2613506041 0.7572409748 1.0902728366 0.8200000000 0.8200000000 0.8200000000
1.6389380000 -0.2792310000 -0.7409710000 1.6433340000 -0.2631830000 -0.7409750000 4.2613506041 0.7572409748 1.0902728366 0.8200000000 0.8200000000 0.8200000000
1.6292670000 -0.3041720000 -0.7409610000 1.6337720000 -0.2923090000 -0.7409650000 4.2613506041 0.7572409748 1.0902728366 0.8200000000 0.8200000000 0.8200000000
1.6752250000 0.0455800000 -0.7410070000 1.6598520000 0.0498770000 -0.7409920000 4.2613506041 0.7572409748 1.0902728366 0.8200000000 0.8200000000 0.8200000000
1.6752250000 0.0455800000 -0.7410070000 1.6780090000 0.0472500000 -0.7410100000 4.2613506041 0.7572409748 1.0902728366 0.8200000000 0.8200000000 0.8200000000
1.6780090000 0.0472500000 -0.7410100000 1.6815230000 0.0482670000 -0.7410130000 4.2613506041 0.7572409748 1.0902728366 0.8200000000 0.8200000000 0.8200000000
4.2613506041 0.7572409748 1.0902728366 1.7047310000 0.0436090000 -0.7410360000 1.6983610000 0.0488290000 -0.7410300000 0.8200000000 0.8200000000 0.8200000000
1.7077680000 0.0384670000 -0.7410390000 1.7047310000 0.0436090000 -0.7410360000 4.2613506041 0.7572409748 1.0902728366 0.8200000000 0.8200000000 0.8200000000
1.6535560000 0.0641240000 -0.7409850000 1.6444310000 0.0867720000 -0.7409760000 4.2613506041 0.7572409748 1.0902728366 0.8200000000 0.8200000000 0.8200000000
1.2957530000 -0.6381900000 -0.7406300000 4.2613506041 0.7572409748 1.0902728366 1.2814690000 -0.6576880000 -0.7406150000 0.8200000000 0.8200000000 0.8200000000
1.4568210000 -0.5542370000 -0.7407900000 1.4638210000 -0.5687260000 -0.7407970000 4.2613506041 0.7572409748 1.0902728366 0.8200000000 0.8200000000 0.8200000000
1.5009390000 -0.5781710000 -0.7408340000 4.2613506041 0.7572409748 1.0902728366 1.4959400000 -0.5795810000 -0.7408290000 0.8200000000 0.8200000000 0.8200000000
1.0100190000 -0.8921990000 -0.7403450000 2.5971574721 -0.9719098112 1.4397438246 1.0061090000 -0.8928800000 -0.7403420000 0.8200000000 0.8200000000 0.8200000000
2.5971574721 -0.9719098112 1.4397438246 0.8175820000 -0.8892690000 -0.7401550000 0.8308390000 -0.8881920000 -0.7401680000 0.8200000000 0.8200000000 0.8200000000
0.7089190000 -0.9084080000 -0.7400470000 0.7110530000 -0.9025120000 -0.7400480000 2.5971574721 -0.9719098112 1.4397438246 0.8200000000 0.8200000000 0.8200000000
0.7089190000 -0.9084080000 -0.7400470000 2.5971574721 -0.9719098112 1.4397438246 0.7056000000 -0.9180440000 -0.7400430000 0.8200000000 0.8200000000 0.8200000000
0.6912120000 -0.9553950000 -0.7400290000 2.5971574721 -0.9719098112 1.4397438246 0.6873840000 -0.9595920000 -0.7400250000 0.8200000000 0.8200000000 0.8200000000
1.0473780000 0.7617220000 -0.7403830000 0.8143281185 0.9104075997 -1.0797337827 1.0486290000 0.7674860000 -0.7403840000 0.8200000000 0.8200000000 0.8200000000
0.8517600000 0.7717900000 -0.7401890000 0.8143281185 0.9104075997 -1.0797337827 0.8500760000 0.7854550000 -0.7401860000 0.8200000000 0.8200000000 0.8200000000
0.8496270000 0.7970480000 -0.7401860000 0.5705030762 0.2355511132 0.1252706032 0.8500760000 0.7854550000 -0.7401860000 0.8200000000 0.8200000000 0.8200000000
0.8517600000 0.7717900000 -0.7401890000 0.8542970000 0.7629020000 -0.7401910000 0.8143281185 0.9104075997 -1.0797337827 0.8200000000 0.8200000000 0.8200000000
0.8496270000 0.7970480000 -0.7401860000 0.8497990000 0.8001260000 -0.7401860000 0.8143281185 0.9104075997 -1.0797337827 0.8200000000 0.8200000000 0.8200000000
0.8512150000 0.8142790000 -0.7401880000 0.5705030762 0.2355511132 0.1252706032 0.8497990000 0.8001260000 -0.7401860000 0.8200000000 0.8200000000 0.8200000000
0.8578520000 0.8385720000 -0.7401940000 0.5705030762 0.2355511132 0.1252706032 0.8519460000 0.8173300000 -0.7401890000 0.8200000000 0.8200000000 0.8200000000
0.8512150000 0.8142790000 -0.7401880000 0.8519460000 0.8173300000 -0.7401890000 0.5705030762 0.2355511132 0.1252706032 0.8200000000 0.8200000000 0.8200000000
0.8658240000 0.8598400000 -0.7402020000 0.5705030762 0.2355511132 0.1252706032 0.8671020000 0.8626550000 -0.7402030000 0.8200000000 0.8200000000 0.8200000000
0.8578520000 0.8385720000 -0.7401940000 0.8658240000 0.8598400000 -0.7402020000 0.5705030762 0.2355511132 0.1252706032 0.8200000000 0.8200000000 0.8200000000
0.8688180000 0.8651040000 -0.7402050000 0.8671020000 0.8626550000 -0.7402030000 0.5705030762 0.2355511132 0.1252706032 0.8200000000 0.8200000000 0.8200000000
0.8688180000 0.8651040000 -0.7402050000 0.8760760000 0.8770030000 -0.7402120000 0.8143281185 0.9104075997 -1.0797337827 0.8200000000 0.8200000000 0.8200000000
0.8143281185 0.9104075997 -1.0797337827 0.9735930000 0.9090060000 -0.7403090000 0.9894540000 0.9070860000 -0.7403250000 0.8200000000 0.8200000000 0.8200000000
0.9086280000 0.6638150000 -0.7402450000 0.5705030762 0.2355511132 0.1252706032 0.9152700000 0.6659590000 -0.7402510000 0.8200000000 0.8200000000 0.8200000000
0.8542970000 0.7629020000 -0.7401910000 0.8568390000 0.7558270000 -0.7401940000 0.8143281185 0.9104075997 -1.0797337827 0.8200000000 0.8200000000 0.8200000000
0.9726900000 0.6676090000 -0.7403080000 4.2613506041 0.7572409748 1.0902728366 0.9820200000 0.6658840000 -0.7403180000 0.8200000000 0.8200000000 0.8200000000
0.9820200000 0.6658840000 -0.7403180000 4.2613506041 0.7572409748 1.0902728366 0.9886770000 0.6641750000 -0.7403240000 0.8200000000 0.8200000000 0.8200000000
1.2941610000 0.5143740000 -0.7406280000 4.2613506041 0.7572409748 1.0902728366 1.2949450000 0.5140360000 -0.7406290000 0.8200000000 0.8200000000 0.8200000000
1.5442170000 0.3155060000 -0.7408770000 4.2613506041 0.7572409748 1.0902728366 1.5610320000 0.2970730000 -0.7408930000 0.8200000000 0.8200000000 0.8200000000
1.5628910000 0.2936090000 -0.7408950000 1.5610320000 0.2970730000 -0.7408930000 4.2613506041 0.7572409748 1.0902728366 0.8200000000 0.8200000000 0.8200000000
1.5442170000 0.3155060000 -0.7408770000 1.5368040000 0.3252610000 -0.7408690000 4.2613506041 0.7572409748 1.0902728366 0.8200000000 0.8200000000 0.8200000000
1.4367710000 0.4194120000 -0.7407700000 1.4338950000 0.4221080000 -0.7407670000 4.2613506041 0.7572409748 1.0902728366 0.8200000000 0.8200000000 0.8200000000
1.3508130000 0.4766240000 -0.7406850000 1.3418090000 0.4820140000 -0.7406760000 4.2613506041 0.7572409748 1.0902728366 0.8200000000 0.8200000000 0.8200000000
1.3199680000 0.4989200000 -0.7406540000 1.2971600000 0.5130770000 -0.7406310000 4.2613506041 0.7572409748 1.0902728366 0.8200000000 0.8200000000 0.8200000000
4.2613506041 0.7572409748 1.0902728366 1.2971600000 0.5130770000 -0.7406310000 1.2949450000 0.5140360000 -0.7406290000 0.8200000000 0.8200000000 0.8200000000
1.2941610000 0.5143740000 -0.7406280000 1.2653790000 0.5307180000 -0.7405990000 4.2613506041 0.7572409748 1.0902728366 0.8200000000 0.8200000000 0.8200000000
4.2613506041 0.7572409748 1.0902728366 1.1551530000 0.5826950000 -0.7404900000 1.1535720000 0.5829840000 -0.7404880000 0.8200000000 0.8200000000 0.8200000000
4.2613506041 0.7572409748 1.0902728366 1.1535720000 0.5829840000 -0.7404880000 1.1329300000 0.5871130000 -0.7404680000 0.8200000000 0.8200000000 0.8200000000
0.5705030762 0.2355511132 0.1252706032 0.8542970000 0.7629020000 -0.7401910000 0.8568390000 0.7558270000 -0.7401940000 0.8200000000 0.8200000000 0.8200000000
2.5971574721 -0.9719098112 1.4397438246 0.9894540000 0.9070860000 -0.7403250000 0.9735930000 0.9090060000 -0.7403090000 0.8200000000 0.8200000000 0.8200000000
0.8143281185 0.9104075997 -1.0797337827 0.8688180000 0.8651040000 -0.7402050000 0.8671020000 0.8626550000 -0.7402030000 0.8200000000 0.8200000000 0.8200000000
0.5705030762 0.2355511132 0.1252706032 0.8688180000 0.8651040000 -0.7402050000 0.8760760000 0.8770030000 -0.7402120000 0.8200000000 0.8200000000 0.8200000000
0.8671020000 0.8626550000 -0.7402030000 0.8658240000 0.8598400000 -0.7402020000 0.8143281185 0.9104075997 -1.0797337827 0.8200000000 0.8200000000 0.8200000000
0.8143281185 0.9104075997 -1.0797337827 0.8578520000 0.8385720000 -0.7401940000 0.8658240000 0.8598400000 -0.7402020000 0.8200000000 0.8200000000 0.8200000000
0.8578520000 0.8385720000 -0.7401940000 0.8519460000 0.8173300000 -0.7401890000 0.8143281185 0.9104075997 -1.0797337827 0.8200000000 0.8200000000 0.8200000000
0.8143281185 0.9104075997 -1.0797337827 0.8512150000 0.8142790000 -0.7401880000 0.8519460000 0.8173300000 -0.7401890000 0.8200000000 0.8200000000 0.8200000000
0.8512150000 0.8142790000 -0.7401880000 0.8497990000 0.8001260000 -0.7401860000 0.8143281185 0.9104075997 -1.0797337827 0.8200000000 0.8200000000 0.8200000000
0.5705030762 0.2355511132 0.1252706032 0.8496270000 0.7970480000 -0.7401860000 0.8497990000 0.8001260000 -0.7401860000 0.8200000000 0.8200000000 0.8200000000
0.8542970000 0.7629020000 -0.7401910000 0.8517600000 0.7717900000 -0.7401890000 0.5705030762 0.2355511132 0.1252706032 0.8200000000 0.8200000000 0.8200000000
0.8517600000 0.7717900000 -0.7401890000 0.8500760000 0.7854550000 -0.7401860000 0.5705030762 0.2355511132 0.1252706032 0.8200000000 0.8200000000 0.8200000000
0.8496270000 0.7970480000 -0.7401860000 0.8500760000 0.7854550000 -0.7401860000 0.8143281185 0.9104075997 -1.0797337827 0.8200000000 0.8200000000 0.8200000000
4.2613506041 0.7572409748 1.0902728366 1.0473780000 0.7617220000 -0.7403830000 1.0486290000 0.7674860000 -0.7403840000 0.8200000000 0.8200000000 0.8200000000
2.5971574721 -0.9719098112 1.4397438246 0.4050640000 -0.2080740000 -0.7397440000 0.4041260000 -0.2096030000 -0.7397430000 0.8200000000 0.8200000000 0.8200000000
0.1747817518 -0.7555540865 -0.6746711953 0.1940820000 -0.5516210000 -0.7395340000 0.2043970000 -0.5453260000 -0.7395450000 0.8200000000 0.8200000000 0.8200000000
0.1747817518 -0.7555540865 -0.6746711953 0.2043970000 -0.5453260000 -0.7395450000 0.2186750000 -0.5322060000 -0.7395590000 0.8200000000 0.8200000000 0.8200000000
2.5971574721 -0.9719098112 1.4397438246 0.5092520000 -1.0269820000 -0.7398480000 0.5239190000 -1.0288120000 -0.7398630000 0.8200000000 0.8200000000 0.8200000000
2.5971574721 -0.9719098112 1.4397438246 0.8712120000 -0.8853250000 -0.7402080000 0.8749410000 -0.8847780000 -0.7402120000 0.8200000000 0.8200000000 0.8200000000
2.5971574721 -0.9719098112 1.4397438246 0.7446120000 -0.8858790000 -0.7400820000 0.7588910000 -0.8886810000 -0.7400970000 0.8200000000 0.8200000000 0.8200000000
2.5971574721 -0.9719098112 1.4397438246 0.7588910000 -0.8886810000 -0.7400970000 0.7753190000 -0.8881980000 -0.7401120000 0.8200000000 0.8200000000 0.8200000000
2.5971574721 -0.9719098112 1.4397438246 0.7262270000 -0.8872000000 -0.7400640000 0.7367310000 -0.8875260000 -0.7400740000 0.8200000000 0.8200000000 0.8200000000
0.7367310000 -0.8875260000 -0.7400740000 0.7446120000 -0.8858790000 -0.7400820000 2.5971574721 -0.9719098112 1.4397438246 0.8200000000 0.8200000000 0.8200000000
0.6912120000 -0.9553950000 -0.7400290000 0.6967840000 -0.9432350000 -0.7400340000 2.5971574721 -0.9719098112 1.4397438246 0.8200000000 0.8200000000 0.8200000000
2.5971574721 -0.9719098112 1.4397438246 0.6967840000 -0.9432350000 -0.7400340000 0.7056000000 -0.9180440000 -0.7400430000 0.8200000000 0.8200000000 0.8200000000
2.5971574721 -0.9719098112 1.4397438246 0.7195000000 -0.8898260000 -0.7400570000 0.7262270000 -0.8872000000 -0.7400640000 0.8200000000 0.8200000000 0.8200000000
0.7110530000 -0.9025120000 -0.7400480000 0.7154850000 -0.8922520000 -0.7400530000 2.5971574721 -0.9719098112 1.4397438246 0.8200000000 0.8200000000 0.8200000000
0.7154850000 -0.8922520000 -0.7400530000 0.7195000000 -0.8898260000 -0.7400570000 2.5971574721 -0.9719098112 1.4397438246 0.8200000000 0.8200000000 0.8200000000
2.5971574721 -0.9719098112 1.4397438246 0.7846950000 -0.8892010000 -0.7401220000 0.8175820000 -0.8892690000 -0.7401550000 0.8200000000 0.8200000000 0.8200000000
0.7846950000 -0.8892010000 -0.7401220000 0.7753190000 -0.8881980000 -0.7401120000 2.5971574721 -0.9719098112 1.4397438246 0.8200000000 0.8200000000 0.8200000000
2.5971574721 -0.9719098112 1.4397438246 0.8539010000 -0.8862000000 -0.7401910000 0.8712120000 -0.8853250000 -0.7402080000 0.8200000000 0.8200000000 0.8200000000
0.8403890000 -0.8874710000 -0.7401770000 0.8539010000 -0.8862000000 -0.7401910000 2.5971574721 -0.9719098112 1.4397438246 0.8200000000 0.8200000000 0.8200000000
4.2613506041 0.7572409748 1.0902728366 1.3998540000 -0.5172000000 -0.7407330000 1.4134770000 -0.5137970000 -0.7407470000 0.8200000000 0.8200000000 0.8200000000
2.5971574721 -0.9719098112 1.4397438246 1.1284930000 -0.8441200000 -0.7404640000 1.1314080000 -0.8422340000 -0.7404670000 0.8200000000 0.8200000000 0.8200000000
1.1095210000 -0.8550320000 -0.7404450000 1.1284930000 -0.8441200000 -0.7404640000 2.5971574721 -0.9719098112 1.4397438246 0.8200000000 0.8200000000 0.8200000000
2.5971574721 -0.9719098112 1.4397438246 1.1041470000 -0.8580900000 -0.7404390000 1.1095210000 -0.8550320000 -0.7404450000 0.8200000000 0.8200000000 0.8200000000
2.5971574721 -0.9719098112 1.4397438246 1.1003900000 -0.8588470000 -0.7404360000 1.1041470000 -0.8580900000 -0.7404390000 0.8200000000 0.8200000000 0.8200000000
2.5971574721 -0.9719098112 1.4397438246 1.0877180000 -0.8624080000 -0.7404230000 1.1003900000 -0.8588470000 -0.7404360000 0.8200000000 0.8200000000 0.8200000000
2.5971574721 -0.9719098112 1.4397438246 1.0689860000 -0.8708870000 -0.7404050000 1.0877180000 -0.8624080000 -0.7404230000 0.8200000000 0.8200000000 0.8200000000
2.5971574721 -0.9719098112 1.4397438246 1.0543140000 -0.8756180000 -0.7403900000 1.0689860000 -0.8708870000 -0.7404050000 0.8200000000 0.8200000000 0.8200000000
2.5971574721 -0.9719098112 1.4397438246 1.0441220000 -0.8812420000 -0.7403800000 1.0543140000 -0.8756180000 -0.7403900000 0.8200000000 0.8200000000 0.8200000000
2.5971574721 -0.9719098112 1.4397438246 1.0353660000 -0.8843910000 -0.7403710000 1.0441220000 -0.8812420000 -0.7403800000 0.8200000000 0.8200000000 0.8200000000
2.5971574721 -0.9719098112 1.4397438246 1.0290090000 -0.8860380000 -0.7403650000 1.0353660000 -0.8843910000 -0.7403710000 0.8200000000 0.8200000000 0.8200000000
1.0100190000 -0.8921990000 -0.7403450000 1.0240730000 -0.8876960000 -0.7403600000 2.5971574721 -0.9719098112 1.4397438246 0.8200000000 0.8200000000 0.8200000000
1.0240730000 -0.8876960000 -0.7403600000 1.0290090000 -0.8860380000 -0.7403650000 2.5971574721 -0.9719098112 1.4397438246 0.8200000000 0.8200000000 0.8200000000
4.2613506041 0.7572409748 1.0902728366 1.1888740000 -0.7787020000 -0.7405230000 1.1999080000 -0.7672490000 -0.7405340000 0.8200000000 0.8200000000 0.8200000000
4.2613506041 0.7572409748 1.0902728366 1.1999080000 -0.7672490000 -0.7405340000 1.2068200000 -0.7564390000 -0.7405410000 0.8200000000 0.8200000000 0.8200000000
2.5971574721 -0.9719098112 1.4397438246 1.1314080000 -0.8422340000 -0.7404670000 1.1411500000 -0.8342900000 -0.7404760000 0.8200000000 0.8200000000 0.8200000000
1.1411500000 -0.8342900000 -0.7404760000 1.1491880000 -0.8266250000 -0.7404840000 2.5971574721 -0.9719098112 1.4397438246 0.8200000000 0.8200000000 0.8200000000
2.5971574721 -0.9719098112 1.4397438246 1.1491880000 -0.8266250000 -0.7404840000 1.1594140000 -0.8118990000 -0.7404940000 0.8200000000 0.8200000000 0.8200000000
1.1821770000 -0.7870880000 -0.7405170000 1.1888740000 -0.7787020000 -0.7405230000 4.2613506041 0.7572409748 1.0902728366 0.8200000000 0.8200000000 0.8200000000
4.2613506041 0.7572409748 1.0902728366 1.1754260000 -0.7969930000 -0.7405100000 1.1821770000 -0.7870880000 -0.7405170000 0.8200000000 0.8200000000 0.8200000000
2.5971574721 -0.9719098112 1.4397438246 1.1594140000 -0.8118990000 -0.7404940000 1.1754260000 -0.7969930000 -0.7405100000 0.8200000000 0.8200000000 0.8200000000
1.1754260000 -0.7969930000 -0.7405100000 4.2613506041 0.7572409748 1.0902728366 2.5971574721 -0.9719098112 1.4397438246 0.8200000000 0.8200000000 0.8200000000
4.2613506041 0.7572409748 1.0902728366 1.4919480000 -0.5789740000 -0.7408250000 1.4959400000 -0.5795810000 -0.7408290000 0.8200000000 0.8200000000 0.8200000000
4.2613506041 0.7572409748 1.0902728366 1.3275870000 -0.5987160000 -0.7406620000 1.3301880000 -0.5970090000 -0.7406640000 0.8200000000 0.8200000000 0.8200000000
4.2613506041 0.7572409748 1.0902728366 1.3143250000 -0.6138790000 -0.7406480000 1.3275870000 -0.5987160000 -0.7406620000 0.8200000000 0.8200000000 0.8200000000
4.2613506041 0.7572409748 1.0902728366 1.3002750000 -0.6328690000 -0.7406340000 1.3143250000 -0.6138790000 -0.7406480000 0.8200000000 0.8200000000 0.8200000000
4.2613506041 0.7572409748 1.0902728366 1.3301880000 -0.5970090000 -0.7406640000 1.3382450000 -0.5915730000 -0.7406720000 0.8200000000 0.8200000000 0.8200000000
4.2613506041 0.7572409748 1.0902728366 1.3382450000 -0.5915730000 -0.7406720000 1.3391540000 -0.5908260000 -0.7406730000 0.8200000000 0.8200000000 0.8200000000
4.2613506041 0.7572409748 1.0902728366 1.4846490000 -0.5763850000 -0.7408180000 1.4919480000 -0.5789740000 -0.7408250000 0.8200000000 0.8200000000 0.8200000000
4.2613506041 0.7572409748 1.0902728366 1.4846490000 -0.5763850000 -0.7408180000 1.4638210000 -0.5687260000 -0.7407970000 0.8200000000 0.8200000000 0.8200000000
1.2957530000 -0.6381900000 -0.7406300000 1.2966310000 -0.6369010000 -0.7406310000 4.2613506041 0.7572409748 1.0902728366 0.8200000000 0.8200000000 0.8200000000
1.2743990000 -0.6637720000 -0.7406090000 1.2814690000 -0.6576880000 -0.7406150000 4.2613506041 0.7572409748 1.0902728366 0.8200000000 0.8200000000 0.8200000000
4.2613506041 0.7572409748 1.0902728366 1.2641200000 -0.6798630000 -0.7405980000 1.2660730000 -0.6771450000 -0.7406000000 0.8200000000 0.8200000000 0.8200000000
1.2660730000 -0.6771450000 -0.7406000000 1.2743990000 -0.6637720000 -0.7406090000 4.2613506041 0.7572409748 1.0902728366 0.8200000000 0.8200000000 0.8200000000
4.2613506041 0.7572409748 1.0902728366 1.2577310000 -0.6879820000 -0.7405920000 1.2641200000 -0.6798630000 -0.7405980000 0.8200000000 0.8200000000 0.8200000000
1.2466020000 -0.7010440000 -0.7405810000 1.2577310000 -0.6879820000 -0.7405920000 4.2613506041 0.7572409748 1.0902728366 0.8200000000 0.8200000000 0.8200000000
1.2396950000 -0.7115500000 -0.7405740000 1.2466020000 -0.7010440000 -0.7405810000 4.2613506041 0.7572409748 1.0902728366 0.8200000000 0.8200000000 0.8200000000
1.2068200000 -0.7564390000 -0.7405410000 1.2256130000 -0.7312470000 -0.7405600000 4.2613506041 0.7572409748 1.0902728366 0.8200000000 0.8200000000 0.8200000000
4.2613506041 0.7572409748 1.0902728366 1.2256130000 -0.7312470000 -0.7405600000 1.2324020000 -0.7207160000 -0.7405670000 0.8200000000 0.8200000000 0.8200000000
4.2613506041 0.7572409748 1.0902728366 1.2324020000 -0.7207160000 -0.7405670000 1.2396950000 -0.7115500000 -0.7405740000 0.8200000000 0.8200000000 0.8200000000
4.2613506041 0.7572409748 1.0902728366 1.6983610000 0.0488290000 -0.7410300000 1.6815230000 0.0482670000 -0.7410130000 0.8200000000 0.8200000000 0.8200000000
4.2613506041 0.7572409748 1.0902728366 1.6584560000 0.0505720000 -0.7409900000 1.6535560000 0.0641240000 -0.7409850000 0.8200000000 0.8200000000 0.8200000000
4.2613506041 0.7572409748 1.0902728366 1.6598520000 0.0498770000 -0.7409920000 1.6584560000 0.0505720000 -0.7409900000 0.8200000000 0.8200000000 0.8200000000
4.2613506041 0.7572409748 1.0902728366 1.6894100000 -0.2072120000 -0.7410210000 1.6888840000 -0.1971340000 -0.7410200000 0.8200000000 0.8200000000 0.8200000000
4.2613506041 0.7572409748 1.0902728366 1.6337720000 -0.2923090000 -0.7409650000 1.6366030000 -0.2862190000 -0.7409690000 0.8200000000 0.8200000000 0.8200000000
4.2613506041 0.7572409748 1.0902728366 1.6366030000 -0.2862190000 -0.7409690000 1.6389380000 -0.2792310000 -0.7409710000 0.8200000000 0.8200000000 0.8200000000
4.2613506041 0.7572409748 1.0902728366 1.6433340000 -0.2631830000 -0.7409750000 1.6462340000 -0.2540230000 -0.7409780000 0.8200000000 0.8200000000 0.8200000000
4.2613506041 0.7572409748 1.0902728366 1.6483950000 -0.2497510000 -0.7409800000 1.6541720000 -0.2457270000 -0.7409850000 0.8200000000 0.8200000000 0.8200000000
1.6462340000 -0.2540230000 -0.7409780000 1.6483950000 -0.2497510000 -0.7409800000 4.2613506041 0.7572409748 1.0902728366 0.8200000000 0.8200000000 0.8200000000
1.6897140000 -0.2216590000 -0.7410210000 1.6894100000 -0.2072120000 -0.7410210000 4.2613506041 0.7572409748 1.0902728366 0.8200000000 0.8200000000 0.8200000000
4.2613506041 0.7572409748 1.0902728366 1.6890330000 -0.2296120000 -0.7410210000 1.6897140000 -0.2216590000 -0.7410210000 0.8200000000 0.8200000000 0.8200000000
4.2613506041 0.7572409748 1.0902728366 1.6840060000 -0.2404520000 -0.7410160000 1.6879470000 -0.2324090000 -0.7410190000 0.8200000000 0.8200000000 0.8200000000
1.6800110000 -0.2454310000 -0.7410120000 1.6840060000 -0.2404520000 -0.7410160000 4.2613506041 0.7572409748 1.0902728366 0.8200000000 0.8200000000 0.8200000000
4.2613506041 0.7572409748 1.0902728366 1.6751850000 -0.2474150000 -0.7410070000 1.6800110000 -0.2454310000 -0.7410120000 0.8200000000 0.8200000000 0.8200000000
4.2613506041 0.7572409748 1.0902728366 1.6706660000 -0.2483040000 -0.7410020000 1.6583420000 -0.2442580000 -0.7409900000 0.8200000000 0.8200000000 0.8200000000
4.2613506041 0.7572409748 1.0902728366 1.6706660000 -0.2483040000 -0.7410020000 1.6751850000 -0.2474150000 -0.7410070000 0.8200000000 0.8200000000 0.8200000000
4.2613506041 0.7572409748 1.0902728366 1.6541720000 -0.2457270000 -0.7409850000 1.6559570000 -0.2435720000 -0.7409880000 0.8200000000 0.8200000000 0.8200000000
4.2613506041 0.7572409748 1.0902728366 1.6559570000 -0.2435720000 -0.7409880000 1.6583420000 -0.2442580000 -0.7409900000 0.8200000000 0.8200000000 0.8200000000
4.2613506041 0.7572409748 1.0902728366 1.5818410000 -0.3914400000 -0.7409140000 1.5826660000 -0.3902450000 -0.7409150000 0.8200000000 0.8200000000 0.8200000000
4.2613506041 0.7572409748 1.0902728366 1.5826660000 -0.3902450000 -0.7409150000 1.6035390000 -0.3641070000 -0.7409350000 0.8200000000 0.8200000000 0.8200000000
4.2613506041 0.7572409748 1.0902728366 1.6035390000 -0.3641070000 -0.7409350000 1.6050850000 -0.3620550000 -0.7409370000 0.8200000000 0.8200000000 0.8200000000
4.2613506041 0.7572409748 1.0902728366 1.6055560000 -0.3610600000 -0.7409370000 1.6123900000 -0.3418240000 -0.7409440000 0.8200000000 0.8200000000 0.8200000000
4.2613506041 0.7572409748 1.0902728366 1.6249880000 -0.3123350000 -0.7409570000 1.6292670000 -0.3041720000 -0.7409610000 0.8200000000 0.8200000000 0.8200000000
4.2613506041 0.7572409748 1.0902728366 1.6193050000 -0.3259080000 -0.7409510000 1.6249880000 -0.3123350000 -0.7409570000 0.8200000000 0.8200000000 0.8200000000
1.6129600000 -0.3401670000 -0.7409450000 1.6193050000 -0.3259080000 -0.7409510000 4.2613506041 0.7572409748 1.0902728366 0.8200000000 0.8200000000 0.8200000000
4.2613506041 0.7572409748 1.0902728366 1.6937580000 -0.1223450000 -0.7410250000 1.6938430000 -0.1144000000 -0.7410250000 0.8200000000 0.8200000000 0.8200000000
4.2613506041 0.7572409748 1.0902728366 1.6926640000 -0.1277850000 -0.7410240000 1.6937580000 -0.1223450000 -0.7410250000 0.8200000000 0.8200000000 0.8200000000
4.2613506041 0.7572409748 1.0902728366 1.6925060000 -0.1525080000 -0.7410240000 1.6926640000 -0.1277850000 -0.7410240000 0.8200000000 0.8200000000 0.8200000000
4.2613506041 0.7572409748 1.0902728366 1.6888840000 -0.1971340000 -0.7410200000 1.6894450000 -0.1893050000 -0.7410210000 0.8200000000 0.8200000000 0.8200000000
4.2613506041 0.7572409748 1.0902728366 1.6921030000 -0.1683180000 -0.7410240000 1.6925060000 -0.1525080000 -0.7410240000 0.8200000000 0.8200000000 0.8200000000
4.2613506041 0.7572409748 1.0902728366 1.6894450000 -0.1893050000 -0.7410210000 1.6921030000 -0.1683180000 -0.7410240000 0.8200000000 0.8200000000 0.8200000000
4.2613506041 0.7572409748 1.0902728366 1.6988940000 -0.0461410000 -0.7410300000 1.6992530000 -0.0422360000 -0.7410310000 0.8200000000 0.8200000000 0.8200000000
4.2613506041 0.7572409748 1.0902728366 1.6987420000 -0.0515870000 -0.7410310000 1.6988940000 -0.0461410000 -0.7410300000 0.8200000000 0.8200000000 0.8200000000
4.2613506041 0.7572409748 1.0902728366 1.6938430000 -0.1144000000 -0.7410250000 1.6966120000 -0.0928590000 -0.7410280000 0.8200000000 0.8200000000 0.8200000000
4.2613506041 0.7572409748 1.0902728366 1.6966120000 -0.0928590000 -0.7410280000 1.6965420000 -0.0811560000 -0.7410280000 0.8200000000 0.8200000000 0.8200000000
4.2613506041 0.7572409748 1.0902728366 1.6965420000 -0.0811560000 -0.7410280000 1.6979480000 -0.0584960000 -0.7410300000 0.8200000000 0.8200000000 0.8200000000
4.2613506041 0.7572409748 1.0902728366 1.6992530000 -0.0422360000 -0.7410310000 1.7034550000 -0.0146280000 -0.7410350000 0.8200000000 0.8200000000 0.8200000000
4.2613506041 0.7572409748 1.0902728366 1.7069770000 0.0044210000 -0.7410380000 1.7096250000 0.0169550000 -0.7410410000 0.8200000000 0.8200000000 0.8200000000
4.2613506041 0.7572409748 1.0902728366 1.7034550000 -0.0146280000 -0.7410350000 1.7069770000 0.0044210000 -0.7410380000 0.8200000000 0.8200000000 0.8200000000
4.2613506041 0.7572409748 1.0902728366 1.6441560000 0.0883600000 -0.7409760000 1.6437080000 0.0895800000 -0.7409750000 0.8200000000 0.8200000000 0.8200000000
4.2613506041 0.7572409748 1.0902728366 1.5697290000 -0.4179420000 -0.7409020000 1.5808910000 -0.3932380000 -0.7409140000 0.8200000000 0.8200000000 0.8200000000
4.2613506041 0.7572409748 1.0902728366 1.5611250000 -0.4309170000 -0.7408930000 1.5697290000 -0.4179420000 -0.7409020000 0.8200000000 0.8200000000 0.8200000000
4.2613506041 0.7572409748 1.0902728366 1.5582640000 -0.4356120000 -0.7408910000 1.5611250000 -0.4309170000 -0.7408930000 0.8200000000 0.8200000000 0.8200000000
4.2613506041 0.7572409748 1.0902728366 1.5545200000 -0.4451550000 -0.7408870000 1.5582640000 -0.4356120000 -0.7408910000 0.8200000000 0.8200000000 0.8200000000
4.2613506041 0.7572409748 1.0902728366 1.5517240000 -0.4520450000 -0.7408840000 1.5545200000 -0.4451550000 -0.7408870000 0.8200000000 0.8200000000 0.8200000000
4.2613506041 0.7572409748 1.0902728366 1.5394060000 -0.4855860000 -0.7408710000 1.5450880000 -0.4654470000 -0.7408770000 0.8200000000 0.8200000000 0.8200000000
1.5450880000 -0.4654470000 -0.7408770000 1.5517240000 -0.4520450000 -0.7408840000 4.2613506041 0.7572409748 1.0902728366 0.8200000000 0.8200000000 0.8200000000
1.5235130000 -0.5506590000 -0.7408560000 1.5303520000 -0.5202930000 -0.7408630000 4.2613506041 0.7572409748 1.0902728366 0.8200000000 0.8200000000 0.8200000000
4.2613506041 0.7572409748 1.0902728366 1.5375970000 -0.4941950000 -0.7408700000 1.5394060000 -0.4855860000 -0.7408710000 0.8200000000 0.8200000000 0.8200000000
4.2613506041 0.7572409748 1.0902728366 1.5303520000 -0.5202930000 -0.7408630000 1.5375970000 -0.4941950000 -0.7408700000 0.8200000000 0.8200000000 0.8200000000
4.2613506041 0.7572409748 1.0902728366 1.5182250000 -0.5623620000 -0.7408510000 1.5228850000 -0.5544640000 -0.7408560000 0.8200000000 0.8200000000 0.8200000000
1.5009390000 -0.5781710000 -0.7408340000 1.5123440000 -0.5692260000 -0.7408450000 4.2613506041 0.7572409748 1.0902728366 0.8200000000 0.8200000000 0.8200000000
4.2613506041 0.7572409748 1.0902728366 1.5123440000 -0.5692260000 -0.7408450000 1.5182250000 -0.5623620000 -0.7408510000 0.8200000000 0.8200000000 0.8200000000
1.4568210000 -0.5542370000 -0.7407900000 1.4429360000 -0.5227290000 -0.7407760000 4.2613506041 0.7572409748 1.0902728366 0.8200000000 0.8200000000 0.8200000000
4.2613506041 0.7572409748 1.0902728366 1.4323660000 -0.5005160000 -0.7407650000 1.4318850000 -0.4994060000 -0.7407650000 0.8200000000 0.8200000000 0.8200000000
4.2613506041 0.7572409748 1.0902728366 1.4318050000 -0.4995300000 -0.7407650000 1.4318850000 -0.4994060000 -0.7407650000 0.8200000000 0.8200000000 0.8200000000
1.4315850000 -0.4996870000 -0.7407650000 1.4317260000 -0.4995610000 -0.7407650000 4.2613506041 0.7572409748 1.0902728366 0.8200000000 0.8200000000 0.8200000000
1.4317260000 -0.4995610000 -0.7407650000 1.4318050000 -0.4995300000 -0.7407650000 4.2613506041 0.7572409748 1.0902728366 0.8200000000 0.8200000000 0.8200000000
4.2613506041 0.7572409748 1.0902728366 1.3872120000 -0.5327060000 -0.7407210000 1.3998540000 -0.5172000000 -0.7407330000 0.8200000000 0.8200000000 0.8200000000
4.2613506041 0.7572409748 1.0902728366 1.3824160000 -0.5384980000 -0.7407160000 1.3872120000 -0.5327060000 -0.7407210000 0.8200000000 0.8200000000 0.8200000000
1.3639770000 -0.5580510000 -0.7406970000 1.3668450000 -0.5540910000 -0.7407000000 4.2613506041 0.7572409748 1.0902728366 0.8200000000 0.8200000000 0.8200000000
1.3391540000 -0.5908260000 -0.7406730000 1.3562050000 -0.5700000000 -0.7406900000 4.2613506041 0.7572409748 1.0902728366 0.8200000000 0.8200000000 0.8200000000
4.2613506041 0.7572409748 1.0902728366 1.3562050000 -0.5700000000 -0.7406900000 1.3639770000 -0.5580510000 -0.7406970000 0.8200000000 0.8200000000 0.8200000000
4.2613506041 0.7572409748 1.0902728366 1.2966310000 -0.6369010000 -0.7406310000 1.2981150000 -0.6353790000 -0.7406320000 0.8200000000 0.8200000000 0.8200000000
1.2981150000 -0.6353790000 -0.7406320000 1.3002750000 -0.6328690000 -0.7406340000 4.2613506041 0.7572409748 1.0902728366 0.8200000000 0.8200000000 0.8200000000
2.5971574721 -0.9719098112 1.4397438246 0.6088700000 -1.0141630000 -0.7399470000 0.6192260000 -1.0096040000 -0.7399570000 0.8200000000 0.8200000000 0.8200000000
0.6192260000 -1.0096040000 -0.7399570000 0.6334920000 -1.0018000000 -0.7399710000 2.5971574721 -0.9719098112 1.4397438246 0.8200000000 0.8200000000 0.8200000000
0.6334920000 -1.0018000000 -0.7399710000 0.6385170000 -0.9995880000 -0.7399760000 2.5971574721 -0.9719098112 1.4397438246 0.8200000000 0.8200000000 0.8200000000
2.5971574721 -0.9719098112 1.4397438246 0.6626450000 -0.9828390000 -0.7400000000 0.6733980000 -0.9748520000 -0.7400110000 0.8200000000 0.8200000000 0.8200000000
2.5971574721 -0.9719098112 1.4397438246 0.6385170000 -0.9995880000 -0.7399760000 0.6608790000 -0.9849880000 -0.7399980000 0.8200000000 0.8200000000 0.8200000000
0.6608790000 -0.9849880000 -0.7399980000 0.6626450000 -0.9828390000 -0.7400000000 2.5971574721 -0.9719098112 1.4397438246 0.8200000000 0.8200000000 0.8200000000
0.1747817518 -0.7555540865 -0.6746711953 -0.0981670000 -0.5889180000 -0.7392440000 -0.0913840000 -0.5934190000 -0.7392510000 0.8200000000 0.8200000000 0.8200000000
0.1747817518 -0.7555540865 -0.6746711953 -0.0381510000 -0.6285990000 -0.7393040000 -0.0402460000 -0.6275720000 -0.7393010000 0.8200000000 0.8200000000 0.8200000000
0.1747817518 -0.7555540865 -0.6746711953 -0.0359920000 -0.6301160000 -0.7393060000 -0.0381510000 -0.6285990000 -0.7393040000 0.8200000000 0.8200000000 0.8200000000
0.1747817518 -0.7555540865 -0.6746711953 0.0247180000 -0.6488890000 -0.7393670000 0.0109260000 -0.6585610000 -0.7393520000 0.8200000000 0.8200000000 0.8200000000
0.1747817518 -0.7555540865 -0.6746711953 0.0247180000 -0.6488890000 -0.7393670000 0.0273410000 -0.6463800000 -0.7393690000 0.8200000000 0.8200000000 0.8200000000
0.1747817518 -0.7555540865 -0.6746711953 0.0384840000 -0.6326780000 -0.7393800000 0.0541140000 -0.6241870000 -0.7393960000 0.8200000000 0.8200000000 0.8200000000
0.0893060000 -0.6265060000 -0.7394300000 0.0856790000 -0.6260580000 -0.7394270000 0.1747817518 -0.7555540865 -0.6746711953 0.8200000000 0.8200000000 0.8200000000
0.1747817518 -0.7555540865 -0.6746711953 0.1013830000 -0.6215590000 -0.7394430000 0.1035260000 -0.6210230000 -0.7394450000 0.8200000000 0.8200000000 0.8200000000
0.1747817518 -0.7555540865 -0.6746711953 0.1013830000 -0.6215590000 -0.7394430000 0.0893060000 -0.6265060000 -0.7394300000 0.8200000000 0.8200000000 0.8200000000
0.1747817518 -0.7555540865 -0.6746711953 0.0061680000 -0.6606250000 -0.7393470000 0.0109260000 -0.6585610000 -0.7393520000 0.8200000000 0.8200000000 0.8200000000
0.1747817518 -0.7555540865 -0.6746711953 0.0000880000 -0.6589560000 -0.7393420000 0.0061680000 -0.6606250000 -0.7393470000 0.8200000000 0.8200000000 0.8200000000
0.1747817518 -0.7555540865 -0.6746711953 0.0000880000 -0.6589560000 -0.7393420000 -0.0056470000 -0.6567420000 -0.7393360000 0.8200000000 0.8200000000 0.8200000000
0.1747817518 -0.7555540865 -0.6746711953 -0.0056470000 -0.6567420000 -0.7393360000 -0.0106830000 -0.6498150000 -0.7393310000 0.8200000000 0.8200000000 0.8200000000
-0.0237310000 -0.6393130000 -0.7393180000 -0.0136920000 -0.6455740000 -0.7393280000 0.1747817518 -0.7555540865 -0.6746711953 0.8200000000 0.8200000000 0.8200000000
0.1747817518 -0.7555540865 -0.6746711953 -0.0136920000 -0.6455740000 -0.7393280000 -0.0106830000 -0.6498150000 -0.7393310000 0.8200000000 0.8200000000 0.8200000000
0.1747817518 -0.7555540865 -0.6746711953 0.0563690000 -0.6232480000 -0.7393980000 0.0551860000 -0.6230920000 -0.7393970000 0.8200000000 0.8200000000 0.8200000000
0.1747817518 -0.7555540865 -0.6746711953 0.0856790000 -0.6260580000 -0.7394270000 0.0727570000 -0.6265910000 -0.7394130000 0.8200000000 0.8200000000 0.8200000000
0.1747817518 -0.7555540865 -0.6746711953 0.0727570000 -0.6265910000 -0.7394130000 0.0563690000 -0.6232480000 -0.7393980000 0.8200000000 0.8200000000 0.8200000000
0.1747817518 -0.7555540865 -0.6746711953 0.1315530000 -0.6131320000 -0.7394720000 0.1483500000 -0.6034890000 -0.7394890000 0.8200000000 0.8200000000 0.8200000000
0.1747817518 -0.7555540865 -0.6746711953 0.1275040000 -0.6149080000 -0.7394690000 0.1315530000 -0.6131320000 -0.7394720000 0.8200000000 0.8200000000 0.8200000000
0.1046320000 -0.6210580000 -0.7394460000 0.1035260000 -0.6210230000 -0.7394450000 0.1747817518 -0.7555540865 -0.6746711953 0.8200000000 0.8200000000 0.8200000000
0.3446487500 -0.9929137500 -0.7299095000 0.4219110000 -1.0282570000 -0.7397610000 0.4357080000 -1.0277340000 -0.7397750000 0.8200000000 0.8200000000 0.8200000000
0.5035160000 -0.9690470000 -0.7398430000 0.4927580000 -0.9886540000 -0.7397720000 0.4540935000 -0.9809860000 -0.7427645000 0.8200000000 0.8200000000 0.8200000000
2.5971574721 -0.9719098112 1.4397438246 0.4927580000 -0.9886540000 -0.7397720000 0.4660290000 -0.9913640000 -0.7398060000 0.8200000000 0.8200000000 0.8200000000
0.3446487500 -0.9929137500 -0.7299095000 0.4137010000 -0.9737280000 -0.7397530000 0.4251610000 -0.9605390000 -0.7397650000 0.8200000000 0.8200000000 0.8200000000
0.3446487500 -0.9929137500 -0.7299095000 0.4285260000 -0.9879190000 -0.7397680000 0.4137010000 -0.9737280000 -0.7397530000 0.8200000000 0.8200000000 0.8200000000
0.4461540000 -0.9880460000 -0.7397850000 0.4285260000 -0.9879190000 -0.7397680000 0.3446487500 -0.9929137500 -0.7299095000 0.8200000000 0.8200000000 0.8200000000
2.5971574721 -0.9719098112 1.4397438246 0.4660290000 -0.9913640000 -0.7398060000 0.4584010000 -0.9909670000 -0.7397980000 0.8200000000 0.8200000000 0.8200000000
0.4584010000 -0.9909670000 -0.7397980000 0.3446487500 -0.9929137500 -0.7299095000 2.5971574721 -0.9719098112 1.4397438246 0.8200000000 0.8200000000 0.8200000000
0.3446487500 -0.9929137500 -0.7299095000 0.4584010000 -0.9909670000 -0.7397980000 0.4461540000 -0.9880460000 -0.7397850000 0.8200000000 0.8200000000 0.8200000000
0.3701240000 -1.0196240000 -0.7397090000 0.3523900000 -1.0115120000 -0.7396920000 0.3446487500 -0.9929137500 -0.7299095000 0.8200000000 0.8200000000 0.8200000000
0.1747817518 -0.7555540865 -0.6746711953 0.2795410000 -1.0134780000 -0.7396190000 0.2912230000 -1.0033720000 -0.7396310000 0.8200000000 0.8200000000 0.8200000000
0.2912230000 -1.0033720000 -0.7396310000 0.2944380000 -1.0015680000 -0.7396350000 0.1747817518 -0.7555540865 -0.6746711953 0.8200000000 0.8200000000 0.8200000000
0.1747817518 -0.7555540865 -0.6746711953 0.2944380000 -1.0015680000 -0.7396350000 0.3059760000 -0.9999920000 -0.7396460000 0.8200000000 0.8200000000 0.8200000000
0.3059760000 -0.9999920000 -0.7396460000 0.1747817518 -0.7555540865 -0.6746711953 0.3446487500 -0.9929137500 -0.7299095000 0.8200000000 0.8200000000 0.8200000000
0.3446487500 -0.9929137500 -0.7299095000 0.3181010000 -1.0050460000 -0.7396580000 0.3059760000 -0.9999920000 -0.7396460000 0.8200000000 0.8200000000 0.8200000000
0.3446487500 -0.9929137500 -0.7299095000 0.3462490000 -1.0059940000 -0.7396860000 0.3523900000 -1.0115120000 -0.7396920000 0.8200000000 0.8200000000 0.8200000000
0.3446487500 -0.9929137500 -0.7299095000 0.3462490000 -1.0059940000 -0.7396860000 0.3311490000 -1.0039030000 -0.7396710000 0.8200000000 0.8200000000 0.8200000000
0.3446487500 -0.9929137500 -0.7299095000 0.3181010000 -1.0050460000 -0.7396580000 0.3311490000 -1.0039030000 -0.7396710000 0.8200000000 0.8200000000 0.8200000000
0.1907080000 -1.1279380000 -0.7395320000 0.2038410000 -1.1142730000 -0.7395440000 -0.4529757189 -1.4288018385 -0.1780428446 0.8200000000 0.8200000000 0.8200000000
-0.4529757189 -1.4288018385 -0.1780428446 0.2216730000 -1.0975190000 -0.7395620000 0.2270460000 -1.0903850000 -0.7395670000 0.8200000000 0.8200000000 0.8200000000
0.2167460000 -1.1040910000 -0.7395570000 0.2216730000 -1.0975190000 -0.7395620000 -0.4529757189 -1.4288018385 -0.1780428446 0.8200000000 0.8200000000 0.8200000000
0.2038410000 -1.1142730000 -0.7395440000 0.2071470000 -1.1118020000 -0.7395480000 -0.4529757189 -1.4288018385 -0.1780428446 0.8200000000 0.8200000000 0.8200000000
-0.4529757189 -1.4288018385 -0.1780428446 -0.3751850000 -0.7200750000 -0.7389690000 -0.3825790000 -0.7294100000 -0.7389620000 0.8200000000 0.8200000000 0.8200000000
0.1747817518 -0.7555540865 -0.6746711953 -0.1788580000 -0.6394720000 -0.7391640000 -0.1823580000 -0.6410130000 -0.7391610000 0.8200000000 0.8200000000 0.8200000000
0.1747817518 -0.7555540865 -0.6746711953 -0.1737260000 -0.6383410000 -0.7391690000 -0.1788580000 -0.6394720000 -0.7391640000 0.8200000000 0.8200000000 0.8200000000
0.1747817518 -0.7555540865 -0.6746711953 -0.1713480000 -0.6342920000 -0.7391720000 -0.1720380000 -0.6365200000 -0.7391710000 0.8200000000 0.8200000000 0.8200000000
-0.1867930000 -0.6405740000 -0.7391560000 0.1747817518 -0.7555540865 -0.6746711953 -0.4529757189 -1.4288018385 -0.1780428446 0.8200000000 0.8200000000 0.8200000000
-0.4529757189 -1.4288018385 -0.1780428446 -0.2067680000 -0.6383070000 -0.7391360000 -0.1867930000 -0.6405740000 -0.7391560000 0.8200000000 0.8200000000 0.8200000000
-0.4529757189 -1.4288018385 -0.1780428446 -0.2067680000 -0.6383070000 -0.7391360000 -0.2157470000 -0.6380260000 -0.7391270000 0.8200000000 0.8200000000 0.8200000000
-0.4529757189 -1.4288018385 -0.1780428446 -0.2436250000 -0.6362630000 -0.7391000000 -0.2157470000 -0.6380260000 -0.7391270000 0.8200000000 0.8200000000 0.8200000000
-0.4529757189 -1.4288018385 -0.1780428446 -0.2436250000 -0.6362630000 -0.7391000000 -0.2462980000 -0.6364300000 -0.7390970000 0.8200000000 0.8200000000 0.8200000000
-0.3071410000 -0.6542270000 -0.7390360000 -0.3276840000 -0.6745180000 -0.7390160000 -0.4529757189 -1.4288018385 -0.1780428446 0.8200000000 0.8200000000 0.8200000000
-0.4529757189 -1.4288018385 -0.1780428446 -0.2782170000 -0.6414800000 -0.7390650000 -0.2985100000 -0.6487910000 -0.7390450000 0.8200000000 0.8200000000 0.8200000000
-0.4529757189 -1.4288018385 -0.1780428446 -0.2735630000 -0.6397970000 -0.7390690000 -0.2739490000 -0.6399200000 -0.7390690000 0.8200000000 0.8200000000 0.8200000000
-0.4529757189 -1.4288018385 -0.1780428446 -0.2726010000 -0.6395830000 -0.7390700000 -0.2735630000 -0.6397970000 -0.7390690000 0.8200000000 0.8200000000 0.8200000000
-0.4529757189 -1.4288018385 -0.1780428446 -0.2462980000 -0.6364300000 -0.7390970000 -0.2726010000 -0.6395830000 -0.7390700000 0.8200000000 0.8200000000 0.8200000000
-0.3706550000 -0.7162610000 -0.7389740000 -0.3751850000 -0.7200750000 -0.7389690000 -0.4529757189 -1.4288018385 -0.1780428446 0.8200000000 0.8200000000 0.8200000000
-0.3674720000 -0.7134050000 -0.7389770000 -0.3706550000 -0.7162610000 -0.7389740000 -0.4529757189 -1.4288018385 -0.1780428446 0.8200000000 0.8200000000 0.8200000000
-0.4529757189 -1.4288018385 -0.1780428446 -0.3459150000 -0.6902520000 -0.7389980000 -0.3525010000 -0.6977690000 -0.7389910000 0.8200000000 0.8200000000 0.8200000000
-0.4529757189 -1.4288018385 -0.1780428446 -0.3818540000 -1.2609060000 -0.7389620000 -0.3710710000 -1.2662770000 -0.7389730000 0.8200000000 0.8200000000 0.8200000000
-0.4529757189 -1.4288018385 -0.1780428446 -0.3710710000 -1.2662770000 -0.7389730000 -0.3537430000 -1.2724900000 -0.7389900000 0.8200000000 0.8200000000 0.8200000000
-0.4529757189 -1.4288018385 -0.1780428446 -0.3537430000 -1.2724900000 -0.7389900000 -0.3461150000 -1.2740810000 -0.7389970000 0.8200000000 0.8200000000 0.8200000000
-0.4529757189 -1.4288018385 -0.1780428446 -0.3322330000 -1.2755060000 -0.7390110000 -0.3154180000 -1.2767420000 -0.7390280000 0.8200000000 0.8200000000 0.8200000000
-0.4529757189 -1.4288018385 -0.1780428446 -0.1900440000 -1.2689490000 -0.7391530000 -0.1585900000 -1.2661180000 -0.7391840000 0.8200000000 0.8200000000 0.8200000000
-0.4831240000 -0.9419780000 -0.7388620000 -0.4919450000 -0.9797150000 -0.7388530000 -0.4529757189 -1.4288018385 -0.1780428446 0.8200000000 0.8200000000 0.8200000000
-0.4529757189 -1.4288018385 -0.1780428446 -0.4919450000 -0.9797150000 -0.7388530000 -0.4942380000 -1.0002140000 -0.7388510000 0.8200000000 0.8200000000 0.8200000000
-0.4942380000 -1.0002140000 -0.7388510000 -0.4961650000 -1.0115130000 -0.7388490000 -0.4529757189 -1.4288018385 -0.1780428446 0.8200000000 0.8200000000 0.8200000000
-0.4440440000 -1.2217790000 -0.7389010000 -0.4310340000 -1.2362500000 -0.7389130000 -0.4529757189 -1.4288018385 -0.1780428446 0.8200000000 0.8200000000 0.8200000000
-0.4756300000 -1.1605700000 -0.7388690000 -0.4635510000 -1.1820560000 -0.7388810000 -0.4529757189 -1.4288018385 -0.1780428446 0.8200000000 0.8200000000 0.8200000000
-0.4529757189 -1.4288018385 -0.1780428446 -0.4474720000 -1.2147960000 -0.7388970000 -0.4440440000 -1.2217790000 -0.7389010000 0.8200000000 0.8200000000 0.8200000000
-0.4529757189 -1.4288018385 -0.1780428446 -0.4604890000 -1.1879970000 -0.7388840000 -0.4474720000 -1.2147960000 -0.7388970000 0.8200000000 0.8200000000 0.8200000000
-0.4529757189 -1.4288018385 -0.1780428446 -0.4918320000 -1.0525750000 -0.7388530000 -0.4834820000 -1.0814700000 -0.7388610000 0.8200000000 0.8200000000 0.8200000000
-0.4943450000 -1.0422600000 -0.7388500000 -0.4918320000 -1.0525750000 -0.7388530000 -0.4529757189 -1.4288018385 -0.1780428446 0.8200000000 0.8200000000 0.8200000000
-0.4529757189 -1.4288018385 -0.1780428446 -0.4961650000 -1.0115130000 -0.7388490000 -0.4957860000 -1.0183200000 -0.7388500000 0.8200000000 0.8200000000 0.8200000000
-0.4529757189 -1.4288018385 -0.1780428446 -0.4957860000 -1.0183200000 -0.7388500000 -0.4943450000 -1.0422600000 -0.7388500000 0.8200000000 0.8200000000 0.8200000000
-0.4702560000 -0.8884450000 -0.7388740000 -0.4705370000 -0.8889850000 -0.7388740000 -0.4529757189 -1.4288018385 -0.1780428446 0.8200000000 0.8200000000 0.8200000000
-0.4705370000 -0.8889850000 -0.7388740000 -0.4710080000 -0.8907430000 -0.7388730000 -0.4529757189 -1.4288018385 -0.1780428446 0.8200000000 0.8200000000 0.8200000000
-0.4529757189 -1.4288018385 -0.1780428446 -0.4834820000 -1.0814700000 -0.7388610000 -0.4753750000 -1.1082850000 -0.7388700000 0.8200000000 0.8200000000 0.8200000000
-0.4529757189 -1.4288018385 -0.1780428446 -0.4754670000 -1.1094370000 -0.7388690000 -0.4798810000 -1.1252050000 -0.7388650000 0.8200000000 0.8200000000 0.8200000000
-0.4529757189 -1.4288018385 -0.1780428446 -0.4794180000 -1.1516660000 -0.7388650000 -0.4756300000 -1.1605700000 -0.7388690000 0.8200000000 0.8200000000 0.8200000000
-0.4798810000 -1.1252050000 -0.7388650000 -0.4842230000 -1.1406950000 -0.7388610000 -0.4529757189 -1.4288018385 -0.1780428446 0.8200000000 0.8200000000 0.8200000000
-0.4529757189 -1.4288018385 -0.1780428446 -0.4842230000 -1.1406950000 -0.7388610000 -0.4840400000 -1.1412890000 -0.7388610000 0.8200000000 0.8200000000 0.8200000000
-0.4840400000 -1.1412890000 -0.7388610000 -0.4794180000 -1.1516660000 -0.7388650000 -0.4529757189 -1.4288018385 -0.1780428446 0.8200000000 0.8200000000 0.8200000000
-0.4529757189 -1.4288018385 -0.1780428446 -0.0190690000 -1.2205690000 -0.7393240000 -0.0211010000 -1.2215840000 -0.7393210000 0.8200000000 0.8200000000 0.8200000000
-0.4529757189 -1.4288018385 -0.1780428446 0.0124370000 -1.2050980000 -0.7393540000 0.0148670000 -1.2035420000 -0.7393560000 0.8200000000 0.8200000000 0.8200000000
-0.4529757189 -1.4288018385 -0.1780428446 -0.0190690000 -1.2205690000 -0.7393240000 -0.0090190000 -1.2141210000 -0.7393330000 0.8200000000 0.8200000000 0.8200000000
-0.4529757189 -1.4288018385 -0.1780428446 -0.0026930000 -1.2115580000 -0.7393390000 -0.0090190000 -1.2141210000 -0.7393330000 0.8200000000 0.8200000000 0.8200000000
-0.4529757189 -1.4288018385 -0.1780428446 0.0107150000 -1.2050560000 -0.7393520000 0.0124370000 -1.2050980000 -0.7393540000 0.8200000000 0.8200000000 0.8200000000
-0.4529757189 -1.4288018385 -0.1780428446 -0.0026930000 -1.2115580000 -0.7393390000 0.0107150000 -1.2050560000 -0.7393520000 0.8200000000 0.8200000000 0.8200000000
-0.4529757189 -1.4288018385 -0.1780428446 -0.0326740000 -1.2302710000 -0.7393090000 -0.0211010000 -1.2215840000 -0.7393210000 0.8200000000 0.8200000000 0.8200000000
-0.4529757189 -1.4288018385 -0.1780428446 -0.0438750000 -1.2300700000 -0.7392980000 -0.0326740000 -1.2302710000 -0.7393090000 0.8200000000 0.8200000000 0.8200000000
-0.0438750000 -1.2300700000 -0.7392980000 -0.0460210000 -1.2308600000 -0.7392960000 -0.4529757189 -1.4288018385 -0.1780428446 0.8200000000 0.8200000000 0.8200000000
-0.4529757189 -1.4288018385 -0.1780428446 -0.0629940000 -1.2414560000 -0.7392790000 -0.0565440000 -1.2390850000 -0.7392850000 0.8200000000 0.8200000000 0.8200000000
-0.4529757189 -1.4288018385 -0.1780428446 -0.0460210000 -1.2308600000 -0.7392960000 -0.0489520000 -1.2327000000 -0.7392930000 0.8200000000 0.8200000000 0.8200000000
-0.4529757189 -1.4288018385 -0.1780428446 -0.0629940000 -1.2414560000 -0.7392790000 -0.0862630000 -1.2492840000 -0.7392560000 0.8200000000 0.8200000000 0.8200000000
-0.4529757189 -1.4288018385 -0.1780428446 -0.0992230000 -1.2529810000 -0.7392430000 -0.1263090000 -1.2587740000 -0.7392170000 0.8200000000 0.8200000000 0.8200000000
-0.4529757189 -1.4288018385 -0.1780428446 -0.1272330000 -1.2590470000 -0.7392150000 -0.1267970000 -1.2588610000 -0.7392160000 0.8200000000 0.8200000000 0.8200000000
-0.1272330000 -1.2590470000 -0.7392150000 -0.1371570000 -1.2652620000 -0.7392050000 -0.4529757189 -1.4288018385 -0.1780428446 0.8200000000 0.8200000000 0.8200000000
-0.1561240000 -1.2656470000 -0.7391860000 -0.1585900000 -1.2661180000 -0.7391840000 -0.4529757189 -1.4288018385 -0.1780428446 0.8200000000 0.8200000000 0.8200000000
-0.4529757189 -1.4288018385 -0.1780428446 -0.1561240000 -1.2656470000 -0.7391860000 -0.1371570000 -1.2652620000 -0.7392050000 0.8200000000 0.8200000000 0.8200000000
-0.1900440000 -1.2689490000 -0.7391530000 -0.1915590000 -1.2691950000 -0.7391520000 -0.4529757189 -1.4288018385 -0.1780428446 0.8200000000 0.8200000000 0.8200000000
-0.4529757189 -1.4288018385 -0.1780428446 -0.2284970000 -1.2678110000 -0.7391150000 -0.2163640000 -1.2694720000 -0.7391270000 0.8200000000 0.8200000000 0.8200000000
-0.4529757189 -1.4288018385 -0.1780428446 -0.1915590000 -1.2691950000 -0.7391520000 -0.1982150000 -1.2696290000 -0.7391450000 0.8200000000 0.8200000000 0.8200000000
-0.4529757189 -1.4288018385 -0.1780428446 -0.2163640000 -1.2694720000 -0.7391270000 -0.2118330000 -1.2700900000 -0.7391310000 0.8200000000 0.8200000000 0.8200000000
-0.4529757189 -1.4288018385 -0.1780428446 0.0863520000 -1.1910020000 -0.7394280000 0.0870830000 -1.1957350000 -0.7394290000 0.8200000000 0.8200000000 0.8200000000
-0.4529757189 -1.4288018385 -0.1780428446 0.0705450000 -1.1742180000 -0.7394120000 0.0744540000 -1.1741540000 -0.7394160000 0.8200000000 0.8200000000 0.8200000000
0.0436750000 -1.1913490000 -0.7393860000 0.0705450000 -1.1742180000 -0.7394120000 -0.4529757189 -1.4288018385 -0.1780428446 0.8200000000 0.8200000000 0.8200000000
0.0148670000 -1.2035420000 -0.7393560000 0.0347040000 -1.1967960000 -0.7393760000 -0.4529757189 -1.4288018385 -0.1780428446 0.8200000000 0.8200000000 0.8200000000
-0.4529757189 -1.4288018385 -0.1780428446 0.0347040000 -1.1967960000 -0.7393760000 0.0436750000 -1.1913490000 -0.7393860000 0.8200000000 0.8200000000 0.8200000000
0.0744540000 -1.1741540000 -0.7394160000 0.0803160000 -1.1718200000 -0.7394210000 -0.4529757189 -1.4288018385 -0.1780428446 0.8200000000 0.8200000000 0.8200000000
0.0863520000 -1.1910020000 -0.7394280000 0.0803160000 -1.1718200000 -0.7394210000 -0.4529757189 -1.4288018385 -0.1780428446 0.8200000000 0.8200000000 0.8200000000
0.1013970000 -1.2023460000 -0.7394420000 0.0941880000 -1.2017310000 -0.7394360000 -0.4529757189 -1.4288018385 -0.1780428446 0.8200000000 0.8200000000 0.8200000000
0.1013970000 -1.2023460000 -0.7394420000 0.1089620000 -1.2016240000 -0.7394500000 -0.4529757189 -1.4288018385 -0.1780428446 0.8200000000 0.8200000000 0.8200000000
-0.4529757189 -1.4288018385 -0.1780428446 0.1089620000 -1.2016240000 -0.7394500000 0.1183950000 -1.1939130000 -0.7394600000 0.8200000000 0.8200000000 0.8200000000
-0.4529757189 -1.4288018385 -0.1780428446 0.1341020000 -1.1768020000 -0.7394750000 0.1432320000 -1.1706670000 -0.7394840000 0.8200000000 0.8200000000 0.8200000000
-0.4529757189 -1.4288018385 -0.1780428446 0.1183950000 -1.1939130000 -0.7394600000 0.1316320000 -1.1790700000 -0.7394720000 0.8200000000 0.8200000000 0.8200000000
0.1316320000 -1.1790700000 -0.7394720000 0.1341020000 -1.1768020000 -0.7394750000 -0.4529757189 -1.4288018385 -0.1780428446 0.8200000000 0.8200000000 0.8200000000
-0.4529757189 -1.4288018385 -0.1780428446 -0.2403770000 -1.2707450000 -0.7391020000 -0.2284970000 -1.2678110000 -0.7391150000 0.8200000000 0.8200000000 0.8200000000
-0.4529757189 -1.4288018385 -0.1780428446 -0.2403770000 -1.2707450000 -0.7391020000 -0.2492700000 -1.2712500000 -0.7390940000 0.8200000000 0.8200000000 0.8200000000
-0.4529757189 -1.4288018385 -0.1780428446 -0.2492700000 -1.2712500000 -0.7390940000 -0.2582720000 -1.2731470000 -0.7390850000 0.8200000000 0.8200000000 0.8200000000
-0.4529757189 -1.4288018385 -0.1780428446 -0.3154180000 -1.2767420000 -0.7390280000 -0.2988480000 -1.2782340000 -0.7390450000 0.8200000000 0.8200000000 0.8200000000
-0.4529757189 -1.4288018385 -0.1780428446 -0.2800630000 -1.2764790000 -0.7390640000 -0.2680240000 -1.2738030000 -0.7390750000 0.8200000000 0.8200000000 0.8200000000
-0.2800630000 -1.2764790000 -0.7390640000 -0.2872720000 -1.2776870000 -0.7390570000 -0.4529757189 -1.4288018385 -0.1780428446 0.8200000000 0.8200000000 0.8200000000
-0.4529757189 -1.4288018385 -0.1780428446 -0.2903670000 -1.2780920000 -0.7390530000 -0.2988480000 -1.2782340000 -0.7390450000 0.8200000000 0.8200000000 0.8200000000
-0.2872720000 -1.2776870000 -0.7390570000 -0.2903670000 -1.2780920000 -0.7390530000 -0.4529757189 -1.4288018385 -0.1780428446 0.8200000000 0.8200000000 0.8200000000
-0.3381180000 -1.2752520000 -0.7390060000 -0.3322330000 -1.2755060000 -0.7390110000 -0.4529757189 -1.4288018385 -0.1780428446 0.8200000000 0.8200000000 0.8200000000
-0.4529757189 -1.4288018385 -0.1780428446 -0.3461150000 -1.2740810000 -0.7389970000 -0.3381180000 -1.2752520000 -0.7390060000 0.8200000000 0.8200000000 0.8200000000
-0.4529757189 -1.4288018385 -0.1780428446 -0.3830130000 -1.2600300000 -0.7389610000 -0.3818540000 -1.2609060000 -0.7389620000 0.8200000000 0.8200000000 0.8200000000
-0.3883180000 -1.2591150000 -0.7389550000 -0.3830130000 -1.2600300000 -0.7389610000 -0.4529757189 -1.4288018385 -0.1780428446 0.8200000000 0.8200000000 0.8200000000
-0.4529757189 -1.4288018385 -0.1780428446 -0.4140080000 -1.2499710000 -0.7389300000 -0.3883180000 -1.2591150000 -0.7389550000 0.8200000000 0.8200000000 0.8200000000
-0.4529757189 -1.4288018385 -0.1780428446 -0.4310340000 -1.2362500000 -0.7389130000 -0.4225720000 -1.2477240000 -0.7389220000 0.8200000000 0.8200000000 0.8200000000
-0.4529757189 -1.4288018385 -0.1780428446 -0.4225720000 -1.2477240000 -0.7389220000 -0.4140080000 -1.2499710000 -0.7389300000 0.8200000000 0.8200000000 0.8200000000
-0.4529757189 -1.4288018385 -0.1780428446 -0.4710080000 -0.8907430000 -0.7388730000 -0.4779660000 -0.9120370000 -0.7388660000 0.8200000000 0.8200000000 0.8200000000
-0.4529757189 -1.4288018385 -0.1780428446 -0.4779660000 -0.9120370000 -0.7388660000 -0.4831240000 -0.9419780000 -0.7388620000 0.8200000000 0.8200000000 0.8200000000
-0.4473570000 -0.8449260000 -0.7388970000 -0.4550100000 -0.8543000000 -0.7388890000 -0.4529757189 -1.4288018385 -0.1780428446 0.8200000000 0.8200000000 0.8200000000
-0.4529757189 -1.4288018385 -0.1780428446 -0.4607310000 -0.8657060000 -0.7388830000 -0.4619180000 -0.8678480000 -0.7388820000 0.8200000000 0.8200000000 0.8200000000
-0.4529757189 -1.4288018385 -0.1780428446 -0.4550100000 -0.8543000000 -0.7388890000 -0.4607310000 -0.8657060000 -0.7388830000 0.8200000000 0.8200000000 0.8200000000
-0.4529757189 -1.4288018385 -0.1780428446 -0.4412580000 -0.8358210000 -0.7389030000 -0.4473570000 -0.8449260000 -0.7388970000 0.8200000000 0.8200000000 0.8200000000
-0.4529757189 -1.4288018385 -0.1780428446 -0.4327710000 -0.8151860000 -0.7389120000 -0.4412580000 -0.8358210000 -0.7389030000 0.8200000000 0.8200000000 0.8200000000
-0.4529757189 -1.4288018385 -0.1780428446 -0.4062050000 -0.7650110000 -0.7389810000 -0.4259050000 -0.7996130000 -0.7389180000 0.8200000000 0.8200000000 0.8200000000
-0.4259050000 -0.7996130000 -0.7389180000 -0.4280220000 -0.8032170000 -0.7389160000 -0.4529757189 -1.4288018385 -0.1780428446 0.8200000000 0.8200000000 0.8200000000
-0.4280220000 -0.8032170000 -0.7389160000 -0.4327710000 -0.8151860000 -0.7389120000 -0.4529757189 -1.4288018385 -0.1780428446 0.8200000000 0.8200000000 0.8200000000
0.1432320000 -1.1706670000 -0.7394840000 0.1439770000 -1.1698010000 -0.7394850000 -0.4529757189 -1.4288018385 -0.1780428446 0.8200000000 0.8200000000 0.8200000000
0.1439770000 -1.1698010000 -0.7394850000 0.1447590000 -1.1688070000 -0.7394860000 -0.4529757189 -1.4288018385 -0.1780428446 0.8200000000 0.8200000000 0.8200000000
0.1447590000 -1.1688070000 -0.7394860000 0.1463340000 -1.1677330000 -0.7394870000 -0.4529757189 -1.4288018385 -0.1780428446 0.8200000000 0.8200000000 0.8200000000
-0.4529757189 -1.4288018385 -0.1780428446 0.1463340000 -1.1677330000 -0.7394870000 0.1683630000 -1.1497870000 -0.7395090000 0.8200000000 0.8200000000 0.8200000000
-0.4529757189 -1.4288018385 -0.1780428446 0.1890500000 -1.1293770000 -0.7395300000 0.1899230000 -1.1288440000 -0.7395310000 0.8200000000 0.8200000000 0.8200000000
-0.4529757189 -1.4288018385 -0.1780428446 0.1766990000 -1.1385340000 -0.7395180000 0.1890500000 -1.1293770000 -0.7395300000 0.8200000000 0.8200000000 0.8200000000
-0.4529757189 -1.4288018385 -0.1780428446 0.2270460000 -1.0903850000 -0.7395670000 0.2324040000 -1.0825400000 -0.7395730000 0.8200000000 0.8200000000 0.8200000000
0.1747817518 -0.7555540865 -0.6746711953 -0.4529757189 -1.4288018385 -0.1780428446 0.2324040000 -1.0825400000 -0.7395730000 0.8200000000 0.8200000000 0.8200000000
0.2324040000 -1.0825400000 -0.7395730000 0.2428990000 -1.0653410000 -0.7395830000 0.1747817518 -0.7555540865 -0.6746711953 0.8200000000 0.8200000000 0.8200000000
0.2443970000 -1.0619600000 -0.7395840000 0.2553380000 -1.0471840000 -0.7395950000 0.1747817518 -0.7555540865 -0.6746711953 0.8200000000 0.8200000000 0.8200000000
0.1747817518 -0.7555540865 -0.6746711953 0.2553380000 -1.0471840000 -0.7395950000 0.2557730000 -1.0466730000 -0.7395960000 0.8200000000 0.8200000000 0.8200000000
0.1747817518 -0.7555540865 -0.6746711953 0.2557730000 -1.0466730000 -0.7395960000 0.2560750000 -1.0463960000 -0.7395960000 0.8200000000 0.8200000000 0.8200000000
0.1747817518 -0.7555540865 -0.6746711953 0.2560750000 -1.0463960000 -0.7395960000 0.2563340000 -1.0461310000 -0.7395960000 0.8200000000 0.8200000000 0.8200000000
0.2563340000 -1.0461310000 -0.7395960000 0.2747070000 -1.0263420000 -0.7396140000 0.1747817518 -0.7555540865 -0.6746711953 0.8200000000 0.8200000000 0.8200000000
0.1747817518 -0.7555540865 -0.6746711953 0.2752060000 -1.0245210000 -0.7396150000 0.2795410000 -1.0134780000 -0.7396190000 0.8200000000 0.8200000000 0.8200000000
0.1747817518 -0.7555540865 -0.6746711953 0.2747070000 -1.0263420000 -0.7396140000 0.2752060000 -1.0245210000 -0.7396150000 0.8200000000 0.8200000000 0.8200000000
0.1747817518 -0.7555540865 -0.6746711953 -0.0472140000 -0.6211360000 -0.7392950000 -0.0402460000 -0.6275720000 -0.7393010000 0.8200000000 0.8200000000 0.8200000000
0.1747817518 -0.7555540865 -0.6746711953 -0.0535780000 -0.6177380000 -0.7392880000 -0.0472140000 -0.6211360000 -0.7392950000 0.8200000000 0.8200000000 0.8200000000
0.1747817518 -0.7555540865 -0.6746711953 -0.0535780000 -0.6177380000 -0.7392880000 -0.0622650000 -0.6096570000 -0.7392800000 0.8200000000 0.8200000000 0.8200000000
0.1747817518 -0.7555540865 -0.6746711953 -0.0662200000 -0.6081010000 -0.7392760000 -0.0622650000 -0.6096570000 -0.7392800000 0.8200000000 0.8200000000 0.8200000000
0.1747817518 -0.7555540865 -0.6746711953 -0.0662200000 -0.6081010000 -0.7392760000 -0.0705510000 -0.6052720000 -0.7392720000 0.8200000000 0.8200000000 0.8200000000
0.1747817518 -0.7555540865 -0.6746711953 -0.0705510000 -0.6052720000 -0.7392720000 -0.0913840000 -0.5934190000 -0.7392510000 0.8200000000 0.8200000000 0.8200000000
0.1747817518 -0.7555540865 -0.6746711953 -0.1101970000 -0.5819910000 -0.7392320000 -0.1116200000 -0.5813510000 -0.7392310000 0.8200000000 0.8200000000 0.8200000000
0.1747817518 -0.7555540865 -0.6746711953 -0.1066000000 -0.5838880000 -0.7392350000 -0.1101970000 -0.5819910000 -0.7392320000 0.8200000000 0.8200000000 0.8200000000
0.1747817518 -0.7555540865 -0.6746711953 -0.1116200000 -0.5813510000 -0.7392310000 -0.1190010000 -0.5798980000 -0.7392230000 0.8200000000 0.8200000000 0.8200000000
-0.1066000000 -0.5838880000 -0.7392350000 -0.1025460000 -0.5868950000 -0.7392400000 0.1747817518 -0.7555540865 -0.6746711953 0.8200000000 0.8200000000 0.8200000000
0.1747817518 -0.7555540865 -0.6746711953 -0.1025460000 -0.5868950000 -0.7392400000 -0.0981670000 -0.5889180000 -0.7392440000 0.8200000000 0.8200000000 0.8200000000
0.1747817518 -0.7555540865 -0.6746711953 -0.1351410000 -0.5764040000 -0.7392080000 -0.1288630000 -0.5784770000 -0.7392140000 0.8200000000 0.8200000000 0.8200000000
-0.1521830000 -0.5879270000 -0.7391900000 -0.1553540000 -0.5909550000 -0.7391870000 0.1747817518 -0.7555540865 -0.6746711953 0.8200000000 0.8200000000 0.8200000000
0.1747817518 -0.7555540865 -0.6746711953 -0.1553540000 -0.5909550000 -0.7391870000 -0.1604140000 -0.6029960000 -0.7391820000 0.8200000000 0.8200000000 0.8200000000
0.1747817518 -0.7555540865 -0.6746711953 -0.1649910000 -0.6175560000 -0.7391780000 -0.1654910000 -0.6198970000 -0.7391770000 0.8200000000 0.8200000000 0.8200000000
0.1747817518 -0.7555540865 -0.6746711953 0.3016060000 -0.4649490000 -0.7396420000 0.2964380000 -0.4752480000 -0.7396360000 0.8200000000 0.8200000000 0.8200000000
0.3016060000 -0.4649490000 -0.7396420000 0.3022590000 -0.4638360000 -0.7396420000 0.1747817518 -0.7555540865 -0.6746711953 0.8200000000 0.8200000000 0.8200000000
0.1747817518 -0.7555540865 -0.6746711953 0.3207500000 -0.4007530000 -0.7396610000 0.3221990000 -0.3879350000 -0.7396620000 0.8200000000 0.8200000000 0.8200000000
0.1747817518 -0.7555540865 -0.6746711953 0.3207500000 -0.4007530000 -0.7396610000 0.3194100000 -0.4057730000 -0.7396590000 0.8200000000 0.8200000000 0.8200000000
0.1747817518 -0.7555540865 -0.6746711953 0.3246360000 -0.4249660000 -0.7396650000 0.3237830000 -0.4157490000 -0.7396630000 0.8200000000 0.8200000000 0.8200000000
0.1747817518 -0.7555540865 -0.6746711953 0.3180680000 -0.4387010000 -0.7396570000 0.3246360000 -0.4249660000 -0.7396650000 0.8200000000 0.8200000000 0.8200000000
0.1747817518 -0.7555540865 -0.6746711953 0.3022590000 -0.4638360000 -0.7396420000 0.3022880000 -0.4633550000 -0.7396420000 0.8200000000 0.8200000000 0.8200000000
0.1747817518 -0.7555540865 -0.6746711953 0.3180680000 -0.4387010000 -0.7396570000 0.3118920000 -0.4486900000 -0.7396520000 0.8200000000 0.8200000000 0.8200000000
0.1747817518 -0.7555540865 -0.6746711953 0.3841820000 -0.2727820000 -0.7397240000 0.3809510000 -0.2807830000 -0.7397200000 0.8200000000 0.8200000000 0.8200000000
2.5971574721 -0.9719098112 1.4397438246 0.4018630000 -0.2309300000 -0.7397410000 0.4038720000 -0.2151510000 -0.7397430000 0.8200000000 0.8200000000 0.8200000000
2.5971574721 -0.9719098112 1.4397438246 0.4018630000 -0.2309300000 -0.7397410000 0.3994180000 -0.2365270000 -0.7397390000 0.8200000000 0.8200000000 0.8200000000
2.5971574721 -0.9719098112 1.4397438246 0.6067090000 -1.0153710000 -0.7399450000 0.6088700000 -1.0141630000 -0.7399470000 0.8200000000 0.8200000000 0.8200000000
0.5944480000 -1.0170300000 -0.7399330000 0.6067090000 -1.0153710000 -0.7399450000 2.5971574721 -0.9719098112 1.4397438246 0.8200000000 0.8200000000 0.8200000000
0.5895950000 -1.0193170000 -0.7399280000 0.5944480000 -1.0170300000 -0.7399330000 2.5971574721 -0.9719098112 1.4397438246 0.8200000000 0.8200000000 0.8200000000
2.5971574721 -0.9719098112 1.4397438246 0.5689400000 -1.0257530000 -0.7399080000 0.5895950000 -1.0193170000 -0.7399280000 0.8200000000 0.8200000000 0.8200000000
0.5689400000 -1.0257530000 -0.7399080000 0.5644120000 -1.0243100000 -0.7399020000 2.5971574721 -0.9719098112 1.4397438246 0.8200000000 0.8200000000 0.8200000000
2.5971574721 -0.9719098112 1.4397438246 0.5532720000 -1.0235610000 -0.7398920000 0.5611330000 -1.0228690000 -0.7399000000 0.8200000000 0.8200000000 0.8200000000
0.5337830000 -1.0294360000 -0.7398730000 0.5239190000 -1.0288120000 -0.7398630000 2.5971574721 -0.9719098112 1.4397438246 0.8200000000 0.8200000000 0.8200000000
0.4913040000 -0.9572560000 -0.7398300000 0.5035160000 -0.9690470000 -0.7398430000 0.4540935000 -0.9809860000 -0.7427645000 0.8200000000 0.8200000000 0.8200000000
0.4540935000 -0.9809860000 -0.7427645000 0.4913040000 -0.9572560000 -0.7398300000 0.4856330000 -0.9492570000 -0.7397420000 0.8200000000 0.8200000000 0.8200000000
0.4372440000 -0.9538450000 -0.7397770000 0.4624330000 -0.9565330000 -0.7398010000 0.4540935000 -0.9809860000 -0.7427645000 0.8200000000 0.8200000000 0.8200000000
0.4540935000 -0.9809860000 -0.7427645000 0.4856330000 -0.9492570000 -0.7397420000 0.4624330000 -0.9565330000 -0.7398010000 0.8200000000 0.8200000000 0.8200000000
0.4540935000 -0.9809860000 -0.7427645000 0.4372440000 -0.9538450000 -0.7397770000 0.4346980000 -0.9543330000 -0.7397740000 0.8200000000 0.8200000000 0.8200000000
0.4540935000 -0.9809860000 -0.7427645000 0.4326890000 -0.9545400000 -0.7397720000 0.4251610000 -0.9605390000 -0.7397650000 0.8200000000 0.8200000000 0.8200000000
0.4540935000 -0.9809860000 -0.7427645000 0.4346980000 -0.9543330000 -0.7397740000 0.4326890000 -0.9545400000 -0.7397720000 0.8200000000 0.8200000000 0.8200000000
0.1747817518 -0.7555540865 -0.6746711953 0.2420110000 -0.5088030000 -0.7395830000 0.2518710000 -0.5010630000 -0.7395920000 0.8200000000 0.8200000000 0.8200000000
0.1747817518 -0.7555540865 -0.6746711953 0.2420110000 -0.5088030000 -0.7395830000 0.2377980000 -0.5133730000 -0.7395780000 0.8200000000 0.8200000000 0.8200000000
0.1747817518 -0.7555540865 -0.6746711953 0.2200990000 -0.5311120000 -0.7395610000 0.2377980000 -0.5133730000 -0.7395780000 0.8200000000 0.8200000000 0.8200000000
0.1779160000 -0.5648900000 -0.7395190000 0.1840860000 -0.5571230000 -0.7395250000 0.1747817518 -0.7555540865 -0.6746711953 0.8200000000 0.8200000000 0.8200000000
0.1747817518 -0.7555540865 -0.6746711953 0.1751060000 -0.5882390000 -0.7395160000 0.1760390000 -0.5776740000 -0.7395170000 0.8200000000 0.8200000000 0.8200000000
0.1747817518 -0.7555540865 -0.6746711953 0.1559710000 -0.5989230000 -0.7394960000 0.1751060000 -0.5882390000 -0.7395160000 0.8200000000 0.8200000000 0.8200000000
0.1747817518 -0.7555540865 -0.6746711953 0.1559710000 -0.5989230000 -0.7394960000 0.1538290000 -0.6005560000 -0.7394940000 0.8200000000 0.8200000000 0.8200000000
0.1747817518 -0.7555540865 -0.6746711953 0.2857760000 -0.4839160000 -0.7396250000 0.2930440000 -0.4772060000 -0.7396330000 0.8200000000 0.8200000000 0.8200000000
0.1747817518 -0.7555540865 -0.6746711953 0.2729230000 -0.4855390000 -0.7396130000 0.2857760000 -0.4839160000 -0.7396250000 0.8200000000 0.8200000000 0.8200000000
0.1747817518 -0.7555540865 -0.6746711953 0.2729230000 -0.4855390000 -0.7396130000 0.2672780000 -0.4843570000 -0.7396070000 0.8200000000 0.8200000000 0.8200000000
0.1747817518 -0.7555540865 -0.6746711953 0.2518710000 -0.5010630000 -0.7395920000 0.2587930000 -0.4924050000 -0.7395990000 0.8200000000 0.8200000000 0.8200000000
0.1747817518 -0.7555540865 -0.6746711953 0.3456160000 -0.3538780000 -0.7396850000 0.3351990000 -0.3729840000 -0.7396750000 0.8200000000 0.8200000000 0.8200000000
0.1747817518 -0.7555540865 -0.6746711953 0.3456160000 -0.3538780000 -0.7396850000 0.3461860000 -0.3528900000 -0.7396860000 0.8200000000 0.8200000000 0.8200000000
0.1747817518 -0.7555540865 -0.6746711953 0.3567430000 -0.3326010000 -0.7396970000 0.3593900000 -0.3263930000 -0.7396990000 0.8200000000 0.8200000000 0.8200000000
0.1747817518 -0.7555540865 -0.6746711953 0.3567430000 -0.3326010000 -0.7396970000 0.3461860000 -0.3528900000 -0.7396860000 0.8200000000 0.8200000000 0.8200000000
0.1747817518 -0.7555540865 -0.6746711953 0.3706410000 -0.3050720000 -0.7397100000 0.3809510000 -0.2807830000 -0.7397200000 0.8200000000 0.8200000000 0.8200000000
2.5971574721 -0.9719098112 1.4397438246 0.4176980000 -0.1778450000 -0.7397570000 0.4169050000 -0.1799330000 -0.7397560000 0.8200000000 0.8200000000 0.8200000000
2.5971574721 -0.9719098112 1.4397438246 0.4172010000 -0.1870560000 -0.7397570000 0.4169050000 -0.1799330000 -0.7397560000 0.8200000000 0.8200000000 0.8200000000
2.5971574721 -0.9719098112 1.4397438246 0.4072500000 -0.2055910000 -0.7397470000 0.4050640000 -0.2080740000 -0.7397440000 0.8200000000 0.8200000000 0.8200000000
0.4072500000 -0.2055910000 -0.7397470000 0.4172010000 -0.1870560000 -0.7397570000 2.5971574721 -0.9719098112 1.4397438246 0.8200000000 0.8200000000 0.8200000000
0.5705030762 0.2355511132 0.1252706032 0.4555380000 -0.0240430000 -0.7397940000 0.4614630000 -0.0103200000 -0.7398000000 0.8200000000 0.8200000000 0.8200000000
0.4552180000 -0.0255660000 -0.7397940000 0.5705030762 0.2355511132 0.1252706032 2.5971574721 -0.9719098112 1.4397438246 0.8200000000 0.8200000000 0.8200000000
2.5971574721 -0.9719098112 1.4397438246 0.4493990000 -0.0380280000 -0.7397890000 0.4552180000 -0.0255660000 -0.7397940000 0.8200000000 0.8200000000 0.8200000000
2.5971574721 -0.9719098112 1.4397438246 0.4095690000 -0.1177990000 -0.7397490000 0.4093610000 -0.1276910000 -0.7397480000 0.8200000000 0.8200000000 0.8200000000
0.4095690000 -0.1177990000 -0.7397490000 0.4127220000 -0.1094220000 -0.7397520000 2.5971574721 -0.9719098112 1.4397438246 0.8200000000 0.8200000000 0.8200000000
2.5971574721 -0.9719098112 1.4397438246 0.4151110000 -0.0990550000 -0.7397540000 0.4219290000 -0.0828880000 -0.7397610000 0.8200000000 0.8200000000 0.8200000000
2.5971574721 -0.9719098112 1.4397438246 0.4340180000 -0.0673100000 -0.7397730000 0.4424380000 -0.0496960000 -0.7397820000 0.8200000000 0.8200000000 0.8200000000
2.5971574721 -0.9719098112 1.4397438246 0.4178810000 -0.1764260000 -0.7397570000 0.4176980000 -0.1778450000 -0.7397570000 0.8200000000 0.8200000000 0.8200000000
0.4178810000 -0.1764260000 -0.7397570000 0.4165100000 -0.1645680000 -0.7397560000 2.5971574721 -0.9719098112 1.4397438246 0.8200000000 0.8200000000 0.8200000000
2.5971574721 -0.9719098112 1.4397438246 0.4165100000 -0.1645680000 -0.7397560000 0.4086830000 -0.1460670000 -0.7397480000 0.8200000000 0.8200000000 0.8200000000
2.5971574721 -0.9719098112 1.4397438246 0.4081370000 -0.1434580000 -0.7397470000 0.4093610000 -0.1276910000 -0.7397480000 0.8200000000 0.8200000000 0.8200000000
0.5705030762 0.2355511132 0.1252706032 0.4653430000 0.0005400000 -0.7398040000 0.4696260000 0.0151770000 -0.7398090000 0.8200000000 0.8200000000 0.8200000000
0.5705030762 0.2355511132 0.1252706032 0.4718580000 0.0617860000 -0.7398110000 0.4734770000 0.0519550000 -0.7398120000 0.8200000000 0.8200000000 0.8200000000
0.5705030762 0.2355511132 0.1252706032 0.4709280000 0.0241600000 -0.7398100000 0.4722180000 0.0458770000 -0.7398110000 0.8200000000 0.8200000000 0.8200000000
0.5705030762 0.2355511132 0.1252706032 0.4734770000 0.0519550000 -0.7398120000 0.4722180000 0.0458770000 -0.7398110000 0.8200000000 0.8200000000 0.8200000000
0.5705030762 0.2355511132 0.1252706032 0.4718580000 0.0617860000 -0.7398110000 0.4706170000 0.0706740000 -0.7398100000 0.8200000000 0.8200000000 0.8200000000
0.4705640000 0.0715620000 -0.7398100000 0.4716600000 0.0731300000 -0.7398100000 0.5705030762 0.2355511132 0.1252706032 0.8200000000 0.8200000000 0.8200000000
0.4706170000 0.0706740000 -0.7398100000 0.4705640000 0.0715620000 -0.7398100000 0.5705030762 0.2355511132 0.1252706032 0.8200000000 0.8200000000 0.8200000000
0.5705030762 0.2355511132 0.1252706032 0.5389520000 0.1725120000 -0.7398780000 0.5459930000 0.1776780000 -0.7398840000 0.8200000000 0.8200000000 0.8200000000
0.5559450000 0.1932560000 -0.7398940000 0.5582520000 0.2097640000 -0.7398960000 0.5705030762 0.2355511132 0.1252706032 0.8200000000 0.8200000000 0.8200000000
0.5705030762 0.2355511132 0.1252706032 0.5459930000 0.1776780000 -0.7398840000 0.5514370000 0.1821410000 -0.7398900000 0.8200000000 0.8200000000 0.8200000000
2.5971574721 -0.9719098112 1.4397438246 1.0341780000 0.8701570000 -0.7403690000 1.0333420000 0.8716690000 -0.7403690000 0.8200000000 0.8200000000 0.8200000000
4.2613506041 0.7572409748 1.0902728366 1.0459980000 0.8175980000 -0.7403810000 1.0409100000 0.8473670000 -0.7403760000 0.8200000000 0.8200000000 0.8200000000
0.8143281185 0.9104075997 -1.0797337827 1.0341780000 0.8701570000 -0.7403690000 1.0391480000 0.8616220000 -0.7403740000 0.8200000000 0.8200000000 0.8200000000
4.2613506041 0.7572409748 1.0902728366 1.0409100000 0.8473670000 -0.7403760000 1.0391480000 0.8616220000 -0.7403740000 0.8200000000 0.8200000000 0.8200000000
1.0391480000 0.8616220000 -0.7403740000 2.5971574721 -0.9719098112 1.4397438246 4.2613506041 0.7572409748 1.0902728366 0.8200000000 0.8200000000 0.8200000000
1.0508870000 0.7796450000 -0.7403860000 1.0486290000 0.7674860000 -0.7403840000 0.8143281185 0.9104075997 -1.0797337827 0.8200000000 0.8200000000 0.8200000000
4.2613506041 0.7572409748 1.0902728366 1.0508870000 0.7796450000 -0.7403860000 1.0508760000 0.7875320000 -0.7403860000 0.8200000000 0.8200000000 0.8200000000
0.8143281185 0.9104075997 -1.0797337827 1.0459980000 0.8175980000 -0.7403810000 1.0482820000 0.8060790000 -0.7403830000 0.8200000000 0.8200000000 0.8200000000
4.2613506041 0.7572409748 1.0902728366 1.0508760000 0.7875320000 -0.7403860000 1.0482820000 0.8060790000 -0.7403830000 0.8200000000 0.8200000000 0.8200000000
4.2613506041 0.7572409748 1.0902728366 1.0980500000 0.6123760000 -0.7404330000 1.0937600000 0.6172620000 -0.7404290000 0.8200000000 0.8200000000 0.8200000000
4.2613506041 0.7572409748 1.0902728366 1.0354190000 0.6517740000 -0.7403710000 1.0137390000 0.6590700000 -0.7403490000 0.8200000000 0.8200000000 0.8200000000
4.2613506041 0.7572409748 1.0902728366 1.0417200000 0.6493030000 -0.7403770000 1.0354190000 0.6517740000 -0.7403710000 0.8200000000 0.8200000000 0.8200000000
4.2613506041 0.7572409748 1.0902728366 1.0462310000 0.6480160000 -0.7403820000 1.0417200000 0.6493030000 -0.7403770000 0.8200000000 0.8200000000 0.8200000000
4.2613506041 0.7572409748 1.0902728366 1.0603550000 0.6400330000 -0.7403960000 1.0462310000 0.6480160000 -0.7403820000 0.8200000000 0.8200000000 0.8200000000
4.2613506041 0.7572409748 1.0902728366 1.0625370000 0.6386820000 -0.7403980000 1.0603550000 0.6400330000 -0.7403960000 0.8200000000 0.8200000000 0.8200000000
4.2613506041 0.7572409748 1.0902728366 1.0633100000 0.6380330000 -0.7403990000 1.0625370000 0.6386820000 -0.7403980000 0.8200000000 0.8200000000 0.8200000000
1.0937600000 0.6172620000 -0.7404290000 1.0848780000 0.6239330000 -0.7404200000 4.2613506041 0.7572409748 1.0902728366 0.8200000000 0.8200000000 0.8200000000
4.2613506041 0.7572409748 1.0902728366 1.0848780000 0.6239330000 -0.7404200000 1.0771970000 0.6288330000 -0.7404120000 0.8200000000 0.8200000000 0.8200000000
1.0771970000 0.6288330000 -0.7404120000 1.0633100000 0.6380330000 -0.7403990000 4.2613506041 0.7572409748 1.0902728366 0.8200000000 0.8200000000 0.8200000000
0.8143281185 0.9104075997 -1.0797337827 0.9789270000 0.7103740000 -0.7403140000 0.9621970000 0.7068740000 -0.7402980000 0.8200000000 0.8200000000 0.8200000000
0.8143281185 0.9104075997 -1.0797337827 0.9890560000 0.7117150000 -0.7403240000 0.9789270000 0.7103740000 -0.7403140000 0.8200000000 0.8200000000 0.8200000000
4.2613506041 0.7572409748 1.0902728366 0.9890560000 0.7117150000 -0.7403240000 1.0073750000 0.7215980000 -0.7403430000 0.8200000000 0.8200000000 0.8200000000
4.2613506041 0.7572409748 1.0902728366 1.0149330000 0.7248720000 -0.7403500000 1.0179310000 0.7263790000 -0.7403530000 0.8200000000 0.8200000000 0.8200000000
1.0073750000 0.7215980000 -0.7403430000 1.0149330000 0.7248720000 -0.7403500000 4.2613506041 0.7572409748 1.0902728366 0.8200000000 0.8200000000 0.8200000000
1.0473780000 0.7617220000 -0.7403830000 1.0441650000 0.7555030000 -0.7403800000 0.8143281185 0.9104075997 -1.0797337827 0.8200000000 0.8200000000 0.8200000000
4.2613506041 0.7572409748 1.0902728366 1.0372150000 0.7455410000 -0.7403730000 1.0441650000 0.7555030000 -0.7403800000 0.8200000000 0.8200000000 0.8200000000
1.0303790000 0.7382400000 -0.7403660000 1.0372150000 0.7455410000 -0.7403730000 4.2613506041 0.7572409748 1.0902728366 0.8200000000 0.8200000000 0.8200000000
4.2613506041 0.7572409748 1.0902728366 1.0179310000 0.7263790000 -0.7403530000 1.0303790000 0.7382400000 -0.7403660000 0.8200000000 0.8200000000 0.8200000000
2.5971574721 -0.9719098112 1.4397438246 0.8936030000 0.8932300000 -0.7402300000 0.8867440000 0.8880310000 -0.7402230000 0.8200000000 0.8200000000 0.8200000000
0.8143281185 0.9104075997 -1.0797337827 0.8760760000 0.8770030000 -0.7402120000 0.8803960000 0.8820640000 -0.7402160000 0.8200000000 0.8200000000 0.8200000000
0.8867440000 0.8880310000 -0.7402230000 0.8803960000 0.8820640000 -0.7402160000 0.8143281185 0.9104075997 -1.0797337827 0.8200000000 0.8200000000 0.8200000000
0.9141230000 0.9061730000 -0.7402510000 0.8984000000 0.8974560000 -0.7402340000 0.8143281185 0.9104075997 -1.0797337827 0.8200000000 0.8200000000 0.8200000000
2.5971574721 -0.9719098112 1.4397438246 0.8936030000 0.8932300000 -0.7402300000 0.8984000000 0.8974560000 -0.7402340000 0.8200000000 0.8200000000 0.8200000000
0.9365060000 0.9119670000 -0.7402720000 0.9591760000 0.9119880000 -0.7402950000 2.5971574721 -0.9719098112 1.4397438246 0.8200000000 0.8200000000 0.8200000000
2.5971574721 -0.9719098112 1.4397438246 0.9243260000 0.9100400000 -0.7402600000 0.9141230000 0.9061730000 -0.7402510000 0.8200000000 0.8200000000 0.8200000000
2.5971574721 -0.9719098112 1.4397438246 0.9289310000 0.9116380000 -0.7402650000 0.9365060000 0.9119670000 -0.7402720000 0.8200000000 0.8200000000 0.8200000000
2.5971574721 -0.9719098112 1.4397438246 0.9267140000 0.9111430000 -0.7402630000 0.9289310000 0.9116380000 -0.7402650000 0.8200000000 0.8200000000 0.8200000000
2.5971574721 -0.9719098112 1.4397438246 0.9243260000 0.9100400000 -0.7402600000 0.9267140000 0.9111430000 -0.7402630000 0.8200000000 0.8200000000 0.8200000000
2.5971574721 -0.9719098112 1.4397438246 0.9674530000 0.9110280000 -0.7403040000 0.9591760000 0.9119880000 -0.7402950000 0.8200000000 0.8200000000 0.8200000000
2.5971574721 -0.9719098112 1.4397438246 0.9735930000 0.9090060000 -0.7403090000 0.9674530000 0.9110280000 -0.7403040000 0.8200000000 0.8200000000 0.8200000000
0.8143281185 0.9104075997 -1.0797337827 1.0318880000 0.8731980000 -0.7403670000 1.0333420000 0.8716690000 -0.7403690000 0.8200000000 0.8200000000 0.8200000000
1.0318880000 0.8731980000 -0.7403670000 1.0128180000 0.8923100000 -0.7403480000 2.5971574721 -0.9719098112 1.4397438246 0.8200000000 0.8200000000 0.8200000000
2.5971574721 -0.9719098112 1.4397438246 1.0128180000 0.8923100000 -0.7403480000 1.0049570000 0.8962890000 -0.7403400000 0.8200000000 0.8200000000 0.8200000000
0.9955640000 0.9049850000 -0.7403310000 0.9894540000 0.9070860000 -0.7403250000 2.5971574721 -0.9719098112 1.4397438246 0.8200000000 0.8200000000 0.8200000000
2.5971574721 -0.9719098112 1.4397438246 1.0049570000 0.8962890000 -0.7403400000 0.9955640000 0.9049850000 -0.7403310000 0.8200000000 0.8200000000 0.8200000000
0.8162980000 0.5400440000 -0.7401530000 0.8289790000 0.5756820000 -0.7401660000 0.5705030762 0.2355511132 0.1252706032 0.8200000000 0.8200000000 0.8200000000
0.5705030762 0.2355511132 0.1252706032 0.8382570000 0.5973600000 -0.7401740000 0.8527740000 0.6207660000 -0.7401900000 0.8200000000 0.8200000000 0.8200000000
0.8034000000 0.5064140000 -0.7401400000 0.8081990000 0.5160070000 -0.7401450000 0.5705030762 0.2355511132 0.1252706032 0.8200000000 0.8200000000 0.8200000000
0.5705030762 0.2355511132 0.1252706032 0.8081990000 0.5160070000 -0.7401450000 0.8102000000 0.5210860000 -0.7401470000 0.8200000000 0.8200000000 0.8200000000
0.7189780000 0.4188920000 -0.7400570000 0.7350770000 0.4359390000 -0.7400720000 0.5705030762 0.2355511132 0.1252706032 0.8200000000 0.8200000000 0.8200000000
0.5705030762 0.2355511132 0.1252706032 0.7350770000 0.4359390000 -0.7400720000 0.7425340000 0.4428500000 -0.7400790000 0.8200000000 0.8200000000 0.8200000000
0.5705030762 0.2355511132 0.1252706032 0.6394930000 0.3269460000 -0.7399770000 0.6267180000 0.3086700000 -0.7399650000 0.8200000000 0.8200000000 0.8200000000
0.6394930000 0.3269460000 -0.7399770000 0.6416410000 0.3302320000 -0.7399790000 0.5705030762 0.2355511132 0.1252706032 0.8200000000 0.8200000000 0.8200000000
0.6416410000 0.3302320000 -0.7399790000 0.6461090000 0.3348060000 -0.7399840000 0.5705030762 0.2355511132 0.1252706032 0.8200000000 0.8200000000 0.8200000000
0.5705030762 0.2355511132 0.1252706032 0.6685240000 0.3616860000 -0.7400060000 0.6684200000 0.3615750000 -0.7400050000 0.8200000000 0.8200000000 0.8200000000
0.5705030762 0.2355511132 0.1252706032 0.6536480000 0.3422320000 -0.7399920000 0.6682270000 0.3613470000 -0.7400050000 0.8200000000 0.8200000000 0.8200000000
0.5705030762 0.2355511132 0.1252706032 0.6872660000 0.3813960000 -0.7400260000 0.6968670000 0.3932980000 -0.7400350000 0.8200000000 0.8200000000 0.8200000000
0.5705030762 0.2355511132 0.1252706032 0.6794080000 0.3730990000 -0.7400170000 0.6872660000 0.3813960000 -0.7400260000 0.8200000000 0.8200000000 0.8200000000
0.6687500000 0.3618970000 -0.7400060000 0.6794080000 0.3730990000 -0.7400170000 0.5705030762 0.2355511132 0.1252706032 0.8200000000 0.8200000000 0.8200000000
0.5705030762 0.2355511132 0.1252706032 0.7189780000 0.4188920000 -0.7400570000 0.7057660000 0.4048800000 -0.7400440000 0.8200000000 0.8200000000 0.8200000000
0.5705030762 0.2355511132 0.1252706032 0.7539980000 0.4553490000 -0.7400910000 0.7425340000 0.4428500000 -0.7400790000 0.8200000000 0.8200000000 0.8200000000
0.5705030762 0.2355511132 0.1252706032 0.7539980000 0.4553490000 -0.7400910000 0.7644490000 0.4679770000 -0.7401010000 0.8200000000 0.8200000000 0.8200000000
0.5705030762 0.2355511132 0.1252706032 0.7702820000 0.4743340000 -0.7401070000 0.7644490000 0.4679770000 -0.7401010000 0.8200000000 0.8200000000 0.8200000000
0.5705030762 0.2355511132 0.1252706032 0.7799910000 0.4789900000 -0.7401180000 0.7702820000 0.4743340000 -0.7401070000 0.8200000000 0.8200000000 0.8200000000
0.5705030762 0.2355511132 0.1252706032 0.8034000000 0.5064140000 -0.7401400000 0.7897500000 0.4850860000 -0.7401270000 0.8200000000 0.8200000000 0.8200000000
0.5705030762 0.2355511132 0.1252706032 0.7799910000 0.4789900000 -0.7401180000 0.7897500000 0.4850860000 -0.7401270000 0.8200000000 0.8200000000 0.8200000000
0.5705030762 0.2355511132 0.1252706032 0.8140110000 0.5328340000 -0.7401500000 0.8102000000 0.5210860000 -0.7401470000 0.8200000000 0.8200000000 0.8200000000
0.5705030762 0.2355511132 0.1252706032 0.6058510000 0.2852610000 -0.7399350000 0.5988700000 0.2739680000 -0.7399370000 0.8200000000 0.8200000000 0.8200000000
0.5705030762 0.2355511132 0.1252706032 0.5988700000 0.2739680000 -0.7399370000 0.5973270000 0.2679280000 -0.7399360000 0.8200000000 0.8200000000 0.8200000000
0.5705030762 0.2355511132 0.1252706032 0.5867290000 0.2467850000 -0.7399240000 0.5943250000 0.2587180000 -0.7399330000 0.8200000000 0.8200000000 0.8200000000
0.5715150000 0.2299820000 -0.7399090000 0.5747000000 0.2346520000 -0.7399130000 0.5705030762 0.2355511132 0.1252706032 0.8200000000 0.8200000000 0.8200000000
0.5705030762 0.2355511132 0.1252706032 0.5615880000 0.2148930000 -0.7399000000 0.5582520000 0.2097640000 -0.7398960000 0.8200000000 0.8200000000 0.8200000000
0.5705030762 0.2355511132 0.1252706032 0.5389520000 0.1725120000 -0.7398780000 0.5298340000 0.1666580000 -0.7398690000 0.8200000000 0.8200000000 0.8200000000
0.5705030762 0.2355511132 0.1252706032 0.5298340000 0.1666580000 -0.7398690000 0.5247750000 0.1594240000 -0.7398630000 0.8200000000 0.8200000000 0.8200000000
0.5705030762 0.2355511132 0.1252706032 0.5042610000 0.1267540000 -0.7398430000 0.5247750000 0.1594240000 -0.7398630000 0.8200000000 0.8200000000 0.8200000000
0.5705030762 0.2355511132 0.1252706032 0.5042610000 0.1267540000 -0.7398430000 0.5013780000 0.1215190000 -0.7398410000 0.8200000000 0.8200000000 0.8200000000
0.5705030762 0.2355511132 0.1252706032 0.4830270000 0.0961150000 -0.7398210000 0.4979620000 0.1168600000 -0.7398360000 0.8200000000 0.8200000000 0.8200000000
0.4768640000 0.0857300000 -0.7398160000 0.4830270000 0.0961150000 -0.7398210000 0.5705030762 0.2355511132 0.1252706032 0.8200000000 0.8200000000 0.8200000000
0.5705030762 0.2355511132 0.1252706032 0.8788930000 0.6467310000 -0.7402150000 0.8742560000 0.6436380000 -0.7402100000 0.8200000000 0.8200000000 0.8200000000
0.5705030762 0.2355511132 0.1252706032 0.8527740000 0.6207660000 -0.7401900000 0.8685430000 0.6374370000 -0.7402050000 0.8200000000 0.8200000000 0.8200000000
0.5705030762 0.2355511132 0.1252706032 0.8921020000 0.6580700000 -0.7402290000 0.9086280000 0.6638150000 -0.7402450000 0.8200000000 0.8200000000 0.8200000000
0.5705030762 0.2355511132 0.1252706032 0.8788930000 0.6467310000 -0.7402150000 0.8921020000 0.6580700000 -0.7402290000 0.8200000000 0.8200000000 0.8200000000
0.9139360000 0.7091060000 -0.7402500000 0.9263050000 0.7065230000 -0.7402630000 0.8143281185 0.9104075997 -1.0797337827 0.8200000000 0.8200000000 0.8200000000
0.5705030762 0.2355511132 0.1252706032 0.8945450000 0.7160280000 -0.7402310000 0.8939390000 0.7163630000 -0.7402300000 0.8200000000 0.8200000000 0.8200000000
0.5705030762 0.2355511132 0.1252706032 0.9139360000 0.7091060000 -0.7402500000 0.9112550000 0.7097150000 -0.7402470000 0.8200000000 0.8200000000 0.8200000000
0.5705030762 0.2355511132 0.1252706032 0.8945450000 0.7160280000 -0.7402310000 0.9112550000 0.7097150000 -0.7402470000 0.8200000000 0.8200000000 0.8200000000
0.5705030762 0.2355511132 0.1252706032 0.8939390000 0.7163630000 -0.7402300000 0.8917320000 0.7178490000 -0.7402280000 0.8200000000 0.8200000000 0.8200000000
0.8917320000 0.7178490000 -0.7402280000 0.8799940000 0.7269180000 -0.7402160000 0.5705030762 0.2355511132 0.1252706032 0.8200000000 0.8200000000 0.8200000000
0.8635770000 0.7440070000 -0.7402000000 0.8568390000 0.7558270000 -0.7401940000 0.5705030762 0.2355511132 0.1252706032 0.8200000000 0.8200000000 0.8200000000
0.5705030762 0.2355511132 0.1252706032 0.8799940000 0.7269180000 -0.7402160000 0.8695940000 0.7369200000 -0.7402060000 0.8200000000 0.8200000000 0.8200000000
0.8143281185 0.9104075997 -1.0797337827 0.8635770000 0.7440070000 -0.7402000000 0.8671800000 0.7391510000 -0.7402040000 0.8200000000 0.8200000000 0.8200000000
0.8695940000 0.7369200000 -0.7402060000 0.8671800000 0.7391510000 -0.7402040000 0.5705030762 0.2355511132 0.1252706032 0.8200000000 0.8200000000 0.8200000000
4.2613506041 0.7572409748 1.0902728366 0.5705030762 0.2355511132 0.1252706032 0.9476800000 0.7060620000 -0.7402840000 0.8200000000 0.8200000000 0.8200000000
0.9476800000 0.7060620000 -0.7402840000 0.9621970000 0.7068740000 -0.7402980000 4.2613506041 0.7572409748 1.0902728366 0.8200000000 0.8200000000 0.8200000000
0.9427590000 0.7057010000 -0.7402790000 0.9418590000 0.7056110000 -0.7402780000 0.8143281185 0.9104075997 -1.0797337827 0.8200000000 0.8200000000 0.8200000000
0.8143281185 0.9104075997 -1.0797337827 0.9476800000 0.7060620000 -0.7402840000 0.9427590000 0.7057010000 -0.7402790000 0.8200000000 0.8200000000 0.8200000000
0.9391020000 0.7058210000 -0.7402750000 0.9418590000 0.7056110000 -0.7402780000 0.8143281185 0.9104075997 -1.0797337827 0.8200000000 0.8200000000 0.8200000000
0.5705030762 0.2355511132 0.1252706032 0.9391020000 0.7058210000 -0.7402750000 0.9263050000 0.7065230000 -0.7402630000 0.8200000000 0.8200000000 0.8200000000
0.9726900000 0.6676090000 -0.7403080000 0.9665010000 0.6682770000 -0.7403020000 4.2613506041 0.7572409748 1.0902728366 0.8200000000 0.8200000000 0.8200000000
4.2613506041 0.7572409748 1.0902728366 0.9665010000 0.6682770000 -0.7403020000 0.9570570000 0.6687070000 -0.7402930000 0.8200000000 0.8200000000 0.8200000000
0.9570570000 0.6687070000 -0.7402930000 0.5705030762 0.2355511132 0.1252706032 4.2613506041 0.7572409748 1.0902728366 0.8200000000 0.8200000000 0.8200000000
0.5705030762 0.2355511132 0.1252706032 0.9570570000 0.6687070000 -0.7402930000 0.9379550000 0.6691750000 -0.7402730000 0.8200000000 0.8200000000 0.8200000000
0.9240480000 0.6672850000 -0.7402600000 0.9379550000 0.6691750000 -0.7402730000 0.5705030762 0.2355511132 0.1252706032 0.8200000000 0.8200000000 0.8200000000
4.2613506041 0.7572409748 1.0902728366 1.1110180000 0.6019200000 -0.7404460000 1.0980500000 0.6123760000 -0.7404330000 0.8200000000 0.8200000000 0.8200000000
1.1202510000 0.5940710000 -0.7404550000 1.1110180000 0.6019200000 -0.7404460000 4.2613506041 0.7572409748 1.0902728366 0.8200000000 0.8200000000 0.8200000000
1.1230910000 0.5921390000 -0.7404580000 1.1202510000 0.5940710000 -0.7404550000 4.2613506041 0.7572409748 1.0902728366 0.8200000000 0.8200000000 0.8200000000
1.1567970000 0.5822280000 -0.7404910000 1.1551530000 0.5826950000 -0.7404900000 4.2613506041 0.7572409748 1.0902728366 0.8200000000 0.8200000000 0.8200000000
4.2613506041 0.7572409748 1.0902728366 1.1722590000 0.5759400000 -0.7405070000 1.1567970000 0.5822280000 -0.7404910000 0.8200000000 0.8200000000 0.8200000000
4.2613506041 0.7572409748 1.0902728366 1.1824470000 0.5711700000 -0.7405170000 1.1722590000 0.5759400000 -0.7405070000 0.8200000000 0.8200000000 0.8200000000
4.2613506041 0.7572409748 1.0902728366 1.1902130000 0.5669010000 -0.7405250000 1.1824470000 0.5711700000 -0.7405170000 0.8200000000 0.8200000000 0.8200000000
1.2152110000 0.5560980000 -0.7405490000 1.1902130000 0.5669010000 -0.7405250000 4.2613506041 0.7572409748 1.0902728366 0.8200000000 0.8200000000 0.8200000000
4.2613506041 0.7572409748 1.0902728366 1.2155970000 0.5559160000 -0.7405500000 1.2152110000 0.5560980000 -0.7405490000 0.8200000000 0.8200000000 0.8200000000
4.2613506041 0.7572409748 1.0902728366 1.2160090000 0.5557230000 -0.7405500000 1.2155970000 0.5559160000 -0.7405500000 0.8200000000 0.8200000000 0.8200000000
1.2438250000 0.5399270000 -0.7405780000 1.2160090000 0.5557230000 -0.7405500000 4.2613506041 0.7572409748 1.0902728366 0.8200000000 0.8200000000 0.8200000000
4.2613506041 0.7572409748 1.0902728366 1.2653790000 0.5307180000 -0.7405990000 1.2635300000 0.5315030000 -0.7405970000 0.8200000000 0.8200000000 0.8200000000
4.2613506041 0.7572409748 1.0902728366 1.2499150000 0.5365120000 -0.7405840000 1.2475620000 0.5381800000 -0.7405820000 0.8200000000 0.8200000000 0.8200000000
1.2635300000 0.5315030000 -0.7405970000 1.2499150000 0.5365120000 -0.7405840000 4.2613506041 0.7572409748 1.0902728366 0.8200000000 0.8200000000 0.8200000000
4.2613506041 0.7572409748 1.0902728366 1.3418090000 0.4820140000 -0.7406760000 1.3273830000 0.4933710000 -0.7406610000 0.8200000000 0.8200000000 0.8200000000
4.2613506041 0.7572409748 1.0902728366 1.3273830000 0.4933710000 -0.7406610000 1.3199680000 0.4989200000 -0.7406540000 0.8200000000 0.8200000000 0.8200000000
4.2613506041 0.7572409748 1.0902728366 1.3610840000 0.4678750000 -0.7406950000 1.3508130000 0.4766240000 -0.7406850000 0.8200000000 0.8200000000 0.8200000000
4.2613506041 0.7572409748 1.0902728366 1.3764820000 0.4558020000 -0.7407100000 1.3610840000 0.4678750000 -0.7406950000 0.8200000000 0.8200000000 0.8200000000
1.3937400000 0.4435400000 -0.7407270000 1.3764820000 0.4558020000 -0.7407100000 4.2613506041 0.7572409748 1.0902728366 0.8200000000 0.8200000000 0.8200000000
4.2613506041 0.7572409748 1.0902728366 1.4132450000 0.4315010000 -0.7407460000 1.4011830000 0.4385800000 -0.7407350000 0.8200000000 0.8200000000 0.8200000000
4.2613506041 0.7572409748 1.0902728366 1.4338950000 0.4221080000 -0.7407670000 1.4271570000 0.4249460000 -0.7407600000 0.8200000000 0.8200000000 0.8200000000
1.4271570000 0.4249460000 -0.7407600000 1.4132450000 0.4315010000 -0.7407460000 4.2613506041 0.7572409748 1.0902728366 0.8200000000 0.8200000000 0.8200000000
4.2613506041 0.7572409748 1.0902728366 1.4531290000 0.4091480000 -0.7407860000 1.4367710000 0.4194120000 -0.7407700000 0.8200000000 0.8200000000 0.8200000000
1.4533380000 0.4091130000 -0.7407860000 1.4531290000 0.4091480000 -0.7407860000 4.2613506041 0.7572409748 1.0902728366 0.8200000000 0.8200000000 0.8200000000
1.4541650000 0.4085870000 -0.7407870000 1.4533380000 0.4091130000 -0.7407860000 4.2613506041 0.7572409748 1.0902728366 0.8200000000 0.8200000000 0.8200000000
1.4887820000 0.3880380000 -0.7408220000 1.4790160000 0.3945210000 -0.7408120000 4.2613506041 0.7572409748 1.0902728366 0.8200000000 0.8200000000 0.8200000000
4.2613506041 0.7572409748 1.0902728366 1.5226510000 0.3749620000 -0.7408550000 1.5202230000 0.3772710000 -0.7408530000 0.8200000000 0.8200000000 0.8200000000
4.2613506041 0.7572409748 1.0902728366 1.4978600000 0.3839020000 -0.7408300000 1.4947470000 0.3852120000 -0.7408280000 0.8200000000 0.8200000000 0.8200000000
4.2613506041 0.7572409748 1.0902728366 1.5202230000 0.3772710000 -0.7408530000 1.4978600000 0.3839020000 -0.7408300000 0.8200000000 0.8200000000 0.8200000000
4.2613506041 0.7572409748 1.0902728366 1.5350780000 0.3359790000 -0.7408680000 1.5338130000 0.3514970000 -0.7408660000 0.8200000000 0.8200000000 0.8200000000
1.5323250000 0.3595970000 -0.7408650000 1.5226510000 0.3749620000 -0.7408550000 4.2613506041 0.7572409748 1.0902728366 0.8200000000 0.8200000000 0.8200000000
4.2613506041 0.7572409748 1.0902728366 1.5338130000 0.3514970000 -0.7408660000 1.5323250000 0.3595970000 -0.7408650000 0.8200000000 0.8200000000 0.8200000000
4.2613506041 0.7572409748 1.0902728366 1.6362320000 0.1185820000 -0.7409680000 1.6311020000 0.1379160000 -0.7409630000 0.8200000000 0.8200000000 0.8200000000
4.2613506041 0.7572409748 1.0902728366 1.6426000000 0.0948790000 -0.7409740000 1.6362320000 0.1185820000 -0.7409680000 0.8200000000 0.8200000000 0.8200000000
4.2613506041 0.7572409748 1.0902728366 1.6289610000 0.1432010000 -0.7409620000 1.6278900000 0.1489470000 -0.7409600000 0.8200000000 0.8200000000 0.8200000000
4.2613506041 0.7572409748 1.0902728366 1.6245840000 0.1648090000 -0.7409570000 1.6206920000 0.1742770000 -0.7409530000 0.8200000000 0.8200000000 0.8200000000
1.6278900000 0.1489470000 -0.7409600000 1.6245840000 0.1648090000 -0.7409570000 4.2613506041 0.7572409748 1.0902728366 0.8200000000 0.8200000000 0.8200000000
1.6144040000 0.1887800000 -0.7409460000 1.6011750000 0.2173910000 -0.7409330000 4.2613506041 0.7572409748 1.0902728366 0.8200000000 0.8200000000 0.8200000000
1.6007460000 0.2182640000 -0.7409330000 1.5803740000 0.2566290000 -0.7409120000 4.2613506041 0.7572409748 1.0902728366 0.8200000000 0.8200000000 0.8200000000
1.5803740000 0.2566290000 -0.7409120000 1.5739920000 0.2671700000 -0.7409060000 4.2613506041 0.7572409748 1.0902728366 0.8200000000 0.8200000000 0.8200000000
2.5971574721 -0.9719098112 1.4397438246 0.8749410000 -0.8847780000 -0.7402120000 0.8757450000 -0.8846750000 -0.7402130000 0.8200000000 0.8200000000 0.8200000000
2.5971574721 -0.9719098112 1.4397438246 0.8757450000 -0.8846750000 -0.7402130000 0.8800500000 -0.8847520000 -0.7402170000 0.8200000000 0.8200000000 0.8200000000
2.5971574721 -0.9719098112 1.4397438246 0.8956660000 -0.8874700000 -0.7402320000 0.9075110000 -0.8892250000 -0.7402430000 0.8200000000 0.8200000000 0.8200000000
2.5971574721 -0.9719098112 1.4397438246 0.8956660000 -0.8874700000 -0.7402320000 0.8885470000 -0.8859870000 -0.7402250000 0.8200000000 0.8200000000 0.8200000000
2.5971574721 -0.9719098112 1.4397438246 0.8885470000 -0.8859870000 -0.7402250000 0.8800500000 -0.8847520000 -0.7402170000 0.8200000000 0.8200000000 0.8200000000
2.5971574721 -0.9719098112 1.4397438246 0.9324770000 -0.8899200000 -0.7402690000 0.9437450000 -0.8907800000 -0.7402800000 0.8200000000 0.8200000000 0.8200000000
0.9226240000 -0.8901540000 -0.7402590000 0.9324770000 -0.8899200000 -0.7402690000 2.5971574721 -0.9719098112 1.4397438246 0.8200000000 0.8200000000 0.8200000000
2.5971574721 -0.9719098112 1.4397438246 0.9226240000 -0.8901540000 -0.7402590000 0.9154780000 -0.8862250000 -0.7402520000 0.8200000000 0.8200000000 0.8200000000
2.5971574721 -0.9719098112 1.4397438246 0.9437450000 -0.8907800000 -0.7402800000 0.9500400000 -0.8949130000 -0.7402860000 0.8200000000 0.8200000000 0.8200000000
2.5971574721 -0.9719098112 1.4397438246 0.9586900000 -0.8953340000 -0.7402950000 0.9500400000 -0.8949130000 -0.7402860000 0.8200000000 0.8200000000 0.8200000000
2.5971574721 -0.9719098112 1.4397438246 0.9586900000 -0.8953340000 -0.7402950000 0.9673000000 -0.8958680000 -0.7403040000 0.8200000000 0.8200000000 0.8200000000
0.9860310000 -0.9022130000 -0.7403220000 1.0061090000 -0.8928800000 -0.7403420000 2.5971574721 -0.9719098112 1.4397438246 0.8200000000 0.8200000000 0.8200000000
2.5971574721 -0.9719098112 1.4397438246 0.9848560000 -0.9022860000 -0.7403210000 0.9851440000 -0.9021850000 -0.7403210000 0.8200000000 0.8200000000 0.8200000000
2.5971574721 -0.9719098112 1.4397438246 0.9848560000 -0.9022860000 -0.7403210000 0.9673000000 -0.8958680000 -0.7403040000 0.8200000000 0.8200000000 0.8200000000
0.4856330000 -0.9492570000 -0.7397420000 0.4913040000 -0.9572560000 -0.7398300000 0.5035160000 -0.9690470000 -0.7398430000 0.8200000000 0.8200000000 0.8200000000
0.4624330000 -0.9565330000 -0.7398010000 0.4856330000 -0.9492570000 -0.7397420000 0.5035160000 -0.9690470000 -0.7398430000 0.8200000000 0.8200000000 0.8200000000
0.4372440000 -0.9538450000 -0.7397770000 0.4624330000 -0.9565330000 -0.7398010000 0.5035160000 -0.9690470000 -0.7398430000 0.8200000000 0.8200000000 0.8200000000
0.4346980000 -0.9543330000 -0.7397740000 0.4372440000 -0.9538450000 -0.7397770000 0.5035160000 -0.9690470000 -0.7398430000 0.8200000000 0.8200000000 0.8200000000
0.4326890000 -0.9545400000 -0.7397720000 0.4346980000 -0.9543330000 -0.7397740000 0.5035160000 -0.9690470000 -0.7398430000 0.8200000000 0.8200000000 0.8200000000
0.4251610000 -0.9605390000 -0.7397650000 0.4326890000 -0.9545400000 -0.7397720000 0.5035160000 -0.9690470000 -0.7398430000 0.8200000000 0.8200000000 0.8200000000
0.4219290000 -0.0828880000 -0.7397610000 0.4251610000 -0.9605390000 -0.7397650000 0.5035160000 -0.9690470000 -0.7398430000 0.8200000000 0.8200000000 0.8200000000
0.4340180000 -0.0673100000 -0.7397730000 0.4219290000 -0.0828880000 -0.7397610000 0.5035160000 -0.9690470000 -0.7398430000 0.8200000000 0.8200000000 0.8200000000
0.4424380000 -0.0496960000 -0.7397820000 0.4340180000 -0.0673100000 -0.7397730000 0.5035160000 -0.9690470000 -0.7398430000 0.8200000000 0.8200000000 0.8200000000
0.4493990000 -0.0380280000 -0.7397890000 0.4424380000 -0.0496960000 -0.7397820000 0.5035160000 -0.9690470000 -0.7398430000 0.8200000000 0.8200000000 0.8200000000
0.4552180000 -0.0255660000 -0.7397940000 0.4493990000 -0.0380280000 -0.7397890000 0.5035160000 -0.9690470000 -0.7398430000 0.8200000000 0.8200000000 0.8200000000
0.4555380000 -0.0240430000 -0.7397940000 0.4552180000 -0.0255660000 -0.7397940000 0.5035160000 -0.9690470000 -0.7398430000 0.8200000000 0.8200000000 0.8200000000
0.4614630000 -0.0103200000 -0.7398000000 0.4555380000 -0.0240430000 -0.7397940000 0.5035160000 -0.9690470000 -0.7398430000 0.8200000000 0.8200000000 0.8200000000
0.4653430000 0.0005400000 -0.7398040000 0.4614630000 -0.0103200000 -0.7398000000 0.5035160000 -0.9690470000 -0.7398430000 0.8200000000 0.8200000000 0.8200000000
0.4696260000 0.0151770000 -0.7398090000 0.4653430000 0.0005400000 -0.7398040000 0.5035160000 -0.9690470000 -0.7398430000 0.8200000000 0.8200000000 0.8200000000
0.4709280000 0.0241600000 -0.7398100000 0.4696260000 0.0151770000 -0.7398090000 0.5035160000 -0.9690470000 -0.7398430000 0.8200000000 0.8200000000 0.8200000000
0.4722180000 0.0458770000 -0.7398110000 0.4709280000 0.0241600000 -0.7398100000 0.5035160000 -0.9690470000 -0.7398430000 0.8200000000 0.8200000000 0.8200000000
0.4734770000 0.0519550000 -0.7398120000 0.4722180000 0.0458770000 -0.7398110000 0.5035160000 -0.9690470000 -0.7398430000 0.8200000000 0.8200000000 0.8200000000
0.4718580000 0.0617860000 -0.7398110000 0.4734770000 0.0519550000 -0.7398120000 0.5035160000 -0.9690470000 -0.7398430000 0.8200000000 0.8200000000 0.8200000000
0.4706170000 0.0706740000 -0.7398100000 0.4718580000 0.0617860000 -0.7398110000 0.5035160000 -0.9690470000 -0.7398430000 0.8200000000 0.8200000000 0.8200000000
0.4705640000 0.0715620000 -0.7398100000 0.4706170000 0.0706740000 -0.7398100000 0.5035160000 -0.9690470000 -0.7398430000 0.8200000000 0.8200000000 0.8200000000
0.4716600000 0.0731300000 -0.7398100000 0.4705640000 0.0715620000 -0.7398100000 0.5035160000 -0.9690470000 -0.7398430000 0.8200000000 0.8200000000 0.8200000000
0.4768640000 0.0857300000 -0.7398160000 0.4716600000 0.0731300000 -0.7398100000 0.5035160000 -0.9690470000 -0.7398430000 0.8200000000 0.8200000000 0.8200000000
0.4830270000 0.0961150000 -0.7398210000 0.4768640000 0.0857300000 -0.7398160000 0.5035160000 -0.9690470000 -0.7398430000 0.8200000000 0.8200000000 0.8200000000
0.4979620000 0.1168600000 -0.7398360000 0.4830270000 0.0961150000 -0.7398210000 0.5035160000 -0.9690470000 -0.7398430000 0.8200000000 0.8200000000 0.8200000000
0.5013780000 0.1215190000 -0.7398410000 0.4979620000 0.1168600000 -0.7398360000 0.5035160000 -0.9690470000 -0.7398430000 0.8200000000 0.8200000000 0.8200000000
0.5042610000 0.1267540000 -0.7398430000 0.5013780000 0.1215190000 -0.7398410000 0.5035160000 -0.9690470000 -0.7398430000 0.8200000000 0.8200000000 0.8200000000
0.5247750000 0.1594240000 -0.7398630000 0.5042610000 0.1267540000 -0.7398430000 0.5035160000 -0.9690470000 -0.7398430000 0.8200000000 0.8200000000 0.8200000000
0.5298340000 0.1666580000 -0.7398690000 0.5247750000 0.1594240000 -0.7398630000 0.5035160000 -0.9690470000 -0.7398430000 0.8200000000 0.8200000000 0.8200000000
0.5389520000 0.1725120000 -0.7398780000 0.5298340000 0.1666580000 -0.7398690000 0.5035160000 -0.9690470000 -0.7398430000 0.8200000000 0.8200000000 0.8200000000
0.5459930000 0.1776780000 -0.7398840000 0.5389520000 0.1725120000 -0.7398780000 0.5035160000 -0.9690470000 -0.7398430000 0.8200000000 0.8200000000 0.8200000000
0.5514370000 0.1821410000 -0.7398900000 0.5459930000 0.1776780000 -0.7398840000 0.5035160000 -0.9690470000 -0.7398430000 0.8200000000 0.8200000000 0.8200000000
0.5559450000 0.1932560000 -0.7398940000 0.5514370000 0.1821410000 -0.7398900000 0.5035160000 -0.9690470000 -0.7398430000 0.8200000000 0.8200000000 0.8200000000
0.5582520000 0.2097640000 -0.7398960000 0.5559450000 0.1932560000 -0.7398940000 0.5035160000 -0.9690470000 -0.7398430000 0.8200000000 0.8200000000 0.8200000000
0.5615880000 0.2148930000 -0.7399000000 0.5582520000 0.2097640000 -0.7398960000 0.5035160000 -0.9690470000 -0.7398430000 0.8200000000 0.8200000000 0.8200000000
0.5715150000 0.2299820000 -0.7399090000 0.5615880000 0.2148930000 -0.7399000000 0.5035160000 -0.9690470000 -0.7398430000 0.8200000000 0.8200000000 0.8200000000
0.5747000000 0.2346520000 -0.7399130000 0.5715150000 0.2299820000 -0.7399090000 0.5035160000 -0.9690470000 -0.7398430000 0.8200000000 0.8200000000 0.8200000000
0.5867290000 0.2467850000 -0.7399240000 0.5747000000 0.2346520000 -0.7399130000 0.5035160000 -0.9690470000 -0.7398430000 0.8200000000 0.8200000000 0.8200000000
0.5943250000 0.2587180000 -0.7399330000 0.5867290000 0.2467850000 -0.7399240000 0.5035160000 -0.9690470000 -0.7398430000 0.8200000000 0.8200000000 0.8200000000
0.5973270000 0.2679280000 -0.7399360000 0.5943250000 0.2587180000 -0.7399330000 0.5035160000 -0.9690470000 -0.7398430000 0.8200000000 0.8200000000 0.8200000000
0.5988700000 0.2739680000 -0.7399370000 0.5973270000 0.2679280000 -0.7399360000 0.5035160000 -0.9690470000 -0.7398430000 0.8200000000 0.8200000000 0.8200000000
0.6058510000 0.2852610000 -0.7399350000 0.5988700000 0.2739680000 -0.7399370000 0.5035160000 -0.9690470000 -0.7398430000 0.8200000000 0.8200000000 0.8200000000
0.6267180000 0.3086700000 -0.7399650000 0.6058510000 0.2852610000 -0.7399350000 0.5035160000 -0.9690470000 -0.7398430000 0.8200000000 0.8200000000 0.8200000000
0.6394930000 0.3269460000 -0.7399770000 0.6267180000 0.3086700000 -0.7399650000 0.5035160000 -0.9690470000 -0.7398430000 0.8200000000 0.8200000000 0.8200000000
0.6416410000 0.3302320000 -0.7399790000 0.6394930000 0.3269460000 -0.7399770000 0.5035160000 -0.9690470000 -0.7398430000 0.8200000000 0.8200000000 0.8200000000
0.6461090000 0.3348060000 -0.7399840000 0.6416410000 0.3302320000 -0.7399790000 0.5035160000 -0.9690470000 -0.7398430000 0.8200000000 0.8200000000 0.8200000000
0.6536480000 0.3422320000 -0.7399920000 0.6461090000 0.3348060000 -0.7399840000 0.5035160000 -0.9690470000 -0.7398430000 0.8200000000 0.8200000000 0.8200000000
0.6682270000 0.3613470000 -0.7400050000 0.6536480000 0.3422320000 -0.7399920000 0.5035160000 -0.9690470000 -0.7398430000 0.8200000000 0.8200000000 0.8200000000
0.6684200000 0.3615750000 -0.7400050000 0.6682270000 0.3613470000 -0.7400050000 0.5035160000 -0.9690470000 -0.7398430000 0.8200000000 0.8200000000 0.8200000000
0.6685240000 0.3616860000 -0.7400060000 0.6684200000 0.3615750000 -0.7400050000 0.5035160000 -0.9690470000 -0.7398430000 0.8200000000 0.8200000000 0.8200000000
0.6687500000 0.3618970000 -0.7400060000 0.6685240000 0.3616860000 -0.7400060000 0.5035160000 -0.9690470000 -0.7398430000 0.8200000000 0.8200000000 0.8200000000
0.6794080000 0.3730990000 -0.7400170000 0.6687500000 0.3618970000 -0.7400060000 0.5035160000 -0.9690470000 -0.7398430000 0.8200000000 0.8200000000 0.8200000000
0.6872660000 0.3813960000 -0.7400260000 0.6794080000 0.3730990000 -0.7400170000 0.5035160000 -0.9690470000 -0.7398430000 0.8200000000 0.8200000000 0.8200000000
0.6968670000 0.3932980000 -0.7400350000 0.6872660000 0.3813960000 -0.7400260000 0.5035160000 -0.9690470000 -0.7398430000 0.8200000000 0.8200000000 0.8200000000
0.7057660000 0.4048800000 -0.7400440000 0.6968670000 0.3932980000 -0.7400350000 0.5035160000 -0.9690470000 -0.7398430000 0.8200000000 0.8200000000 0.8200000000
0.7189780000 0.4188920000 -0.7400570000 0.7057660000 0.4048800000 -0.7400440000 0.5035160000 -0.9690470000 -0.7398430000 0.8200000000 0.8200000000 0.8200000000
0.7350770000 0.4359390000 -0.7400720000 0.7189780000 0.4188920000 -0.7400570000 0.5035160000 -0.9690470000 -0.7398430000 0.8200000000 0.8200000000 0.8200000000
0.7425340000 0.4428500000 -0.7400790000 0.7350770000 0.4359390000 -0.7400720000 0.5035160000 -0.9690470000 -0.7398430000 0.8200000000 0.8200000000 0.8200000000
0.7539980000 0.4553490000 -0.7400910000 0.7425340000 0.4428500000 -0.7400790000 0.5035160000 -0.9690470000 -0.7398430000 0.8200000000 0.8200000000 0.8200000000
0.7644490000 0.4679770000 -0.7401010000 0.7539980000 0.4553490000 -0.7400910000 0.5035160000 -0.9690470000 -0.7398430000 0.8200000000 0.8200000000 0.8200000000
0.7702820000 0.4743340000 -0.7401070000 0.7644490000 0.4679770000 -0.7401010000 0.5035160000 -0.9690470000 -0.7398430000 0.8200000000 0.8200000000 0.8200000000
0.7799910000 0.4789900000 -0.7401180000 0.7702820000 0.4743340000 -0.7401070000 0.5035160000 -0.9690470000 -0.7398430000 0.8200000000 0.8200000000 0.8200000000
0.7897500000 0.4850860000 -0.7401270000 0.7799910000 0.4789900000 -0.7401180000 0.5035160000 -0.9690470000 -0.7398430000 0.8200000000 0.8200000000 0.8200000000
0.8034000000 0.5064140000 -0.7401400000 0.7897500000 0.4850860000 -0.7401270000 0.5035160000 -0.9690470000 -0.7398430000 0.8200000000 0.8200000000 0.8200000000
0.8081990000 0.5160070000 -0.7401450000 0.8034000000 0.5064140000 -0.7401400000 0.5035160000 -0.9690470000 -0.7398430000 0.8200000000 0.8200000000 0.8200000000
0.8102000000 0.5210860000 -0.7401470000 0.8081990000 0.5160070000 -0.7401450000 0.5035160000 -0.9690470000 -0.7398430000 0.8200000000 0.8200000000 0.8200000000
0.8140110000 0.5328340000 -0.7401500000 0.8102000000 0.5210860000 -0.7401470000 0.5035160000 -0.9690470000 -0.7398430000 0.8200000000 0.8200000000 0.8200000000
0.8162980000 0.5400440000 -0.7401530000 0.8140110000 0.5328340000 -0.7401500000 0.5035160000 -0.9690470000 -0.7398430000 0.8200000000 0.8200000000 0.8200000000
0.8289790000 0.5756820000 -0.7401660000 0.8162980000 0.5400440000 -0.7401530000 0.5035160000 -0.9690470000 -0.7398430000 0.8200000000 0.8200000000 0.8200000000
0.8295480000 0.5776390000 -0.7401660000 0.8289790000 0.5756820000 -0.7401660000 0.5035160000 -0.9690470000 -0.7398430000 0.8200000000 0.8200000000 0.8200000000
0.8343320000 0.5896870000 -0.7401700000 0.8295480000 0.5776390000 -0.7401660000 0.5035160000 -0.9690470000 -0.7398430000 0.8200000000 0.8200000000 0.8200000000
0.8359720000 0.5935660000 -0.7401720000 0.8343320000 0.5896870000 -0.7401700000 0.5035160000 -0.9690470000 -0.7398430000 0.8200000000 0.8200000000 0.8200000000
0.8382570000 0.5973600000 -0.7401740000 0.8359720000 0.5935660000 -0.7401720000 0.5035160000 -0.9690470000 -0.7398430000 0.8200000000 0.8200000000 0.8200000000
0.8527740000 0.6207660000 -0.7401900000 0.8382570000 0.5973600000 -0.7401740000 0.5035160000 -0.9690470000 -0.7398430000 0.8200000000 0.8200000000 0.8200000000
0.8685430000 0.6374370000 -0.7402050000 0.8527740000 0.6207660000 -0.7401900000 0.5035160000 -0.9690470000 -0.7398430000 0.8200000000 0.8200000000 0.8200000000
0.8714620000 0.6409520000 -0.7402080000 0.8685430000 0.6374370000 -0.7402050000 0.5035160000 -0.9690470000 -0.7398430000 0.8200000000 0.8200000000 0.8200000000
0.8742560000 0.6436380000 -0.7402100000 0.8714620000 0.6409520000 -0.7402080000 0.5035160000 -0.9690470000 -0.7398430000 0.8200000000 0.8200000000 0.8200000000
0.8788930000 0.6467310000 -0.7402150000 0.8742560000 0.6436380000 -0.7402100000 0.5035160000 -0.9690470000 -0.7398430000 0.8200000000 0.8200000000 0.8200000000
0.8921020000 0.6580700000 -0.7402290000 0.8788930000 0.6467310000 -0.7402150000 0.5035160000 -0.9690470000 -0.7398430000 0.8200000000 0.8200000000 0.8200000000
0.9086280000 0.6638150000 -0.7402450000 0.8921020000 0.6580700000 -0.7402290000 0.5035160000 -0.9690470000 -0.7398430000 0.8200000000 0.8200000000 0.8200000000
0.9152700000 0.6659590000 -0.7402510000 0.9086280000 0.6638150000 -0.7402450000 0.5035160000 -0.9690470000 -0.7398430000 0.8200000000 0.8200000000 0.8200000000
0.9240480000 0.6672850000 -0.7402600000 0.9152700000 0.6659590000 -0.7402510000 0.5035160000 -0.9690470000 -0.7398430000 0.8200000000 0.8200000000 0.8200000000
0.9379550000 0.6691750000 -0.7402730000 0.9240480000 0.6672850000 -0.7402600000 0.5035160000 -0.9690470000 -0.7398430000 0.8200000000 0.8200000000 0.8200000000
0.9570570000 0.6687070000 -0.7402930000 0.9379550000 0.6691750000 -0.7402730000 0.5035160000 -0.9690470000 -0.7398430000 0.8200000000 0.8200000000 0.8200000000
0.9665010000 0.6682770000 -0.7403020000 0.9570570000 0.6687070000 -0.7402930000 0.5035160000 -0.9690470000 -0.7398430000 0.8200000000 0.8200000000 0.8200000000
0.9726900000 0.6676090000 -0.7403080000 0.9665010000 0.6682770000 -0.7403020000 0.5035160000 -0.9690470000 -0.7398430000 0.8200000000 0.8200000000 0.8200000000
0.9820200000 0.6658840000 -0.7403180000 0.9726900000 0.6676090000 -0.7403080000 0.5035160000 -0.9690470000 -0.7398430000 0.8200000000 0.8200000000 0.8200000000
0.9886770000 0.6641750000 -0.7403240000 0.9820200000 0.6658840000 -0.7403180000 0.5035160000 -0.9690470000 -0.7398430000 0.8200000000 0.8200000000 0.8200000000
1.0057820000 0.6615520000 -0.7403410000 0.9886770000 0.6641750000 -0.7403240000 0.5035160000 -0.9690470000 -0.7398430000 0.8200000000 0.8200000000 0.8200000000
1.0137390000 0.6590700000 -0.7403490000 1.0057820000 0.6615520000 -0.7403410000 0.5035160000 -0.9690470000 -0.7398430000 0.8200000000 0.8200000000 0.8200000000
1.0354190000 0.6517740000 -0.7403710000 1.0137390000 0.6590700000 -0.7403490000 0.5035160000 -0.9690470000 -0.7398430000 0.8200000000 0.8200000000 0.8200000000
1.0417200000 0.6493030000 -0.7403770000 1.0354190000 0.6517740000 -0.7403710000 0.5035160000 -0.9690470000 -0.7398430000 0.8200000000 0.8200000000 0.8200000000
1.0462310000 0.6480160000 -0.7403820000 1.0417200000 0.6493030000 -0.7403770000 0.5035160000 -0.9690470000 -0.7398430000 0.8200000000 0.8200000000 0.8200000000
1.0603550000 0.6400330000 -0.7403960000 1.0462310000 0.6480160000 -0.7403820000 0.5035160000 -0.9690470000 -0.7398430000 0.8200000000 0.8200000000 0.8200000000
1.0625370000 0.6386820000 -0.7403980000 1.0603550000 0.6400330000 -0.7403960000 0.5035160000 -0.9690470000 -0.7398430000 0.8200000000 0.8200000000 0.8200000000
1.0633100000 0.6380330000 -0.7403990000 1.0625370000 0.6386820000 -0.7403980000 0.5035160000 -0.9690470000 -0.7398430000 0.8200000000 0.8200000000 0.8200000000
1.0771970000 0.6288330000 -0.7404120000 1.0633100000 0.6380330000 -0.7403990000 0.5035160000 -0.9690470000 -0.7398430000 0.8200000000 0.8200000000 0.8200000000
1.0848780000 0.6239330000 -0.7404200000 1.0771970000 0.6288330000 -0.7404120000 0.5035160000 -0.9690470000 -0.7398430000 0.8200000000 0.8200000000 0.8200000000
1.0937600000 0.6172620000 -0.7404290000 1.0848780000 0.6239330000 -0.7404200000 0.5035160000 -0.9690470000 -0.7398430000 0.8200000000 0.8200000000 0.8200000000
1.0980500000 0.6123760000 -0.7404330000 1.0937600000 0.6172620000 -0.7404290000 0.5035160000 -0.9690470000 -0.7398430000 0.8200000000 0.8200000000 0.8200000000
1.1110180000 0.6019200000 -0.7404460000 1.0980500000 0.6123760000 -0.7404330000 0.5035160000 -0.9690470000 -0.7398430000 0.8200000000 0.8200000000 0.8200000000
1.1202510000 0.5940710000 -0.7404550000 1.1110180000 0.6019200000 -0.7404460000 0.5035160000 -0.9690470000 -0.7398430000 0.8200000000 0.8200000000 0.8200000000
1.1230910000 0.5921390000 -0.7404580000 1.1202510000 0.5940710000 -0.7404550000 0.5035160000 -0.9690470000 -0.7398430000 0.8200000000 0.8200000000 0.8200000000
1.1329300000 0.5871130000 -0.7404680000 1.1230910000 0.5921390000 -0.7404580000 0.5035160000 -0.9690470000 -0.7398430000 0.8200000000 0.8200000000 0.8200000000
1.1535720000 0.5829840000 -0.7404880000 1.1329300000 0.5871130000 -0.7404680000 0.5035160000 -0.9690470000 -0.7398430000 0.8200000000 0.8200000000 0.8200000000
1.1551530000 0.5826950000 -0.7404900000 1.1535720000 0.5829840000 -0.7404880000 0.5035160000 -0.9690470000 -0.7398430000 0.8200000000 0.8200000000 0.8200000000
1.1567970000 0.5822280000 -0.7404910000 1.1551530000 0.5826950000 -0.7404900000 0.5035160000 -0.9690470000 -0.7398430000 0.8200000000 0.8200000000 0.8200000000
1.1722590000 0.5759400000 -0.7405070000 1.1567970000 0.5822280000 -0.7404910000 0.5035160000 -0.9690470000 -0.7398430000 0.8200000000 0.8200000000 0.8200000000
1.1824470000 0.5711700000 -0.7405170000 1.1722590000 0.5759400000 -0.7405070000 0.5035160000 -0.9690470000 -0.7398430000 0.8200000000 0.8200000000 0.8200000000
1.1902130000 0.5669010000 -0.7405250000 1.1824470000 0.5711700000 -0.7405170000 0.5035160000 -0.9690470000 -0.7398430000 0.8200000000 0.8200000000 0.8200000000
1.2152110000 0.5560980000 -0.7405490000 1.1902130000 0.5669010000 -0.7405250000 0.5035160000 -0.9690470000 -0.7398430000 0.8200000000 0.8200000000 0.8200000000
1.2155970000 0.5559160000 -0.7405500000 1.2152110000 0.5560980000 -0.7405490000 0.5035160000 -0.9690470000 -0.7398430000 0.8200000000 0.8200000000 0.8200000000
1.2160090000 0.5557230000 -0.7405500000 1.2155970000 0.5559160000 -0.7405500000 0.5035160000 -0.9690470000 -0.7398430000 0.8200000000 0.8200000000 0.8200000000
1.2438250000 0.5399270000 -0.7405780000 1.2160090000 0.5557230000 -0.7405500000 0.5035160000 -0.9690470000 -0.7398430000 0.8200000000 0.8200000000 0.8200000000
1.2475620000 0.5381800000 -0.7405820000 1.2438250000 0.5399270000 -0.7405780000 0.5035160000 -0.9690470000 -0.7398430000 0.8200000000 0.8200000000 0.8200000000
1.2499150000 0.5365120000 -0.7405840000 1.2475620000 0.5381800000 -0.7405820000 0.5035160000 -0.9690470000 -0.7398430000 0.8200000000 0.8200000000 0.8200000000
1.2635300000 0.5315030000 -0.7405970000 1.2499150000 0.5365120000 -0.7405840000 0.5035160000 -0.9690470000 -0.7398430000 0.8200000000 0.8200000000 0.8200000000
1.2653790000 0.5307180000 -0.7405990000 1.2635300000 0.5315030000 -0.7405970000 0.5035160000 -0.9690470000 -0.7398430000 0.8200000000 0.8200000000 0.8200000000
1.2941610000 0.5143740000 -0.7406280000 1.2653790000 0.5307180000 -0.7405990000 0.5035160000 -0.9690470000 -0.7398430000 0.8200000000 0.8200000000 0.8200000000
1.2949450000 0.5140360000 -0.7406290000 1.2941610000 0.5143740000 -0.7406280000 0.5035160000 -0.9690470000 -0.7398430000 0.8200000000 0.8200000000 0.8200000000
1.2971600000 0.5130770000 -0.7406310000 1.2949450000 0.5140360000 -0.7406290000 0.5035160000 -0.9690470000 -0.7398430000 0.8200000000 0.8200000000 0.8200000000
1.3199680000 0.4989200000 -0.7406540000 1.2971600000 0.5130770000 -0.7406310000 0.5035160000 -0.9690470000 -0.7398430000 0.8200000000 0.8200000000 0.8200000000
1.3273830000 0.4933710000 -0.7406610000 1.3199680000 0.4989200000 -0.7406540000 0.5035160000 -0.9690470000 -0.7398430000 0.8200000000 0.8200000000 0.8200000000
1.3418090000 0.4820140000 -0.7406760000 1.3273830000 0.4933710000 -0.7406610000 0.5035160000 -0.9690470000 -0.7398430000 0.8200000000 0.8200000000 0.8200000000
1.3508130000 0.4766240000 -0.7406850000 1.3418090000 0.4820140000 -0.7406760000 0.5035160000 -0.9690470000 -0.7398430000 0.8200000000 0.8200000000 0.8200000000
1.3610840000 0.4678750000 -0.7406950000 1.3508130000 0.4766240000 -0.7406850000 0.5035160000 -0.9690470000 -0.7398430000 0.8200000000 0.8200000000 0.8200000000
1.3764820000 0.4558020000 -0.7407100000 1.3610840000 0.4678750000 -0.7406950000 0.5035160000 -0.9690470000 -0.7398430000 0.8200000000 0.8200000000 0.8200000000
1.3937400000 0.4435400000 -0.7407270000 1.3764820000 0.4558020000 -0.7407100000 0.5035160000 -0.9690470000 -0.7398430000 0.8200000000 0.8200000000 0.8200000000
1.4011830000 0.4385800000 -0.7407350000 1.3937400000 0.4435400000 -0.7407270000 0.5035160000 -0.9690470000 -0.7398430000 0.8200000000 0.8200000000 0.8200000000
1.4132450000 0.4315010000 -0.7407460000 1.4011830000 0.4385800000 -0.7407350000 0.5035160000 -0.9690470000 -0.7398430000 0.8200000000 0.8200000000 0.8200000000
1.4271570000 0.4249460000 -0.7407600000 1.4132450000 0.4315010000 -0.7407460000 0.5035160000 -0.9690470000 -0.7398430000 0.8200000000 0.8200000000 0.8200000000
1.4338950000 0.4221080000 -0.7407670000 1.4271570000 0.4249460000 -0.7407600000 0.5035160000 -0.9690470000 -0.7398430000 0.8200000000 0.8200000000 0.8200000000
1.4367710000 0.4194120000 -0.7407700000 1.4338950000 0.4221080000 -0.7407670000 0.5035160000 -0.9690470000 -0.7398430000 0.8200000000 0.8200000000 0.8200000000
1.4531290000 0.4091480000 -0.7407860000 1.4367710000 0.4194120000 -0.7407700000 0.5035160000 -0.9690470000 -0.7398430000 0.8200000000 0.8200000000 0.8200000000
1.4533380000 0.4091130000 -0.7407860000 1.4531290000 0.4091480000 -0.7407860000 0.5035160000 -0.9690470000 -0.7398430000 0.8200000000 0.8200000000 0.8200000000
1.4541650000 0.4085870000 -0.7407870000 1.4533380000 0.4091130000 -0.7407860000 0.5035160000 -0.9690470000 -0.7398430000 0.8200000000 0.8200000000 0.8200000000
1.4790160000 0.3945210000 -0.7408120000 1.4541650000 0.4085870000 -0.7407870000 0.5035160000 -0.9690470000 -0.7398430000 0.8200000000 0.8200000000 0.8200000000
1.4887820000 0.3880380000 -0.7408220000 1.4790160000 0.3945210000 -0.7408120000 0.5035160000 -0.9690470000 -0.7398430000 0.8200000000 0.8200000000 0.8200000000
1.4947470000 0.3852120000 -0.7408280000 1.4887820000 0.3880380000 -0.7408220000 0.5035160000 -0.9690470000 -0.7398430000 0.8200000000 0.8200000000 0.8200000000
1.4978600000 0.3839020000 -0.7408300000 1.4947470000 0.3852120000 -0.7408280000 0.5035160000 -0.9690470000 -0.7398430000 0.8200000000 0.8200000000 0.8200000000
1.5202230000 0.3772710000 -0.7408530000 1.4978600000 0.3839020000 -0.7408300000 0.5035160000 -0.9690470000 -0.7398430000 0.8200000000 0.8200000000 0.8200000000
1.5226510000 0.3749620000 -0.7408550000 1.5202230000 0.3772710000 -0.7408530000 0.5035160000 -0.9690470000 -0.7398430000 0.8200000000 0.8200000000 0.8200000000
1.5323250000 0.3595970000 -0.7408650000 1.5226510000 0.3749620000 -0.7408550000 0.5035160000 -0.9690470000 -0.7398430000 0.8200000000 0.8200000000 0.8200000000
1.5338130000 0.3514970000 -0.7408660000 1.5323250000 0.3595970000 -0.7408650000 0.5035160000 -0.9690470000 -0.7398430000 0.8200000000 0.8200000000 0.8200000000
1.5350780000 0.3359790000 -0.7408680000 1.5338130000 0.3514970000 -0.7408660000 0.5035160000 -0.9690470000 -0.7398430000 0.8200000000 0.8200000000 0.8200000000
1.5368040000 0.3252610000 -0.7408690000 1.5350780000 0.3359790000 -0.7408680000 0.5035160000 -0.9690470000 -0.7398430000 0.8200000000 0.8200000000 0.8200000000
1.5442170000 0.3155060000 -0.7408770000 1.5368040000 0.3252610000 -0.7408690000 0.5035160000 -0.9690470000 -0.7398430000 0.8200000000 0.8200000000 0.8200000000
1.5610320000 0.2970730000 -0.7408930000 1.5442170000 0.3155060000 -0.7408770000 0.5035160000 -0.9690470000 -0.7398430000 0.8200000000 0.8200000000 0.8200000000
1.5628910000 0.2936090000 -0.7408950000 1.5610320000 0.2970730000 -0.7408930000 0.5035160000 -0.9690470000 -0.7398430000 0.8200000000 0.8200000000 0.8200000000
1.5652550000 0.2850070000 -0.7408970000 1.5628910000 0.2936090000 -0.7408950000 0.5035160000 -0.9690470000 -0.7398430000 0.8200000000 0.8200000000 0.8200000000
1.5739920000 0.2671700000 -0.7409060000 1.5652550000 0.2850070000 -0.7408970000 0.5035160000 -0.9690470000 -0.7398430000 0.8200000000 0.8200000000 0.8200000000
1.5803740000 0.2566290000 -0.7409120000 1.5739920000 0.2671700000 -0.7409060000 0.5035160000 -0.9690470000 -0.7398430000 0.8200000000 0.8200000000 0.8200000000
1.6007460000 0.2182640000 -0.7409330000 1.5803740000 0.2566290000 -0.7409120000 0.5035160000 -0.9690470000 -0.7398430000 0.8200000000 0.8200000000 0.8200000000
1.6011750000 0.2173910000 -0.7409330000 1.6007460000 0.2182640000 -0.7409330000 0.5035160000 -0.9690470000 -0.7398430000 0.8200000000 0.8200000000 0.8200000000
1.6144040000 0.1887800000 -0.7409460000 1.6011750000 0.2173910000 -0.7409330000 0.5035160000 -0.9690470000 -0.7398430000 0.8200000000 0.8200000000 0.8200000000
1.6206920000 0.1742770000 -0.7409530000 1.6144040000 0.1887800000 -0.7409460000 0.5035160000 -0.9690470000 -0.7398430000 0.8200000000 0.8200000000 0.8200000000
1.6245840000 0.1648090000 -0.7409570000 1.6206920000 0.1742770000 -0.7409530000 0.5035160000 -0.9690470000 -0.7398430000 0.8200000000 0.8200000000 0.8200000000
1.6278900000 0.1489470000 -0.7409600000 1.6245840000 0.1648090000 -0.7409570000 0.5035160000 -0.9690470000 -0.7398430000 0.8200000000 0.8200000000 0.8200000000
1.6289610000 0.1432010000 -0.7409620000 1.6278900000 0.1489470000 -0.7409600000 0.5035160000 -0.9690470000 -0.7398430000 0.8200000000 0.8200000000 0.8200000000
1.6311020000 0.1379160000 -0.7409630000 1.6289610000 0.1432010000 -0.7409620000 0.5035160000 -0.9690470000 -0.7398430000 0.8200000000 0.8200000000 0.8200000000
1.6362320000 0.1185820000 -0.7409680000 1.6311020000 0.1379160000 -0.7409630000 0.5035160000 -0.9690470000 -0.7398430000 0.8200000000 0.8200000000 0.8200000000
1.6426000000 0.0948790000 -0.7409740000 1.6362320000 0.1185820000 -0.7409680000 0.5035160000 -0.9690470000 -0.7398430000 0.8200000000 0.8200000000 0.8200000000
1.6437080000 0.0895800000 -0.7409750000 1.6426000000 0.0948790000 -0.7409740000 0.5035160000 -0.9690470000 -0.7398430000 0.8200000000 0.8200000000 0.8200000000
1.6441560000 0.0883600000 -0.7409760000 1.6437080000 0.0895800000 -0.7409750000 0.5035160000 -0.9690470000 -0.7398430000 0.8200000000 0.8200000000 0.8200000000
1.6444310000 0.0867720000 -0.7409760000 1.6441560000 0.0883600000 -0.7409760000 0.5035160000 -0.9690470000 -0.7398430000 0.8200000000 0.8200000000 0.8200000000
1.6535560000 0.0641240000 -0.7409850000 1.6444310000 0.0867720000 -0.7409760000 0.5035160000 -0.9690470000 -0.7398430000 0.8200000000 0.8200000000 0.8200000000
1.6584560000 0.0505720000 -0.7409900000 1.6535560000 0.0641240000 -0.7409850000 0.5035160000 -0.9690470000 -0.7398430000 0.8200000000 0.8200000000 0.8200000000
1.6598520000 0.0498770000 -0.7409920000 1.6584560000 0.0505720000 -0.7409900000 0.5035160000 -0.9690470000 -0.7398430000 0.8200000000 0.8200000000 0.8200000000
1.6752250000 0.0455800000 -0.7410070000 1.6598520000 0.0498770000 -0.7409920000 0.5035160000 -0.9690470000 -0.7398430000 0.8200000000 0.8200000000 0.8200000000
1.6780090000 0.0472500000 -0.7410100000 1.6752250000 0.0455800000 -0.7410070000 0.5035160000 -0.9690470000 -0.7398430000 0.8200000000 0.8200000000 0.8200000000
1.6815230000 0.0482670000 -0.7410130000 1.6780090000 0.0472500000 -0.7410100000 0.5035160000 -0.9690470000 -0.7398430000 0.8200000000 0.8200000000 0.8200000000
1.6983610000 0.0488290000 -0.7410300000 1.6815230000 0.0482670000 -0.7410130000 0.5035160000 -0.9690470000 -0.7398430000 0.8200000000 0.8200000000 0.8200000000
1.7047310000 0.0436090000 -0.7410360000 1.6983610000 0.0488290000 -0.7410300000 0.5035160000 -0.9690470000 -0.7398430000 0.8200000000 0.8200000000 0.8200000000
1.7077680000 0.0384670000 -0.7410390000 1.7047310000 0.0436090000 -0.7410360000 0.5035160000 -0.9690470000 -0.7398430000 0.8200000000 0.8200000000 0.8200000000
1.7078210000 0.0302850000 -0.7410390000 1.7077680000 0.0384670000 -0.7410390000 0.5035160000 -0.9690470000 -0.7398430000 0.8200000000 0.8200000000 0.8200000000
1.7096250000 0.0169550000 -0.7410410000 1.7078210000 0.0302850000 -0.7410390000 0.5035160000 -0.9690470000 -0.7398430000 0.8200000000 0.8200000000 0.8200000000
1.7069770000 0.0044210000 -0.7410380000 1.7096250000 0.0169550000 -0.7410410000 0.5035160000 -0.9690470000 -0.7398430000 0.8200000000 0.8200000000 0.8200000000
1.7034550000 -0.0146280000 -0.7410350000 1.7069770000 0.0044210000 -0.7410380000 0.5035160000 -0.9690470000 -0.7398430000 0.8200000000 0.8200000000 0.8200000000
1.6992530000 -0.0422360000 -0.7410310000 1.7034550000 -0.0146280000 -0.7410350000 0.5035160000 -0.9690470000 -0.7398430000 0.8200000000 0.8200000000 0.8200000000
1.6988940000 -0.0461410000 -0.7410300000 1.6992530000 -0.0422360000 -0.7410310000 0.5035160000 -0.9690470000 -0.7398430000 0.8200000000 0.8200000000 0.8200000000
1.6987420000 -0.0515870000 -0.7410310000 1.6988940000 -0.0461410000 -0.7410300000 0.5035160000 -0.9690470000 -0.7398430000 0.8200000000 0.8200000000 0.8200000000
1.6979480000 -0.0584960000 -0.7410300000 1.6987420000 -0.0515870000 -0.7410310000 0.5035160000 -0.9690470000 -0.7398430000 0.8200000000 0.8200000000 0.8200000000
1.6965420000 -0.0811560000 -0.7410280000 1.6979480000 -0.0584960000 -0.7410300000 0.5035160000 -0.9690470000 -0.7398430000 0.8200000000 0.8200000000 0.8200000000
1.6966120000 -0.0928590000 -0.7410280000 1.6965420000 -0.0811560000 -0.7410280000 0.5035160000 -0.9690470000 -0.7398430000 0.8200000000 0.8200000000 0.8200000000
1.6938430000 -0.1144000000 -0.7410250000 1.6966120000 -0.0928590000 -0.7410280000 0.5035160000 -0.9690470000 -0.7398430000 0.8200000000 0.8200000000 0.8200000000
1.6937580000 -0.1223450000 -0.7410250000 1.6938430000 -0.1144000000 -0.7410250000 0.5035160000 -0.9690470000 -0.7398430000 0.8200000000 0.8200000000 0.8200000000
1.6926640000 -0.1277850000 -0.7410240000 1.6937580000 -0.1223450000 -0.7410250000 0.5035160000 -0.9690470000 -0.7398430000 0.8200000000 0.8200000000 0.8200000000
1.6925060000 -0.1525080000 -0.7410240000 1.6926640000 -0.1277850000 -0.7410240000 0.5035160000 -0.9690470000 -0.7398430000 0.8200000000 0.8200000000 0.8200000000
1.6921030000 -0.1683180000 -0.7410240000 1.6925060000 -0.1525080000 -0.7410240000 0.5035160000 -0.9690470000 -0.7398430000 0.8200000000 0.8200000000 0.8200000000
1.6894450000 -0.1893050000 -0.7410210000 1.6921030000 -0.1683180000 -0.7410240000 0.5035160000 -0.9690470000 -0.7398430000 0.8200000000 0.8200000000 0.8200000000
1.6888840000 -0.1971340000 -0.7410200000 1.6894450000 -0.1893050000 -0.7410210000 0.5035160000 -0.9690470000 -0.7398430000 0.8200000000 0.8200000000 0.8200000000
1.6894100000 -0.2072120000 -0.7410210000 1.6888840000 -0.1971340000 -0.7410200000 0.5035160000 -0.9690470000 -0.7398430000 0.8200000000 0.8200000000 0.8200000000
1.6897140000 -0.2216590000 -0.7410210000 1.6894100000 -0.2072120000 -0.7410210000 0.5035160000 -0.9690470000 -0.7398430000 0.8200000000 0.8200000000 0.8200000000
1.6890330000 -0.2296120000 -0.7410210000 1.6897140000 -0.2216590000 -0.7410210000 0.5035160000 -0.9690470000 -0.7398430000 0.8200000000 0.8200000000 0.8200000000
1.6879470000 -0.2324090000 -0.7410190000 1.6890330000 -0.2296120000 -0.7410210000 0.5035160000 -0.9690470000 -0.7398430000 0.8200000000 0.8200000000 0.8200000000
1.6840060000 -0.2404520000 -0.7410160000 1.6879470000 -0.2324090000 -0.7410190000 0.5035160000 -0.9690470000 -0.7398430000 0.8200000000 0.8200000000 0.8200000000
1.6800110000 -0.2454310000 -0.7410120000 1.6840060000 -0.2404520000 -0.7410160000 0.5035160000 -0.9690470000 -0.7398430000 0.8200000000 0.8200000000 0.8200000000
1.6751850000 -0.2474150000 -0.7410070000 1.6800110000 -0.2454310000 -0.7410120000 0.5035160000 -0.9690470000 -0.7398430000 0.8200000000 0.8200000000 0.8200000000
1.6706660000 -0.2483040000 -0.7410020000 1.6751850000 -0.2474150000 -0.7410070000 0.5035160000 -0.9690470000 -0.7398430000 0.8200000000 0.8200000000 0.8200000000
1.6583420000 -0.2442580000 -0.7409900000 1.6706660000 -0.2483040000 -0.7410020000 0.5035160000 -0.9690470000 -0.7398430000 0.8200000000 0.8200000000 0.8200000000
1.6559570000 -0.2435720000 -0.7409880000 1.6583420000 -0.2442580000 -0.7409900000 0.5035160000 -0.9690470000 -0.7398430000 0.8200000000 0.8200000000 0.8200000000
1.6541720000 -0.2457270000 -0.7409850000 1.6559570000 -0.2435720000 -0.7409880000 0.5035160000 -0.9690470000 -0.7398430000 0.8200000000 0.8200000000 0.8200000000
1.6483950000 -0.2497510000 -0.7409800000 1.6541720000 -0.2457270000 -0.7409850000 0.5035160000 -0.9690470000 -0.7398430000 0.8200000000 0.8200000000 0.8200000000
1.6462340000 -0.2540230000 -0.7409780000 1.6483950000 -0.2497510000 -0.7409800000 0.5035160000 -0.9690470000 -0.7398430000 0.8200000000 0.8200000000 0.8200000000
1.6433340000 -0.2631830000 -0.7409750000 1.6462340000 -0.2540230000 -0.7409780000 0.5035160000 -0.9690470000 -0.7398430000 0.8200000000 0.8200000000 0.8200000000
1.6389380000 -0.2792310000 -0.7409710000 1.6433340000 -0.2631830000 -0.7409750000 0.5035160000 -0.9690470000 -0.7398430000 0.8200000000 0.8200000000 0.8200000000
1.6366030000 -0.2862190000 -0.7409690000 1.6389380000 -0.2792310000 -0.7409710000 0.5035160000 -0.9690470000 -0.7398430000 0.8200000000 0.8200000000 0.8200000000
1.6337720000 -0.2923090000 -0.7409650000 1.6366030000 -0.2862190000 -0.7409690000 0.5035160000 -0.9690470000 -0.7398430000 0.8200000000 0.8200000000 0.8200000000
1.6292670000 -0.3041720000 -0.7409610000 1.6337720000 -0.2923090000 -0.7409650000 0.5035160000 -0.9690470000 -0.7398430000 0.8200000000 0.8200000000 0.8200000000
1.6249880000 -0.3123350000 -0.7409570000 1.6292670000 -0.3041720000 -0.7409610000 0.5035160000 -0.9690470000 -0.7398430000 0.8200000000 0.8200000000 0.8200000000
1.6193050000 -0.3259080000 -0.7409510000 1.6249880000 -0.3123350000 -0.7409570000 0.5035160000 -0.9690470000 -0.7398430000 0.8200000000 0.8200000000 0.8200000000
1.6129600000 -0.3401670000 -0.7409450000 1.6193050000 -0.3259080000 -0.7409510000 0.5035160000 -0.9690470000 -0.7398430000 0.8200000000 0.8200000000 0.8200000000
1.6123900000 -0.3418240000 -0.7409440000 1.6129600000 -0.3401670000 -0.7409450000 0.5035160000 -0.9690470000 -0.7398430000 0.8200000000 0.8200000000 0.8200000000
1.6055560000 -0.3610600000 -0.7409370000 1.6123900000 -0.3418240000 -0.7409440000 0.5035160000 -0.9690470000 -0.7398430000 0.8200000000 0.8200000000 0.8200000000
1.6050850000 -0.3620550000 -0.7409370000 1.6055560000 -0.3610600000 -0.7409370000 0.5035160000 -0.9690470000 -0.7398430000 0.8200000000 0.8200000000 0.8200000000
1.6035390000 -0.3641070000 -0.7409350000 1.6050850000 -0.3620550000 -0.7409370000 0.5035160000 -0.9690470000 -0.7398430000 0.8200000000 0.8200000000 0.8200000000
1.5826660000 -0.3902450000 -0.7409150000 1.6035390000 -0.3641070000 -0.7409350000 0.5035160000 -0.9690470000 -0.7398430000 0.8200000000 0.8200000000 0.8200000000
1.5818410000 -0.3914400000 -0.7409140000 1.5826660000 -0.3902450000 -0.7409150000 0.5035160000 -0.9690470000 -0.7398430000 0.8200000000 0.8200000000 0.8200000000
1.5808910000 -0.3932380000 -0.7409140000 1.5818410000 -0.3914400000 -0.7409140000 0.5035160000 -0.9690470000 -0.7398430000 0.8200000000 0.8200000000 0.8200000000
1.5697290000 -0.4179420000 -0.7409020000 1.5808910000 -0.3932380000 -0.7409140000 0.5035160000 -0.9690470000 -0.7398430000 0.8200000000 0.8200000000 0.8200000000
1.5611250000 -0.4309170000 -0.7408930000 1.5697290000 -0.4179420000 -0.7409020000 0.5035160000 -0.9690470000 -0.7398430000 0.8200000000 0.8200000000 0.8200000000
1.5582640000 -0.4356120000 -0.7408910000 1.5611250000 -0.4309170000 -0.7408930000 0.5035160000 -0.9690470000 -0.7398430000 0.8200000000 0.8200000000 0.8200000000
1.5545200000 -0.4451550000 -0.7408870000 1.5582640000 -0.4356120000 -0.7408910000 0.5035160000 -0.9690470000 -0.7398430000 0.8200000000 0.8200000000 0.8200000000
1.5517240000 -0.4520450000 -0.7408840000 1.5545200000 -0.4451550000 -0.7408870000 0.5035160000 -0.9690470000 -0.7398430000 0.8200000000 0.8200000000 0.8200000000
1.5450880000 -0.4654470000 -0.7408770000 1.5517240000 -0.4520450000 -0.7408840000 0.5035160000 -0.9690470000 -0.7398430000 0.8200000000 0.8200000000 0.8200000000
1.5394060000 -0.4855860000 -0.7408710000 1.5450880000 -0.4654470000 -0.7408770000 0.5035160000 -0.9690470000 -0.7398430000 0.8200000000 0.8200000000 0.8200000000
1.5375970000 -0.4941950000 -0.7408700000 1.5394060000 -0.4855860000 -0.7408710000 0.5035160000 -0.9690470000 -0.7398430000 0.8200000000 0.8200000000 0.8200000000
1.5303520000 -0.5202930000 -0.7408630000 1.5375970000 -0.4941950000 -0.7408700000 0.5035160000 -0.9690470000 -0.7398430000 0.8200000000 0.8200000000 0.8200000000
1.5235130000 -0.5506590000 -0.7408560000 1.5303520000 -0.5202930000 -0.7408630000 0.5035160000 -0.9690470000 -0.7398430000 0.8200000000 0.8200000000 0.8200000000
1.5228850000 -0.5544640000 -0.7408560000 1.5235130000 -0.5506590000 -0.7408560000 0.5035160000 -0.9690470000 -0.7398430000 0.8200000000 0.8200000000 0.8200000000
1.5182250000 -0.5623620000 -0.7408510000 1.5228850000 -0.5544640000 -0.7408560000 0.5035160000 -0.9690470000 -0.7398430000 0.8200000000 0.8200000000 0.8200000000
1.5123440000 -0.5692260000 -0.7408450000 1.5182250000 -0.5623620000 -0.7408510000 0.5035160000 -0.9690470000 -0.7398430000 0.8200000000 0.8200000000 0.8200000000
1.5009390000 -0.5781710000 -0.7408340000 1.5123440000 -0.5692260000 -0.7408450000 0.5035160000 -0.9690470000 -0.7398430000 0.8200000000 0.8200000000 0.8200000000
1.4959400000 -0.5795810000 -0.7408290000 1.5009390000 -0.5781710000 -0.7408340000 0.5035160000 -0.9690470000 -0.7398430000 0.8200000000 0.8200000000 0.8200000000
1.4919480000 -0.5789740000 -0.7408250000 1.4959400000 -0.5795810000 -0.7408290000 0.5035160000 -0.9690470000 -0.7398430000 0.8200000000 0.8200000000 0.8200000000
1.4846490000 -0.5763850000 -0.7408180000 1.4919480000 -0.5789740000 -0.7408250000 0.5035160000 -0.9690470000 -0.7398430000 0.8200000000 0.8200000000 0.8200000000
1.4638210000 -0.5687260000 -0.7407970000 1.4846490000 -0.5763850000 -0.7408180000 0.5035160000 -0.9690470000 -0.7398430000 0.8200000000 0.8200000000 0.8200000000
1.4568210000 -0.5542370000 -0.7407900000 1.4638210000 -0.5687260000 -0.7407970000 0.5035160000 -0.9690470000 -0.7398430000 0.8200000000 0.8200000000 0.8200000000
1.4429360000 -0.5227290000 -0.7407760000 1.4568210000 -0.5542370000 -0.7407900000 0.5035160000 -0.9690470000 -0.7398430000 0.8200000000 0.8200000000 0.8200000000
1.4323660000 -0.5005160000 -0.7407650000 1.4429360000 -0.5227290000 -0.7407760000 0.5035160000 -0.9690470000 -0.7398430000 0.8200000000 0.8200000000 0.8200000000
1.4318850000 -0.4994060000 -0.7407650000 1.4323660000 -0.5005160000 -0.7407650000 0.5035160000 -0.9690470000 -0.7398430000 0.8200000000 0.8200000000 0.8200000000
1.4318050000 -0.4995300000 -0.7407650000 1.4318850000 -0.4994060000 -0.7407650000 0.5035160000 -0.9690470000 -0.7398430000 0.8200000000 0.8200000000 0.8200000000
1.4317260000 -0.4995610000 -0.7407650000 1.4318050000 -0.4995300000 -0.7407650000 0.5035160000 -0.9690470000 -0.7398430000 0.8200000000 0.8200000000 0.8200000000
1.4315850000 -0.4996870000 -0.7407650000 1.4317260000 -0.4995610000 -0.7407650000 0.5035160000 -0.9690470000 -0.7398430000 0.8200000000 0.8200000000 0.8200000000
1.4134770000 -0.5137970000 -0.7407470000 1.4315850000 -0.4996870000 -0.7407650000 0.5035160000 -0.9690470000 -0.7398430000 0.8200000000 0.8200000000 0.8200000000
1.3998540000 -0.5172000000 -0.7407330000 1.4134770000 -0.5137970000 -0.7407470000 0.5035160000 -0.9690470000 -0.7398430000 0.8200000000 0.8200000000 0.8200000000
1.3872120000 -0.5327060000 -0.7407210000 1.3998540000 -0.5172000000 -0.7407330000 0.5035160000 -0.9690470000 -0.7398430000 0.8200000000 0.8200000000 0.8200000000
1.3824160000 -0.5384980000 -0.7407160000 1.3872120000 -0.5327060000 -0.7407210000 0.5035160000 -0.9690470000 -0.7398430000 0.8200000000 0.8200000000 0.8200000000
1.3668450000 -0.5540910000 -0.7407000000 1.3824160000 -0.5384980000 -0.7407160000 0.5035160000 -0.9690470000 -0.7398430000 0.8200000000 0.8200000000 0.8200000000
1.3639770000 -0.5580510000 -0.7406970000 1.3668450000 -0.5540910000 -0.7407000000 0.5035160000 -0.9690470000 -0.7398430000 0.8200000000 0.8200000000 0.8200000000
1.3562050000 -0.5700000000 -0.7406900000 1.3639770000 -0.5580510000 -0.7406970000 0.5035160000 -0.9690470000 -0.7398430000 0.8200000000 0.8200000000 0.8200000000
1.3391540000 -0.5908260000 -0.7406730000 1.3562050000 -0.5700000000 -0.7406900000 0.5035160000 -0.9690470000 -0.7398430000 0.8200000000 0.8200000000 0.8200000000
1.3382450000 -0.5915730000 -0.7406720000 1.3391540000 -0.5908260000 -0.7406730000 0.5035160000 -0.9690470000 -0.7398430000 0.8200000000 0.8200000000 0.8200000000
1.3301880000 -0.5970090000 -0.7406640000 1.3382450000 -0.5915730000 -0.7406720000 0.5035160000 -0.9690470000 -0.7398430000 0.8200000000 0.8200000000 0.8200000000
1.3275870000 -0.5987160000 -0.7406620000 1.3301880000 -0.5970090000 -0.7406640000 0.5035160000 -0.9690470000 -0.7398430000 0.8200000000 0.8200000000 0.8200000000
1.3143250000 -0.6138790000 -0.7406480000 1.3275870000 -0.5987160000 -0.7406620000 0.5035160000 -0.9690470000 -0.7398430000 0.8200000000 0.8200000000 0.8200000000
1.3002750000 -0.6328690000 -0.7406340000 1.3143250000 -0.6138790000 -0.7406480000 0.5035160000 -0.9690470000 -0.7398430000 0.8200000000 0.8200000000 0.8200000000
1.2981150000 -0.6353790000 -0.7406320000 1.3002750000 -0.6328690000 -0.7406340000 0.5035160000 -0.9690470000 -0.7398430000 0.8200000000 0.8200000000 0.8200000000
1.2966310000 -0.6369010000 -0.7406310000 1.2981150000 -0.6353790000 -0.7406320000 0.5035160000 -0.9690470000 -0.7398430000 0.8200000000 0.8200000000 0.8200000000
1.2957530000 -0.6381900000 -0.7406300000 1.2966310000 -0.6369010000 -0.7406310000 0.5035160000 -0.9690470000 -0.7398430000 0.8200000000 0.8200000000 0.8200000000
1.2814690000 -0.6576880000 -0.7406150000 1.2957530000 -0.6381900000 -0.7406300000 0.5035160000 -0.9690470000 -0.7398430000 0.8200000000 0.8200000000 0.8200000000
1.2743990000 -0.6637720000 -0.7406090000 1.2814690000 -0.6576880000 -0.7406150000 0.5035160000 -0.9690470000 -0.7398430000 0.8200000000 0.8200000000 0.8200000000
1.2660730000 -0.6771450000 -0.7406000000 1.2743990000 -0.6637720000 -0.7406090000 0.5035160000 -0.9690470000 -0.7398430000 0.8200000000 0.8200000000 0.8200000000
1.2641200000 -0.6798630000 -0.7405980000 1.2660730000 -0.6771450000 -0.7406000000 0.5035160000 -0.9690470000 -0.7398430000 0.8200000000 0.8200000000 0.8200000000
1.2577310000 -0.6879820000 -0.7405920000 1.2641200000 -0.6798630000 -0.7405980000 0.5035160000 -0.9690470000 -0.7398430000 0.8200000000 0.8200000000 0.8200000000
1.2466020000 -0.7010440000 -0.7405810000 1.2577310000 -0.6879820000 -0.7405920000 0.5035160000 -0.9690470000 -0.7398430000 0.8200000000 0.8200000000 0.8200000000
1.2396950000 -0.7115500000 -0.7405740000 1.2466020000 -0.7010440000 -0.7405810000 0.5035160000 -0.9690470000 -0.7398430000 0.8200000000 0.8200000000 0.8200000000
1.2324020000 -0.7207160000 -0.7405670000 1.2396950000 -0.7115500000 -0.7405740000 0.5035160000 -0.9690470000 -0.7398430000 0.8200000000 0.8200000000 0.8200000000
1.2256130000 -0.7312470000 -0.7405600000 1.2324020000 -0.7207160000 -0.7405670000 0.5035160000 -0.9690470000 -0.7398430000 0.8200000000 0.8200000000 0.8200000000
1.2068200000 -0.7564390000 -0.7405410000 1.2256130000 -0.7312470000 -0.7405600000 0.5035160000 -0.9690470000 -0.7398430000 0.8200000000 0.8200000000 0.8200000000
1.1999080000 -0.7672490000 -0.7405340000 1.2068200000 -0.7564390000 -0.7405410000 0.5035160000 -0.9690470000 -0.7398430000 0.8200000000 0.8200000000 0.8200000000
1.1888740000 -0.7787020000 -0.7405230000 1.1999080000 -0.7672490000 -0.7405340000 0.5035160000 -0.9690470000 -0.7398430000 0.8200000000 0.8200000000 0.8200000000
1.1821770000 -0.7870880000 -0.7405170000 1.1888740000 -0.7787020000 -0.7405230000 0.5035160000 -0.9690470000 -0.7398430000 0.8200000000 0.8200000000 0.8200000000
1.1754260000 -0.7969930000 -0.7405100000 1.1821770000 -0.7870880000 -0.7405170000 0.5035160000 -0.9690470000 -0.7398430000 0.8200000000 0.8200000000 0.8200000000
1.1594140000 -0.8118990000 -0.7404940000 1.1754260000 -0.7969930000 -0.7405100000 0.5035160000 -0.9690470000 -0.7398430000 0.8200000000 0.8200000000 0.8200000000
1.1491880000 -0.8266250000 -0.7404840000 1.1594140000 -0.8118990000 -0.7404940000 0.5035160000 -0.9690470000 -0.7398430000 0.8200000000 0.8200000000 0.8200000000
1.1411500000 -0.8342900000 -0.7404760000 1.1491880000 -0.8266250000 -0.7404840000 0.5035160000 -0.9690470000 -0.7398430000 0.8200000000 0.8200000000 0.8200000000
1.1314080000 -0.8422340000 -0.7404670000 1.1411500000 -0.8342900000 -0.7404760000 0.5035160000 -0.9690470000 -0.7398430000 0.8200000000 0.8200000000 0.8200000000
1.1284930000 -0.8441200000 -0.7404640000 1.1314080000 -0.8422340000 -0.7404670000 0.5035160000 -0.9690470000 -0.7398430000 0.8200000000 0.8200000000 0.8200000000
1.1095210000 -0.8550320000 -0.7404450000 1.1284930000 -0.8441200000 -0.7404640000 0.5035160000 -0.9690470000 -0.7398430000 0.8200000000 0.8200000000 0.8200000000
1.1041470000 -0.8580900000 -0.7404390000 1.1095210000 -0.8550320000 -0.7404450000 0.5035160000 -0.9690470000 -0.7398430000 0.8200000000 0.8200000000 0.8200000000
1.1003900000 -0.8588470000 -0.7404360000 1.1041470000 -0.8580900000 -0.7404390000 0.5035160000 -0.9690470000 -0.7398430000 0.8200000000 0.8200000000 0.8200000000
1.0877180000 -0.8624080000 -0.7404230000 1.1003900000 -0.8588470000 -0.7404360000 0.5035160000 -0.9690470000 -0.7398430000 0.8200000000 0.8200000000 0.8200000000
1.0689860000 -0.8708870000 -0.7404050000 1.0877180000 -0.8624080000 -0.7404230000 0.5035160000 -0.9690470000 -0.7398430000 0.8200000000 0.8200000000 0.8200000000
1.0543140000 -0.8756180000 -0.7403900000 1.0689860000 -0.8708870000 -0.7404050000 0.5035160000 -0.9690470000 -0.7398430000 0.8200000000 0.8200000000 0.8200000000
1.0441220000 -0.8812420000 -0.7403800000 1.0543140000 -0.8756180000 -0.7403900000 0.5035160000 -0.9690470000 -0.7398430000 0.8200000000 0.8200000000 0.8200000000
1.0353660000 -0.8843910000 -0.7403710000 1.0441220000 -0.8812420000 -0.7403800000 0.5035160000 -0.9690470000 -0.7398430000 0.8200000000 0.8200000000 0.8200000000
1.0290090000 -0.8860380000 -0.7403650000 1.0353660000 -0.8843910000 -0.7403710000 0.5035160000 -0.9690470000 -0.7398430000 0.8200000000 0.8200000000 0.8200000000
1.0240730000 -0.8876960000 -0.7403600000 1.0290090000 -0.8860380000 -0.7403650000 0.5035160000 -0.9690470000 -0.7398430000 0.8200000000 0.8200000000 0.8200000000
1.0100190000 -0.8921990000 -0.7403450000 1.0240730000 -0.8876960000 -0.7403600000 0.5035160000 -0.9690470000 -0.7398430000 0.8200000000 0.8200000000 0.8200000000
1.0061090000 -0.8928800000 -0.7403420000 1.0100190000 -0.8921990000 -0.7403450000 0.5035160000 -0.9690470000 -0.7398430000 0.8200000000 0.8200000000 0.8200000000
0.9860310000 -0.9022130000 -0.7403220000 1.0061090000 -0.8928800000 -0.7403420000 0.5035160000 -0.9690470000 -0.7398430000 0.8200000000 0.8200000000 0.8200000000
0.9851440000 -0.9021850000 -0.7403210000 0.9860310000 -0.9022130000 -0.7403220000 0.5035160000 -0.9690470000 -0.7398430000 0.8200000000 0.8200000000 0.8200000000
0.9848560000 -0.9022860000 -0.7403210000 0.9851440000 -0.9021850000 -0.7403210000 0.5035160000 -0.9690470000 -0.7398430000 0.8200000000 0.8200000000 0.8200000000
0.9673000000 -0.8958680000 -0.7403040000 0.9848560000 -0.9022860000 -0.7403210000 0.5035160000 -0.9690470000 -0.7398430000 0.8200000000 0.8200000000 0.8200000000
0.9586900000 -0.8953340000 -0.7402950000 0.9673000000 -0.8958680000 -0.7403040000 0.5035160000 -0.9690470000 -0.7398430000 0.8200000000 0.8200000000 0.8200000000
0.9500400000 -0.8949130000 -0.7402860000 0.9586900000 -0.8953340000 -0.7402950000 0.5035160000 -0.9690470000 -0.7398430000 0.8200000000 0.8200000000 0.8200000000
0.9437450000 -0.8907800000 -0.7402800000 0.9500400000 -0.8949130000 -0.7402860000 0.5035160000 -0.9690470000 -0.7398430000 0.8200000000 0.8200000000 0.8200000000
0.9324770000 -0.8899200000 -0.7402690000 0.9437450000 -0.8907800000 -0.7402800000 0.5035160000 -0.9690470000 -0.7398430000 0.8200000000 0.8200000000 0.8200000000
0.9226240000 -0.8901540000 -0.7402590000 0.9324770000 -0.8899200000 -0.7402690000 0.5035160000 -0.9690470000 -0.7398430000 0.8200000000 0.8200000000 0.8200000000
0.9154780000 -0.8862250000 -0.7402520000 0.9226240000 -0.8901540000 -0.7402590000 0.5035160000 -0.9690470000 -0.7398430000 0.8200000000 0.8200000000 0.8200000000
0.9075110000 -0.8892250000 -0.7402430000 0.9154780000 -0.8862250000 -0.7402520000 0.5035160000 -0.9690470000 -0.7398430000 0.8200000000 0.8200000000 0.8200000000
0.8956660000 -0.8874700000 -0.7402320000 0.9075110000 -0.8892250000 -0.7402430000 0.5035160000 -0.9690470000 -0.7398430000 0.8200000000 0.8200000000 0.8200000000
0.8885470000 -0.8859870000 -0.7402250000 0.8956660000 -0.8874700000 -0.7402320000 0.5035160000 -0.9690470000 -0.7398430000 0.8200000000 0.8200000000 0.8200000000
0.8800500000 -0.8847520000 -0.7402170000 0.8885470000 -0.8859870000 -0.7402250000 0.5035160000 -0.9690470000 -0.7398430000 0.8200000000 0.8200000000 0.8200000000
0.8757450000 -0.8846750000 -0.7402130000 0.8800500000 -0.8847520000 -0.7402170000 0.5035160000 -0.9690470000 -0.7398430000 0.8200000000 0.8200000000 0.8200000000
0.8749410000 -0.8847780000 -0.7402120000 0.8757450000 -0.8846750000 -0.7402130000 0.5035160000 -0.9690470000 -0.7398430000 0.8200000000 0.8200000000 0.8200000000
0.8712120000 -0.8853250000 -0.7402080000 0.8749410000 -0.8847780000 -0.7402120000 0.5035160000 -0.9690470000 -0.7398430000 0.8200000000 0.8200000000 0.8200000000
0.8539010000 -0.8862000000 -0.7401910000 0.8712120000 -0.8853250000 -0.7402080000 0.5035160000 -0.9690470000 -0.7398430000 0.8200000000 0.8200000000 0.8200000000
0.8403890000 -0.8874710000 -0.7401770000 0.8539010000 -0.8862000000 -0.7401910000 0.5035160000 -0.9690470000 -0.7398430000 0.8200000000 0.8200000000 0.8200000000
0.8354780000 -0.8873440000 -0.7401720000 0.8403890000 -0.8874710000 -0.7401770000 0.5035160000 -0.9690470000 -0.7398430000 0.8200000000 0.8200000000 0.8200000000
0.8308390000 -0.8881920000 -0.7401680000 0.8354780000 -0.8873440000 -0.7401720000 0.5035160000 -0.9690470000 -0.7398430000 0.8200000000 0.8200000000 0.8200000000
0.8175820000 -0.8892690000 -0.7401550000 0.8308390000 -0.8881920000 -0.7401680000 0.5035160000 -0.9690470000 -0.7398430000 0.8200000000 0.8200000000 0.8200000000
0.7846950000 -0.8892010000 -0.7401220000 0.8175820000 -0.8892690000 -0.7401550000 0.5035160000 -0.9690470000 -0.7398430000 0.8200000000 0.8200000000 0.8200000000
0.7753190000 -0.8881980000 -0.7401120000 0.7846950000 -0.8892010000 -0.7401220000 0.5035160000 -0.9690470000 -0.7398430000 0.8200000000 0.8200000000 0.8200000000
0.7588910000 -0.8886810000 -0.7400970000 0.7753190000 -0.8881980000 -0.7401120000 0.5035160000 -0.9690470000 -0.7398430000 0.8200000000 0.8200000000 0.8200000000
0.7446120000 -0.8858790000 -0.7400820000 0.7588910000 -0.8886810000 -0.7400970000 0.5035160000 -0.9690470000 -0.7398430000 0.8200000000 0.8200000000 0.8200000000
0.7367310000 -0.8875260000 -0.7400740000 0.7446120000 -0.8858790000 -0.7400820000 0.5035160000 -0.9690470000 -0.7398430000 0.8200000000 0.8200000000 0.8200000000
0.7262270000 -0.8872000000 -0.7400640000 0.7367310000 -0.8875260000 -0.7400740000 0.5035160000 -0.9690470000 -0.7398430000 0.8200000000 0.8200000000 0.8200000000
0.7195000000 -0.8898260000 -0.7400570000 0.7262270000 -0.8872000000 -0.7400640000 0.5035160000 -0.9690470000 -0.7398430000 0.8200000000 0.8200000000 0.8200000000
0.7154850000 -0.8922520000 -0.7400530000 0.7195000000 -0.8898260000 -0.7400570000 0.5035160000 -0.9690470000 -0.7398430000 0.8200000000 0.8200000000 0.8200000000
0.7110530000 -0.9025120000 -0.7400480000 0.7154850000 -0.8922520000 -0.7400530000 0.5035160000 -0.9690470000 -0.7398430000 0.8200000000 0.8200000000 0.8200000000
0.7089190000 -0.9084080000 -0.7400470000 0.7110530000 -0.9025120000 -0.7400480000 0.5035160000 -0.9690470000 -0.7398430000 0.8200000000 0.8200000000 0.8200000000
0.7056000000 -0.9180440000 -0.7400430000 0.7089190000 -0.9084080000 -0.7400470000 0.5035160000 -0.9690470000 -0.7398430000 0.8200000000 0.8200000000 0.8200000000
0.6967840000 -0.9432350000 -0.7400340000 0.7056000000 -0.9180440000 -0.7400430000 0.5035160000 -0.9690470000 -0.7398430000 0.8200000000 0.8200000000 0.8200000000
0.6912120000 -0.9553950000 -0.7400290000 0.6967840000 -0.9432350000 -0.7400340000 0.5035160000 -0.9690470000 -0.7398430000 0.8200000000 0.8200000000 0.8200000000
0.6873840000 -0.9595920000 -0.7400250000 0.6912120000 -0.9553950000 -0.7400290000 0.5035160000 -0.9690470000 -0.7398430000 0.8200000000 0.8200000000 0.8200000000
0.6853470000 -0.9626200000 -0.7400230000 0.6873840000 -0.9595920000 -0.7400250000 0.5035160000 -0.9690470000 -0.7398430000 0.8200000000 0.8200000000 0.8200000000
0.6733980000 -0.9748520000 -0.7400110000 0.6853470000 -0.9626200000 -0.7400230000 0.5035160000 -0.9690470000 -0.7398430000 0.8200000000 0.8200000000 0.8200000000
0.6626450000 -0.9828390000 -0.7400000000 0.6733980000 -0.9748520000 -0.7400110000 0.5035160000 -0.9690470000 -0.7398430000 0.8200000000 0.8200000000 0.8200000000
0.6608790000 -0.9849880000 -0.7399980000 0.6626450000 -0.9828390000 -0.7400000000 0.5035160000 -0.9690470000 -0.7398430000 0.8200000000 0.8200000000 0.8200000000
0.6385170000 -0.9995880000 -0.7399760000 0.6608790000 -0.9849880000 -0.7399980000 0.5035160000 -0.9690470000 -0.7398430000 0.8200000000 0.8200000000 0.8200000000
0.6334920000 -1.0018000000 -0.7399710000 0.6385170000 -0.9995880000 -0.7399760000 0.5035160000 -0.9690470000 -0.7398430000 0.8200000000 0.8200000000 0.8200000000
0.6192260000 -1.0096040000 -0.7399570000 0.6334920000 -1.0018000000 -0.7399710000 0.5035160000 -0.9690470000 -0.7398430000 0.8200000000 0.8200000000 0.8200000000
0.6088700000 -1.0141630000 -0.7399470000 0.6192260000 -1.0096040000 -0.7399570000 0.5035160000 -0.9690470000 -0.7398430000 0.8200000000 0.8200000000 0.8200000000
0.6067090000 -1.0153710000 -0.7399450000 0.6088700000 -1.0141630000 -0.7399470000 0.5035160000 -0.9690470000 -0.7398430000 0.8200000000 0.8200000000 0.8200000000
0.5944480000 -1.0170300000 -0.7399330000 0.6067090000 -1.0153710000 -0.7399450000 0.5035160000 -0.9690470000 -0.7398430000 0.8200000000 0.8200000000 0.8200000000
0.5895950000 -1.0193170000 -0.7399280000 0.5944480000 -1.0170300000 -0.7399330000 0.5035160000 -0.9690470000 -0.7398430000 0.8200000000 0.8200000000 0.8200000000
0.5689400000 -1.0257530000 -0.7399080000 0.5895950000 -1.0193170000 -0.7399280000 0.5035160000 -0.9690470000 -0.7398430000 0.8200000000 0.8200000000 0.8200000000
0.5644120000 -1.0243100000 -0.7399020000 0.5689400000 -1.0257530000 -0.7399080000 0.5035160000 -0.9690470000 -0.7398430000 0.8200000000 0.8200000000 0.8200000000
0.5611330000 -1.0228690000 -0.7399000000 0.5644120000 -1.0243100000 -0.7399020000 0.5035160000 -0.9690470000 -0.7398430000 0.8200000000 0.8200000000 0.8200000000
0.5532720000 -1.0235610000 -0.7398920000 0.5611330000 -1.0228690000 -0.7399000000 0.5035160000 -0.9690470000 -0.7398430000 0.8200000000 0.8200000000 0.8200000000
0.5337830000 -1.0294360000 -0.7398730000 0.5532720000 -1.0235610000 -0.7398920000 0.5035160000 -0.9690470000 -0.7398430000 0.8200000000 0.8200000000 0.8200000000
0.5239190000 -1.0288120000 -0.7398630000 0.5337830000 -1.0294360000 -0.7398730000 0.5035160000 -0.9690470000 -0.7398430000 0.8200000000 0.8200000000 0.8200000000
0.5092520000 -1.0269820000 -0.7398480000 0.5239190000 -1.0288120000 -0.7398630000 0.5035160000 -0.9690470000 -0.7398430000 0.8200000000 0.8200000000 0.8200000000
0.4940530000 -1.0237270000 -0.7398320000 0.5092520000 -1.0269820000 -0.7398480000 0.5035160000 -0.9690470000 -0.7398430000 0.8200000000 0.8200000000 0.8200000000
0.4898230000 -1.0251980000 -0.7398290000 0.4940530000 -1.0237270000 -0.7398320000 0.5035160000 -0.9690470000 -0.7398430000 0.8200000000 0.8200000000 0.8200000000
0.4742590000 -1.0279570000 -0.7398130000 0.4898230000 -1.0251980000 -0.7398290000 0.5035160000 -0.9690470000 -0.7398430000 0.8200000000 0.8200000000 0.8200000000
0.4578260000 -1.0299360000 -0.7397970000 0.4742590000 -1.0279570000 -0.7398130000 0.5035160000 -0.9690470000 -0.7398430000 0.8200000000 0.8200000000 0.8200000000
0.4357080000 -1.0277340000 -0.7397750000 0.4578260000 -1.0299360000 -0.7397970000 0.5035160000 -0.9690470000 -0.7398430000 0.8200000000 0.8200000000 0.8200000000
0.4219110000 -1.0282570000 -0.7397610000 0.4357080000 -1.0277340000 -0.7397750000 0.5035160000 -0.9690470000 -0.7398430000 0.8200000000 0.8200000000 0.8200000000
0.4165670000 -1.0266890000 -0.7397550000 0.4219110000 -1.0282570000 -0.7397610000 0.5035160000 -0.9690470000 -0.7398430000 0.8200000000 0.8200000000 0.8200000000
0.4137690000 -1.0266330000 -0.7397530000 0.4165670000 -1.0266890000 -0.7397550000 0.5035160000 -0.9690470000 -0.7398430000 0.8200000000 0.8200000000 0.8200000000
0.3973580000 -1.0226780000 -0.7397370000 0.4137690000 -1.0266330000 -0.7397530000 0.5035160000 -0.9690470000 -0.7398430000 0.8200000000 0.8200000000 0.8200000000
0.4137010000 -0.9737280000 -0.7397530000 0.3973580000 -1.0226780000 -0.7397370000 0.5035160000 -0.9690470000 -0.7398430000 0.8200000000 0.8200000000 0.8200000000
0.4285260000 -0.9879190000 -0.7397680000 0.4137010000 -0.9737280000 -0.7397530000 0.5035160000 -0.9690470000 -0.7398430000 0.8200000000 0.8200000000 0.8200000000
0.4461540000 -0.9880460000 -0.7397850000 0.4285260000 -0.9879190000 -0.7397680000 0.5035160000 -0.9690470000 -0.7398430000 0.8200000000 0.8200000000 0.8200000000
0.4584010000 -0.9909670000 -0.7397980000 0.4461540000 -0.9880460000 -0.7397850000 0.5035160000 -0.9690470000 -0.7398430000 0.8200000000 0.8200000000 0.8200000000
0.4660290000 -0.9913640000 -0.7398060000 0.4584010000 -0.9909670000 -0.7397980000 0.5035160000 -0.9690470000 -0.7398430000 0.8200000000 0.8200000000 0.8200000000
0.4927580000 -0.9886540000 -0.7397720000 0.4660290000 -0.9913640000 -0.7398060000 0.5035160000 -0.9690470000 -0.7398430000 0.8200000000 0.8200000000 0.8200000000
0.4169050000 -0.1799330000 -0.7397560000 0.4176980000 -0.1778450000 -0.7397570000 0.4178810000 -0.1764260000 -0.7397570000 0.8200000000 0.8200000000 0.8200000000
0.4172010000 -0.1870560000 -0.7397570000 0.4169050000 -0.1799330000 -0.7397560000 0.4178810000 -0.1764260000 -0.7397570000 0.8200000000 0.8200000000 0.8200000000
0.4072500000 -0.2055910000 -0.7397470000 0.4172010000 -0.1870560000 -0.7397570000 0.4178810000 -0.1764260000 -0.7397570000 0.8200000000 0.8200000000 0.8200000000
0.4050640000 -0.2080740000 -0.7397440000 0.4072500000 -0.2055910000 -0.7397470000 0.4178810000 -0.1764260000 -0.7397570000 0.8200000000 0.8200000000 0.8200000000
0.4041260000 -0.2096030000 -0.7397430000 0.4050640000 -0.2080740000 -0.7397440000 0.4178810000 -0.1764260000 -0.7397570000 0.8200000000 0.8200000000 0.8200000000
0.4038720000 -0.2151510000 -0.7397430000 0.4041260000 -0.2096030000 -0.7397430000 0.4178810000 -0.1764260000 -0.7397570000 0.8200000000 0.8200000000 0.8200000000
0.4018630000 -0.2309300000 -0.7397410000 0.4038720000 -0.2151510000 -0.7397430000 0.4178810000 -0.1764260000 -0.7397570000 0.8200000000 0.8200000000 0.8200000000
0.3994180000 -0.2365270000 -0.7397390000 0.4018630000 -0.2309300000 -0.7397410000 0.4178810000 -0.1764260000 -0.7397570000 0.8200000000 0.8200000000 0.8200000000
0.3952610000 -0.2479830000 -0.7397350000 0.3994180000 -0.2365270000 -0.7397390000 0.4178810000 -0.1764260000 -0.7397570000 0.8200000000 0.8200000000 0.8200000000
0.3878190000 -0.2627490000 -0.7397270000 0.3952610000 -0.2479830000 -0.7397350000 0.4178810000 -0.1764260000 -0.7397570000 0.8200000000 0.8200000000 0.8200000000
0.3841820000 -0.2727820000 -0.7397240000 0.3878190000 -0.2627490000 -0.7397270000 0.4178810000 -0.1764260000 -0.7397570000 0.8200000000 0.8200000000 0.8200000000
0.3809510000 -0.2807830000 -0.7397200000 0.3841820000 -0.2727820000 -0.7397240000 0.4178810000 -0.1764260000 -0.7397570000 0.8200000000 0.8200000000 0.8200000000
0.3706410000 -0.3050720000 -0.7397100000 0.3809510000 -0.2807830000 -0.7397200000 0.4178810000 -0.1764260000 -0.7397570000 0.8200000000 0.8200000000 0.8200000000
0.3647230000 -0.3164150000 -0.7397050000 0.3706410000 -0.3050720000 -0.7397100000 0.4178810000 -0.1764260000 -0.7397570000 0.8200000000 0.8200000000 0.8200000000
0.3593900000 -0.3263930000 -0.7396990000 0.3647230000 -0.3164150000 -0.7397050000 0.4178810000 -0.1764260000 -0.7397570000 0.8200000000 0.8200000000 0.8200000000
0.3567430000 -0.3326010000 -0.7396970000 0.3593900000 -0.3263930000 -0.7396990000 0.4178810000 -0.1764260000 -0.7397570000 0.8200000000 0.8200000000 0.8200000000
0.3461860000 -0.3528900000 -0.7396860000 0.3567430000 -0.3326010000 -0.7396970000 0.4178810000 -0.1764260000 -0.7397570000 0.8200000000 0.8200000000 0.8200000000
0.3456160000 -0.3538780000 -0.7396850000 0.3461860000 -0.3528900000 -0.7396860000 0.4178810000 -0.1764260000 -0.7397570000 0.8200000000 0.8200000000 0.8200000000
0.3351990000 -0.3729840000 -0.7396750000 0.3456160000 -0.3538780000 -0.7396850000 0.4178810000 -0.1764260000 -0.7397570000 0.8200000000 0.8200000000 0.8200000000
0.3331690000 -0.3758960000 -0.7396730000 0.3351990000 -0.3729840000 -0.7396750000 0.4178810000 -0.1764260000 -0.7397570000 0.8200000000 0.8200000000 0.8200000000
0.3282270000 -0.3808610000 -0.7396670000 0.3331690000 -0.3758960000 -0.7396730000 0.4178810000 -0.1764260000 -0.7397570000 0.8200000000 0.8200000000 0.8200000000
0.3221990000 -0.3879350000 -0.7396620000 0.3282270000 -0.3808610000 -0.7396670000 0.4178810000 -0.1764260000 -0.7397570000 0.8200000000 0.8200000000 0.8200000000
0.3207500000 -0.4007530000 -0.7396610000 0.3221990000 -0.3879350000 -0.7396620000 0.4178810000 -0.1764260000 -0.7397570000 0.8200000000 0.8200000000 0.8200000000
0.3194100000 -0.4057730000 -0.7396590000 0.3207500000 -0.4007530000 -0.7396610000 0.4178810000 -0.1764260000 -0.7397570000 0.8200000000 0.8200000000 0.8200000000
0.3237830000 -0.4157490000 -0.7396630000 0.3194100000 -0.4057730000 -0.7396590000 0.4178810000 -0.1764260000 -0.7397570000 0.8200000000 0.8200000000 0.8200000000
0.3246360000 -0.4249660000 -0.7396650000 0.3237830000 -0.4157490000 -0.7396630000 0.4178810000 -0.1764260000 -0.7397570000 0.8200000000 0.8200000000 0.8200000000
0.3180680000 -0.4387010000 -0.7396570000 0.3246360000 -0.4249660000 -0.7396650000 0.4178810000 -0.1764260000 -0.7397570000 0.8200000000 0.8200000000 0.8200000000
0.3118920000 -0.4486900000 -0.7396520000 0.3180680000 -0.4387010000 -0.7396570000 0.4178810000 -0.1764260000 -0.7397570000 0.8200000000 0.8200000000 0.8200000000
0.3022880000 -0.4633550000 -0.7396420000 0.3118920000 -0.4486900000 -0.7396520000 0.4178810000 -0.1764260000 -0.7397570000 0.8200000000 0.8200000000 0.8200000000
0.3022590000 -0.4638360000 -0.7396420000 0.3022880000 -0.4633550000 -0.7396420000 0.4178810000 -0.1764260000 -0.7397570000 0.8200000000 0.8200000000 0.8200000000
0.3016060000 -0.4649490000 -0.7396420000 0.3022590000 -0.4638360000 -0.7396420000 0.4178810000 -0.1764260000 -0.7397570000 0.8200000000 0.8200000000 0.8200000000
0.2964380000 -0.4752480000 -0.7396360000 0.3016060000 -0.4649490000 -0.7396420000 0.4178810000 -0.1764260000 -0.7397570000 0.8200000000 0.8200000000 0.8200000000
0.2930440000 -0.4772060000 -0.7396330000 0.2964380000 -0.4752480000 -0.7396360000 0.4178810000 -0.1764260000 -0.7397570000 0.8200000000 0.8200000000 0.8200000000
0.2857760000 -0.4839160000 -0.7396250000 0.2930440000 -0.4772060000 -0.7396330000 0.4178810000 -0.1764260000 -0.7397570000 0.8200000000 0.8200000000 0.8200000000
0.2729230000 -0.4855390000 -0.7396130000 0.2857760000 -0.4839160000 -0.7396250000 0.4178810000 -0.1764260000 -0.7397570000 0.8200000000 0.8200000000 0.8200000000
0.2672780000 -0.4843570000 -0.7396070000 0.2729230000 -0.4855390000 -0.7396130000 0.4178810000 -0.1764260000 -0.7397570000 0.8200000000 0.8200000000 0.8200000000
0.2587930000 -0.4924050000 -0.7395990000 0.2672780000 -0.4843570000 -0.7396070000 0.4178810000 -0.1764260000 -0.7397570000 0.8200000000 0.8200000000 0.8200000000
0.2518710000 -0.5010630000 -0.7395920000 0.2587930000 -0.4924050000 -0.7395990000 0.4178810000 -0.1764260000 -0.7397570000 0.8200000000 0.8200000000 0.8200000000
0.2420110000 -0.5088030000 -0.7395830000 0.2518710000 -0.5010630000 -0.7395920000 0.4178810000 -0.1764260000 -0.7397570000 0.8200000000 0.8200000000 0.8200000000
0.2377980000 -0.5133730000 -0.7395780000 0.2420110000 -0.5088030000 -0.7395830000 0.4178810000 -0.1764260000 -0.7397570000 0.8200000000 0.8200000000 0.8200000000
0.2200990000 -0.5311120000 -0.7395610000 0.2377980000 -0.5133730000 -0.7395780000 0.4178810000 -0.1764260000 -0.7397570000 0.8200000000 0.8200000000 0.8200000000
0.2186750000 -0.5322060000 -0.7395590000 0.2200990000 -0.5311120000 -0.7395610000 0.4178810000 -0.1764260000 -0.7397570000 0.8200000000 0.8200000000 0.8200000000
0.2043970000 -0.5453260000 -0.7395450000 0.2186750000 -0.5322060000 -0.7395590000 0.4178810000 -0.1764260000 -0.7397570000 0.8200000000 0.8200000000 0.8200000000
0.1940820000 -0.5516210000 -0.7395340000 0.2043970000 -0.5453260000 -0.7395450000 0.4178810000 -0.1764260000 -0.7397570000 0.8200000000 0.8200000000 0.8200000000
0.1840860000 -0.5571230000 -0.7395250000 0.1940820000 -0.5516210000 -0.7395340000 0.4178810000 -0.1764260000 -0.7397570000 0.8200000000 0.8200000000 0.8200000000
0.1779160000 -0.5648900000 -0.7395190000 0.1840860000 -0.5571230000 -0.7395250000 0.4178810000 -0.1764260000 -0.7397570000 0.8200000000 0.8200000000 0.8200000000
0.1760390000 -0.5776740000 -0.7395170000 0.1779160000 -0.5648900000 -0.7395190000 0.4178810000 -0.1764260000 -0.7397570000 0.8200000000 0.8200000000 0.8200000000
0.1751060000 -0.5882390000 -0.7395160000 0.1760390000 -0.5776740000 -0.7395170000 0.4178810000 -0.1764260000 -0.7397570000 0.8200000000 0.8200000000 0.8200000000
0.1559710000 -0.5989230000 -0.7394960000 0.1751060000 -0.5882390000 -0.7395160000 0.4178810000 -0.1764260000 -0.7397570000 0.8200000000 0.8200000000 0.8200000000
0.1538290000 -0.6005560000 -0.7394940000 0.1559710000 -0.5989230000 -0.7394960000 0.4178810000 -0.1764260000 -0.7397570000 0.8200000000 0.8200000000 0.8200000000
0.1527530000 -0.6012580000 -0.7394930000 0.1538290000 -0.6005560000 -0.7394940000 0.4178810000 -0.1764260000 -0.7397570000 0.8200000000 0.8200000000 0.8200000000
0.1483500000 -0.6034890000 -0.7394890000 0.1527530000 -0.6012580000 -0.7394930000 0.4178810000 -0.1764260000 -0.7397570000 0.8200000000 0.8200000000 0.8200000000
0.1315530000 -0.6131320000 -0.7394720000 0.1483500000 -0.6034890000 -0.7394890000 0.4178810000 -0.1764260000 -0.7397570000 0.8200000000 0.8200000000 0.8200000000
0.1275040000 -0.6149080000 -0.7394690000 0.1315530000 -0.6131320000 -0.7394720000 0.4178810000 -0.1764260000 -0.7397570000 0.8200000000 0.8200000000 0.8200000000
0.1046320000 -0.6210580000 -0.7394460000 0.1275040000 -0.6149080000 -0.7394690000 0.4178810000 -0.1764260000 -0.7397570000 0.8200000000 0.8200000000 0.8200000000
0.1035260000 -0.6210230000 -0.7394450000 0.1046320000 -0.6210580000 -0.7394460000 0.4178810000 -0.1764260000 -0.7397570000 0.8200000000 0.8200000000 0.8200000000
0.1013830000 -0.6215590000 -0.7394430000 0.1035260000 -0.6210230000 -0.7394450000 0.4178810000 -0.1764260000 -0.7397570000 0.8200000000 0.8200000000 0.8200000000
0.0893060000 -0.6265060000 -0.7394300000 0.1013830000 -0.6215590000 -0.7394430000 0.4178810000 -0.1764260000 -0.7397570000 0.8200000000 0.8200000000 0.8200000000
0.0856790000 -0.6260580000 -0.7394270000 0.0893060000 -0.6265060000 -0.7394300000 0.4178810000 -0.1764260000 -0.7397570000 0.8200000000 0.8200000000 0.8200000000
0.0727570000 -0.6265910000 -0.7394130000 0.0856790000 -0.6260580000 -0.7394270000 0.4178810000 -0.1764260000 -0.7397570000 0.8200000000 0.8200000000 0.8200000000
0.0563690000 -0.6232480000 -0.7393980000 0.0727570000 -0.6265910000 -0.7394130000 0.4178810000 -0.1764260000 -0.7397570000 0.8200000000 0.8200000000 0.8200000000
0.0551860000 -0.6230920000 -0.7393970000 0.0563690000 -0.6232480000 -0.7393980000 0.4178810000 -0.1764260000 -0.7397570000 0.8200000000 0.8200000000 0.8200000000
0.0541140000 -0.6241870000 -0.7393960000 0.0551860000 -0.6230920000 -0.7393970000 0.4178810000 -0.1764260000 -0.7397570000 0.8200000000 0.8200000000 0.8200000000
0.0384840000 -0.6326780000 -0.7393800000 0.0541140000 -0.6241870000 -0.7393960000 0.4178810000 -0.1764260000 -0.7397570000 0.8200000000 0.8200000000 0.8200000000
0.0273410000 -0.6463800000 -0.7393690000 0.0384840000 -0.6326780000 -0.7393800000 0.4178810000 -0.1764260000 -0.7397570000 0.8200000000 0.8200000000 0.8200000000
0.0247180000 -0.6488890000 -0.7393670000 0.0273410000 -0.6463800000 -0.7393690000 0.4178810000 -0.1764260000 -0.7397570000 0.8200000000 0.8200000000 0.8200000000
0.0109260000 -0.6585610000 -0.7393520000 0.0247180000 -0.6488890000 -0.7393670000 0.4178810000 -0.1764260000 -0.7397570000 0.8200000000 0.8200000000 0.8200000000
0.0061680000 -0.6606250000 -0.7393470000 0.0109260000 -0.6585610000 -0.7393520000 0.4178810000 -0.1764260000 -0.7397570000 0.8200000000 0.8200000000 0.8200000000
0.0000880000 -0.6589560000 -0.7393420000 0.0061680000 -0.6606250000 -0.7393470000 0.4178810000 -0.1764260000 -0.7397570000 0.8200000000 0.8200000000 0.8200000000
-0.0056470000 -0.6567420000 -0.7393360000 0.0000880000 -0.6589560000 -0.7393420000 0.4178810000 -0.1764260000 -0.7397570000 0.8200000000 0.8200000000 0.8200000000
-0.0106830000 -0.6498150000 -0.7393310000 -0.0056470000 -0.6567420000 -0.7393360000 0.4178810000 -0.1764260000 -0.7397570000 0.8200000000 0.8200000000 0.8200000000
-0.0136920000 -0.6455740000 -0.7393280000 -0.0106830000 -0.6498150000 -0.7393310000 0.4178810000 -0.1764260000 -0.7397570000 0.8200000000 0.8200000000 0.8200000000
-0.0237310000 -0.6393130000 -0.7393180000 -0.0136920000 -0.6455740000 -0.7393280000 0.4178810000 -0.1764260000 -0.7397570000 0.8200000000 0.8200000000 0.8200000000
-0.0359920000 -0.6301160000 -0.7393060000 -0.0237310000 -0.6393130000 -0.7393180000 0.4178810000 -0.1764260000 -0.7397570000 0.8200000000 0.8200000000 0.8200000000
-0.0381510000 -0.6285990000 -0.7393040000 -0.0359920000 -0.6301160000 -0.7393060000 0.4178810000 -0.1764260000 -0.7397570000 0.8200000000 0.8200000000 0.8200000000
-0.0402460000 -0.6275720000 -0.7393010000 -0.0381510000 -0.6285990000 -0.7393040000 0.4178810000 -0.1764260000 -0.7397570000 0.8200000000 0.8200000000 0.8200000000
-0.0472140000 -0.6211360000 -0.7392950000 -0.0402460000 -0.6275720000 -0.7393010000 0.4178810000 -0.1764260000 -0.7397570000 0.8200000000 0.8200000000 0.8200000000
-0.0535780000 -0.6177380000 -0.7392880000 -0.0472140000 -0.6211360000 -0.7392950000 0.4178810000 -0.1764260000 -0.7397570000 0.8200000000 0.8200000000 0.8200000000
-0.0622650000 -0.6096570000 -0.7392800000 -0.0535780000 -0.6177380000 -0.7392880000 0.4178810000 -0.1764260000 -0.7397570000 0.8200000000 0.8200000000 0.8200000000
-0.0662200000 -0.6081010000 -0.7392760000 -0.0622650000 -0.6096570000 -0.7392800000 0.4178810000 -0.1764260000 -0.7397570000 0.8200000000 0.8200000000 0.8200000000
-0.0705510000 -0.6052720000 -0.7392720000 -0.0662200000 -0.6081010000 -0.7392760000 0.4178810000 -0.1764260000 -0.7397570000 0.8200000000 0.8200000000 0.8200000000
-0.0913840000 -0.5934190000 -0.7392510000 -0.0705510000 -0.6052720000 -0.7392720000 0.4178810000 -0.1764260000 -0.7397570000 0.8200000000 0.8200000000 0.8200000000
-0.0981670000 -0.5889180000 -0.7392440000 -0.0913840000 -0.5934190000 -0.7392510000 0.4178810000 -0.1764260000 -0.7397570000 0.8200000000 0.8200000000 0.8200000000
-0.1025460000 -0.5868950000 -0.7392400000 -0.0981670000 -0.5889180000 -0.7392440000 0.4178810000 -0.1764260000 -0.7397570000 0.8200000000 0.8200000000 0.8200000000
-0.1066000000 -0.5838880000 -0.7392350000 -0.1025460000 -0.5868950000 -0.7392400000 0.4178810000 -0.1764260000 -0.7397570000 0.8200000000 0.8200000000 0.8200000000
-0.1101970000 -0.5819910000 -0.7392320000 -0.1066000000 -0.5838880000 -0.7392350000 0.4178810000 -0.1764260000 -0.7397570000 0.8200000000 0.8200000000 0.8200000000
-0.1116200000 -0.5813510000 -0.7392310000 -0.1101970000 -0.5819910000 -0.7392320000 0.4178810000 -0.1764260000 -0.7397570000 0.8200000000 0.8200000000 0.8200000000
-0.1190010000 -0.5798980000 -0.7392230000 -0.1116200000 -0.5813510000 -0.7392310000 0.4178810000 -0.1764260000 -0.7397570000 0.8200000000 0.8200000000 0.8200000000
-0.1288630000 -0.5784770000 -0.7392140000 -0.1190010000 -0.5798980000 -0.7392230000 0.4178810000 -0.1764260000 -0.7397570000 0.8200000000 0.8200000000 0.8200000000
-0.1351410000 -0.5764040000 -0.7392080000 -0.1288630000 -0.5784770000 -0.7392140000 0.4178810000 -0.1764260000 -0.7397570000 0.8200000000 0.8200000000 0.8200000000
-0.1521830000 -0.5879270000 -0.7391900000 -0.1351410000 -0.5764040000 -0.7392080000 0.4178810000 -0.1764260000 -0.7397570000 0.8200000000 0.8200000000 0.8200000000
-0.1553540000 -0.5909550000 -0.7391870000 -0.1521830000 -0.5879270000 -0.7391900000 0.4178810000 -0.1764260000 -0.7397570000 0.8200000000 0.8200000000 0.8200000000
-0.1604140000 -0.6029960000 -0.7391820000 -0.1553540000 -0.5909550000 -0.7391870000 0.4178810000 -0.1764260000 -0.7397570000 0.8200000000 0.8200000000 0.8200000000
-0.1649910000 -0.6175560000 -0.7391780000 -0.1604140000 -0.6029960000 -0.7391820000 0.4178810000 -0.1764260000 -0.7397570000 0.8200000000 0.8200000000 0.8200000000
-0.1654910000 -0.6198970000 -0.7391770000 -0.1649910000 -0.6175560000 -0.7391780000 0.4178810000 -0.1764260000 -0.7397570000 0.8200000000 0.8200000000 0.8200000000
-0.1713480000 -0.6342920000 -0.7391720000 -0.1654910000 -0.6198970000 -0.7391770000 0.4178810000 -0.1764260000 -0.7397570000 0.8200000000 0.8200000000 0.8200000000
-0.1720380000 -0.6365200000 -0.7391710000 -0.1713480000 -0.6342920000 -0.7391720000 0.4178810000 -0.1764260000 -0.7397570000 0.8200000000 0.8200000000 0.8200000000
-0.1737260000 -0.6383410000 -0.7391690000 -0.1720380000 -0.6365200000 -0.7391710000 0.4178810000 -0.1764260000 -0.7397570000 0.8200000000 0.8200000000 0.8200000000
-0.1788580000 -0.6394720000 -0.7391640000 -0.1737260000 -0.6383410000 -0.7391690000 0.4178810000 -0.1764260000 -0.7397570000 0.8200000000 0.8200000000 0.8200000000
-0.1823580000 -0.6410130000 -0.7391610000 -0.1788580000 -0.6394720000 -0.7391640000 0.4178810000 -0.1764260000 -0.7397570000 0.8200000000 0.8200000000 0.8200000000
-0.1867930000 -0.6405740000 -0.7391560000 -0.1823580000 -0.6410130000 -0.7391610000 0.4178810000 -0.1764260000 -0.7397570000 0.8200000000 0.8200000000 0.8200000000
-0.2067680000 -0.6383070000 -0.7391360000 -0.1867930000 -0.6405740000 -0.7391560000 0.4178810000 -0.1764260000 -0.7397570000 0.8200000000 0.8200000000 0.8200000000
-0.2157470000 -0.6380260000 -0.7391270000 -0.2067680000 -0.6383070000 -0.7391360000 0.4178810000 -0.1764260000 -0.7397570000 0.8200000000 0.8200000000 0.8200000000
-0.2436250000 -0.6362630000 -0.7391000000 -0.2157470000 -0.6380260000 -0.7391270000 0.4178810000 -0.1764260000 -0.7397570000 0.8200000000 0.8200000000 0.8200000000
-0.2462980000 -0.6364300000 -0.7390970000 -0.2436250000 -0.6362630000 -0.7391000000 0.4178810000 -0.1764260000 -0.7397570000 0.8200000000 0.8200000000 0.8200000000
-0.2726010000 -0.6395830000 -0.7390700000 -0.2462980000 -0.6364300000 -0.7390970000 0.4178810000 -0.1764260000 -0.7397570000 0.8200000000 0.8200000000 0.8200000000
-0.2735630000 -0.6397970000 -0.7390690000 -0.2726010000 -0.6395830000 -0.7390700000 0.4178810000 -0.1764260000 -0.7397570000 0.8200000000 0.8200000000 0.8200000000
-0.2739490000 -0.6399200000 -0.7390690000 -0.2735630000 -0.6397970000 -0.7390690000 0.4178810000 -0.1764260000 -0.7397570000 0.8200000000 0.8200000000 0.8200000000
-0.2782170000 -0.6414800000 -0.7390650000 -0.2739490000 -0.6399200000 -0.7390690000 0.4178810000 -0.1764260000 -0.7397570000 0.8200000000 0.8200000000 0.8200000000
-0.2985100000 -0.6487910000 -0.7390450000 -0.2782170000 -0.6414800000 -0.7390650000 0.4178810000 -0.1764260000 -0.7397570000 0.8200000000 0.8200000000 0.8200000000
-0.3071410000 -0.6542270000 -0.7390360000 -0.2985100000 -0.6487910000 -0.7390450000 0.4178810000 -0.1764260000 -0.7397570000 0.8200000000 0.8200000000 0.8200000000
-0.3276840000 -0.6745180000 -0.7390160000 -0.3071410000 -0.6542270000 -0.7390360000 0.4178810000 -0.1764260000 -0.7397570000 0.8200000000 0.8200000000 0.8200000000
-0.3342150000 -0.6805160000 -0.7390090000 -0.3276840000 -0.6745180000 -0.7390160000 0.4178810000 -0.1764260000 -0.7397570000 0.8200000000 0.8200000000 0.8200000000
-0.3459150000 -0.6902520000 -0.7389980000 -0.3342150000 -0.6805160000 -0.7390090000 0.4178810000 -0.1764260000 -0.7397570000 0.8200000000 0.8200000000 0.8200000000
-0.3525010000 -0.6977690000 -0.7389910000 -0.3459150000 -0.6902520000 -0.7389980000 0.4178810000 -0.1764260000 -0.7397570000 0.8200000000 0.8200000000 0.8200000000
-0.3674720000 -0.7134050000 -0.7389770000 -0.3525010000 -0.6977690000 -0.7389910000 0.4178810000 -0.1764260000 -0.7397570000 0.8200000000 0.8200000000 0.8200000000
-0.3706550000 -0.7162610000 -0.7389740000 -0.3674720000 -0.7134050000 -0.7389770000 0.4178810000 -0.1764260000 -0.7397570000 0.8200000000 0.8200000000 0.8200000000
-0.3751850000 -0.7200750000 -0.7389690000 -0.3706550000 -0.7162610000 -0.7389740000 0.4178810000 -0.1764260000 -0.7397570000 0.8200000000 0.8200000000 0.8200000000
-0.3825790000 -0.7294100000 -0.7389620000 -0.3751850000 -0.7200750000 -0.7389690000 0.4178810000 -0.1764260000 -0.7397570000 0.8200000000 0.8200000000 0.8200000000
-0.3891800000 -0.7384460000 -0.7389550000 -0.3825790000 -0.7294100000 -0.7389620000 0.4178810000 -0.1764260000 -0.7397570000 0.8200000000 0.8200000000 0.8200000000
-0.4062050000 -0.7650110000 -0.7389810000 -0.3891800000 -0.7384460000 -0.7389550000 0.4178810000 -0.1764260000 -0.7397570000 0.8200000000 0.8200000000 0.8200000000
-0.4259050000 -0.7996130000 -0.7389180000 -0.4062050000 -0.7650110000 -0.7389810000 0.4178810000 -0.1764260000 -0.7397570000 0.8200000000 0.8200000000 0.8200000000
-0.4280220000 -0.8032170000 -0.7389160000 -0.4259050000 -0.7996130000 -0.7389180000 0.4178810000 -0.1764260000 -0.7397570000 0.8200000000 0.8200000000 0.8200000000
-0.4327710000 -0.8151860000 -0.7389120000 -0.4280220000 -0.8032170000 -0.7389160000 0.4178810000 -0.1764260000 -0.7397570000 0.8200000000 0.8200000000 0.8200000000
-0.4412580000 -0.8358210000 -0.7389030000 -0.4327710000 -0.8151860000 -0.7389120000 0.4178810000 -0.1764260000 -0.7397570000 0.8200000000 0.8200000000 0.8200000000
-0.4473570000 -0.8449260000 -0.7388970000 -0.4412580000 -0.8358210000 -0.7389030000 0.4178810000 -0.1764260000 -0.7397570000 0.8200000000 0.8200000000 0.8200000000
-0.4550100000 -0.8543000000 -0.7388890000 -0.4473570000 -0.8449260000 -0.7388970000 0.4178810000 -0.1764260000 -0.7397570000 0.8200000000 0.8200000000 0.8200000000
-0.4607310000 -0.8657060000 -0.7388830000 -0.4550100000 -0.8543000000 -0.7388890000 0.4178810000 -0.1764260000 -0.7397570000 0.8200000000 0.8200000000 0.8200000000
-0.4619180000 -0.8678480000 -0.7388820000 -0.4607310000 -0.8657060000 -0.7388830000 0.4178810000 -0.1764260000 -0.7397570000 0.8200000000 0.8200000000 0.8200000000
-0.4676900000 -0.8823560000 -0.7388770000 -0.4619180000 -0.8678480000 -0.7388820000 0.4178810000 -0.1764260000 -0.7397570000 0.8200000000 0.8200000000 0.8200000000
-0.4702560000 -0.8884450000 -0.7388740000 -0.4676900000 -0.8823560000 -0.7388770000 0.4178810000 -0.1764260000 -0.7397570000 0.8200000000 0.8200000000 0.8200000000
-0.4705370000 -0.8889850000 -0.7388740000 -0.4702560000 -0.8884450000 -0.7388740000 0.4178810000 -0.1764260000 -0.7397570000 0.8200000000 0.8200000000 0.8200000000
-0.4710080000 -0.8907430000 -0.7388730000 -0.4705370000 -0.8889850000 -0.7388740000 0.4178810000 -0.1764260000 -0.7397570000 0.8200000000 0.8200000000 0.8200000000
-0.4779660000 -0.9120370000 -0.7388660000 -0.4710080000 -0.8907430000 -0.7388730000 0.4178810000 -0.1764260000 -0.7397570000 0.8200000000 0.8200000000 0.8200000000
-0.4831240000 -0.9419780000 -0.7388620000 -0.4779660000 -0.9120370000 -0.7388660000 0.4178810000 -0.1764260000 -0.7397570000 0.8200000000 0.8200000000 0.8200000000
-0.4919450000 -0.9797150000 -0.7388530000 -0.4831240000 -0.9419780000 -0.7388620000 0.4178810000 -0.1764260000 -0.7397570000 0.8200000000 0.8200000000 0.8200000000
-0.4942380000 -1.0002140000 -0.7388510000 -0.4919450000 -0.9797150000 -0.7388530000 0.4178810000 -0.1764260000 -0.7397570000 0.8200000000 0.8200000000 0.8200000000
-0.4961650000 -1.0115130000 -0.7388490000 -0.4942380000 -1.0002140000 -0.7388510000 0.4178810000 -0.1764260000 -0.7397570000 0.8200000000 0.8200000000 0.8200000000
-0.4957860000 -1.0183200000 -0.7388500000 -0.4961650000 -1.0115130000 -0.7388490000 0.4178810000 -0.1764260000 -0.7397570000 0.8200000000 0.8200000000 0.8200000000
-0.4943450000 -1.0422600000 -0.7388500000 -0.4957860000 -1.0183200000 -0.7388500000 0.4178810000 -0.1764260000 -0.7397570000 0.8200000000 0.8200000000 0.8200000000
-0.4918320000 -1.0525750000 -0.7388530000 -0.4943450000 -1.0422600000 -0.7388500000 0.4178810000 -0.1764260000 -0.7397570000 0.8200000000 0.8200000000 0.8200000000
-0.4834820000 -1.0814700000 -0.7388610000 -0.4918320000 -1.0525750000 -0.7388530000 0.4178810000 -0.1764260000 -0.7397570000 0.8200000000 0.8200000000 0.8200000000
-0.4753750000 -1.1082850000 -0.7388700000 -0.4834820000 -1.0814700000 -0.7388610000 0.4178810000 -0.1764260000 -0.7397570000 0.8200000000 0.8200000000 0.8200000000
-0.4754670000 -1.1094370000 -0.7388690000 -0.4753750000 -1.1082850000 -0.7388700000 0.4178810000 -0.1764260000 -0.7397570000 0.8200000000 0.8200000000 0.8200000000
-0.4798810000 -1.1252050000 -0.7388650000 -0.4754670000 -1.1094370000 -0.7388690000 0.4178810000 -0.1764260000 -0.7397570000 0.8200000000 0.8200000000 0.8200000000
-0.4842230000 -1.1406950000 -0.7388610000 -0.4798810000 -1.1252050000 -0.7388650000 0.4178810000 -0.1764260000 -0.7397570000 0.8200000000 0.8200000000 0.8200000000
-0.4840400000 -1.1412890000 -0.7388610000 -0.4842230000 -1.1406950000 -0.7388610000 0.4178810000 -0.1764260000 -0.7397570000 0.8200000000 0.8200000000 0.8200000000
-0.4794180000 -1.1516660000 -0.7388650000 -0.4840400000 -1.1412890000 -0.7388610000 0.4178810000 -0.1764260000 -0.7397570000 0.8200000000 0.8200000000 0.8200000000
-0.4756300000 -1.1605700000 -0.7388690000 -0.4794180000 -1.1516660000 -0.7388650000 0.4178810000 -0.1764260000 -0.7397570000 0.8200000000 0.8200000000 0.8200000000
-0.4635510000 -1.1820560000 -0.7388810000 -0.4756300000 -1.1605700000 -0.7388690000 0.4178810000 -0.1764260000 -0.7397570000 0.8200000000 0.8200000000 0.8200000000
-0.4604890000 -1.1879970000 -0.7388840000 -0.4635510000 -1.1820560000 -0.7388810000 0.4178810000 -0.1764260000 -0.7397570000 0.8200000000 0.8200000000 0.8200000000
-0.4474720000 -1.2147960000 -0.7388970000 -0.4604890000 -1.1879970000 -0.7388840000 0.4178810000 -0.1764260000 -0.7397570000 0.8200000000 0.8200000000 0.8200000000
-0.4440440000 -1.2217790000 -0.7389010000 -0.4474720000 -1.2147960000 -0.7388970000 0.4178810000 -0.1764260000 -0.7397570000 0.8200000000 0.8200000000 0.8200000000
-0.4310340000 -1.2362500000 -0.7389130000 -0.4440440000 -1.2217790000 -0.7389010000 0.4178810000 -0.1764260000 -0.7397570000 0.8200000000 0.8200000000 0.8200000000
-0.4225720000 -1.2477240000 -0.7389220000 -0.4310340000 -1.2362500000 -0.7389130000 0.4178810000 -0.1764260000 -0.7397570000 0.8200000000 0.8200000000 0.8200000000
-0.4140080000 -1.2499710000 -0.7389300000 -0.4225720000 -1.2477240000 -0.7389220000 0.4178810000 -0.1764260000 -0.7397570000 0.8200000000 0.8200000000 0.8200000000
-0.3883180000 -1.2591150000 -0.7389550000 -0.4140080000 -1.2499710000 -0.7389300000 0.4178810000 -0.1764260000 -0.7397570000 0.8200000000 0.8200000000 0.8200000000
-0.3830130000 -1.2600300000 -0.7389610000 -0.3883180000 -1.2591150000 -0.7389550000 0.4178810000 -0.1764260000 -0.7397570000 0.8200000000 0.8200000000 0.8200000000
-0.3818540000 -1.2609060000 -0.7389620000 -0.3830130000 -1.2600300000 -0.7389610000 0.4178810000 -0.1764260000 -0.7397570000 0.8200000000 0.8200000000 0.8200000000
-0.3710710000 -1.2662770000 -0.7389730000 -0.3818540000 -1.2609060000 -0.7389620000 0.4178810000 -0.1764260000 -0.7397570000 0.8200000000 0.8200000000 0.8200000000
-0.3537430000 -1.2724900000 -0.7389900000 -0.3710710000 -1.2662770000 -0.7389730000 0.4178810000 -0.1764260000 -0.7397570000 0.8200000000 0.8200000000 0.8200000000
-0.3461150000 -1.2740810000 -0.7389970000 -0.3537430000 -1.2724900000 -0.7389900000 0.4178810000 -0.1764260000 -0.7397570000 0.8200000000 0.8200000000 0.8200000000
-0.3381180000 -1.2752520000 -0.7390060000 -0.3461150000 -1.2740810000 -0.7389970000 0.4178810000 -0.1764260000 -0.7397570000 0.8200000000 0.8200000000 0.8200000000
-0.3322330000 -1.2755060000 -0.7390110000 -0.3381180000 -1.2752520000 -0.7390060000 0.4178810000 -0.1764260000 -0.7397570000 0.8200000000 0.8200000000 0.8200000000
-0.3154180000 -1.2767420000 -0.7390280000 -0.3322330000 -1.2755060000 -0.7390110000 0.4178810000 -0.1764260000 -0.7397570000 0.8200000000 0.8200000000 0.8200000000
-0.2988480000 -1.2782340000 -0.7390450000 -0.3154180000 -1.2767420000 -0.7390280000 0.4178810000 -0.1764260000 -0.7397570000 0.8200000000 0.8200000000 0.8200000000
-0.2903670000 -1.2780920000 -0.7390530000 -0.2988480000 -1.2782340000 -0.7390450000 0.4178810000 -0.1764260000 -0.7397570000 0.8200000000 0.8200000000 0.8200000000
-0.2872720000 -1.2776870000 -0.7390570000 -0.2903670000 -1.2780920000 -0.7390530000 0.4178810000 -0.1764260000 -0.7397570000 0.8200000000 0.8200000000 0.8200000000
-0.2800630000 -1.2764790000 -0.7390640000 -0.2872720000 -1.2776870000 -0.7390570000 0.4178810000 -0.1764260000 -0.7397570000 0.8200000000 0.8200000000 0.8200000000
-0.2680240000 -1.2738030000 -0.7390750000 -0.2800630000 -1.2764790000 -0.7390640000 0.4178810000 -0.1764260000 -0.7397570000 0.8200000000 0.8200000000 0.8200000000
-0.2582720000 -1.2731470000 -0.7390850000 -0.2680240000 -1.2738030000 -0.7390750000 0.4178810000 -0.1764260000 -0.7397570000 0.8200000000 0.8200000000 0.8200000000
-0.2492700000 -1.2712500000 -0.7390940000 -0.2582720000 -1.2731470000 -0.7390850000 0.4178810000 -0.1764260000 -0.7397570000 0.8200000000 0.8200000000 0.8200000000
-0.2403770000 -1.2707450000 -0.7391020000 -0.2492700000 -1.2712500000 -0.7390940000 0.4178810000 -0.1764260000 -0.7397570000 0.8200000000 0.8200000000 0.8200000000
-0.2284970000 -1.2678110000 -0.7391150000 -0.2403770000 -1.2707450000 -0.7391020000 0.4178810000 -0.1764260000 -0.7397570000 0.8200000000 0.8200000000 0.8200000000
-0.2163640000 -1.2694720000 -0.7391270000 -0.2284970000 -1.2678110000 -0.7391150000 0.4178810000 -0.1764260000 -0.7397570000 0.8200000000 0.8200000000 0.8200000000
-0.2118330000 -1.2700900000 -0.7391310000 -0.2163640000 -1.2694720000 -0.7391270000 0.4178810000 -0.1764260000 -0.7397570000 0.8200000000 0.8200000000 0.8200000000
-0.1982150000 -1.2696290000 -0.7391450000 -0.2118330000 -1.2700900000 -0.7391310000 0.4178810000 -0.1764260000 -0.7397570000 0.8200000000 0.8200000000 0.8200000000
-0.1915590000 -1.2691950000 -0.7391520000 -0.1982150000 -1.2696290000 -0.7391450000 0.4178810000 -0.1764260000 -0.7397570000 0.8200000000 0.8200000000 0.8200000000
-0.1900440000 -1.2689490000 -0.7391530000 -0.1915590000 -1.2691950000 -0.7391520000 0.4178810000 -0.1764260000 -0.7397570000 0.8200000000 0.8200000000 0.8200000000
-0.1585900000 -1.2661180000 -0.7391840000 -0.1900440000 -1.2689490000 -0.7391530000 0.4178810000 -0.1764260000 -0.7397570000 0.8200000000 0.8200000000 0.8200000000
-0.1561240000 -1.2656470000 -0.7391860000 -0.1585900000 -1.2661180000 -0.7391840000 0.4178810000 -0.1764260000 -0.7397570000 0.8200000000 0.8200000000 0.8200000000
-0.1371570000 -1.2652620000 -0.7392050000 -0.1561240000 -1.2656470000 -0.7391860000 0.4178810000 -0.1764260000 -0.7397570000 0.8200000000 0.8200000000 0.8200000000
-0.1272330000 -1.2590470000 -0.7392150000 -0.1371570000 -1.2652620000 -0.7392050000 0.4178810000 -0.1764260000 -0.7397570000 0.8200000000 0.8200000000 0.8200000000
-0.1267970000 -1.2588610000 -0.7392160000 -0.1272330000 -1.2590470000 -0.7392150000 0.4178810000 -0.1764260000 -0.7397570000 0.8200000000 0.8200000000 0.8200000000
-0.1263090000 -1.2587740000 -0.7392170000 -0.1267970000 -1.2588610000 -0.7392160000 0.4178810000 -0.1764260000 -0.7397570000 0.8200000000 0.8200000000 0.8200000000
-0.0992230000 -1.2529810000 -0.7392430000 -0.1263090000 -1.2587740000 -0.7392170000 0.4178810000 -0.1764260000 -0.7397570000 0.8200000000 0.8200000000 0.8200000000
-0.0862630000 -1.2492840000 -0.7392560000 -0.0992230000 -1.2529810000 -0.7392430000 0.4178810000 -0.1764260000 -0.7397570000 0.8200000000 0.8200000000 0.8200000000
-0.0629940000 -1.2414560000 -0.7392790000 -0.0862630000 -1.2492840000 -0.7392560000 0.4178810000 -0.1764260000 -0.7397570000 0.8200000000 0.8200000000 0.8200000000
-0.0565440000 -1.2390850000 -0.7392850000 -0.0629940000 -1.2414560000 -0.7392790000 0.4178810000 -0.1764260000 -0.7397570000 0.8200000000 0.8200000000 0.8200000000
-0.0489520000 -1.2327000000 -0.7392930000 -0.0565440000 -1.2390850000 -0.7392850000 0.4178810000 -0.1764260000 -0.7397570000 0.8200000000 0.8200000000 0.8200000000
-0.0460210000 -1.2308600000 -0.7392960000 -0.0489520000 -1.2327000000 -0.7392930000 0.4178810000 -0.1764260000 -0.7397570000 0.8200000000 0.8200000000 0.8200000000
-0.0438750000 -1.2300700000 -0.7392980000 -0.0460210000 -1.2308600000 -0.7392960000 0.4178810000 -0.1764260000 -0.7397570000 0.8200000000 0.8200000000 0.8200000000
-0.0326740000 -1.2302710000 -0.7393090000 -0.0438750000 -1.2300700000 -0.7392980000 0.4178810000 -0.1764260000 -0.7397570000 0.8200000000 0.8200000000 0.8200000000
-0.0211010000 -1.2215840000 -0.7393210000 -0.0326740000 -1.2302710000 -0.7393090000 0.4178810000 -0.1764260000 -0.7397570000 0.8200000000 0.8200000000 0.8200000000
-0.0190690000 -1.2205690000 -0.7393240000 -0.0211010000 -1.2215840000 -0.7393210000 0.4178810000 -0.1764260000 -0.7397570000 0.8200000000 0.8200000000 0.8200000000
-0.0090190000 -1.2141210000 -0.7393330000 -0.0190690000 -1.2205690000 -0.7393240000 0.4178810000 -0.1764260000 -0.7397570000 0.8200000000 0.8200000000 0.8200000000
-0.0026930000 -1.2115580000 -0.7393390000 -0.0090190000 -1.2141210000 -0.7393330000 0.4178810000 -0.1764260000 -0.7397570000 0.8200000000 0.8200000000 0.8200000000
0.0107150000 -1.2050560000 -0.7393520000 -0.0026930000 -1.2115580000 -0.7393390000 0.4178810000 -0.1764260000 -0.7397570000 0.8200000000 0.8200000000 0.8200000000
0.0124370000 -1.2050980000 -0.7393540000 0.0107150000 -1.2050560000 -0.7393520000 0.4178810000 -0.1764260000 -0.7397570000 0.8200000000 0.8200000000 0.8200000000
0.0148670000 -1.2035420000 -0.7393560000 0.0124370000 -1.2050980000 -0.7393540000 0.4178810000 -0.1764260000 -0.7397570000 0.8200000000 0.8200000000 0.8200000000
0.0347040000 -1.1967960000 -0.7393760000 0.0148670000 -1.2035420000 -0.7393560000 0.4178810000 -0.1764260000 -0.7397570000 0.8200000000 0.8200000000 0.8200000000
0.0436750000 -1.1913490000 -0.7393860000 0.0347040000 -1.1967960000 -0.7393760000 0.4178810000 -0.1764260000 -0.7397570000 0.8200000000 0.8200000000 0.8200000000
0.0705450000 -1.1742180000 -0.7394120000 0.0436750000 -1.1913490000 -0.7393860000 0.4178810000 -0.1764260000 -0.7397570000 0.8200000000 0.8200000000 0.8200000000
0.0744540000 -1.1741540000 -0.7394160000 0.0705450000 -1.1742180000 -0.7394120000 0.4178810000 -0.1764260000 -0.7397570000 0.8200000000 0.8200000000 0.8200000000
0.0803160000 -1.1718200000 -0.7394210000 0.0744540000 -1.1741540000 -0.7394160000 0.4178810000 -0.1764260000 -0.7397570000 0.8200000000 0.8200000000 0.8200000000
0.0863520000 -1.1910020000 -0.7394280000 0.0803160000 -1.1718200000 -0.7394210000 0.4178810000 -0.1764260000 -0.7397570000 0.8200000000 0.8200000000 0.8200000000
0.0870830000 -1.1957350000 -0.7394290000 0.0863520000 -1.1910020000 -0.7394280000 0.4178810000 -0.1764260000 -0.7397570000 0.8200000000 0.8200000000 0.8200000000
0.0898970000 -1.2003900000 -0.7394310000 0.0870830000 -1.1957350000 -0.7394290000 0.4178810000 -0.1764260000 -0.7397570000 0.8200000000 0.8200000000 0.8200000000
0.0941880000 -1.2017310000 -0.7394360000 0.0898970000 -1.2003900000 -0.7394310000 0.4178810000 -0.1764260000 -0.7397570000 0.8200000000 0.8200000000 0.8200000000
0.1013970000 -1.2023460000 -0.7394420000 0.0941880000 -1.2017310000 -0.7394360000 0.4178810000 -0.1764260000 -0.7397570000 0.8200000000 0.8200000000 0.8200000000
0.1089620000 -1.2016240000 -0.7394500000 0.1013970000 -1.2023460000 -0.7394420000 0.4178810000 -0.1764260000 -0.7397570000 0.8200000000 0.8200000000 0.8200000000
0.1183950000 -1.1939130000 -0.7394600000 0.1089620000 -1.2016240000 -0.7394500000 0.4178810000 -0.1764260000 -0.7397570000 0.8200000000 0.8200000000 0.8200000000
0.1316320000 -1.1790700000 -0.7394720000 0.1183950000 -1.1939130000 -0.7394600000 0.4178810000 -0.1764260000 -0.7397570000 0.8200000000 0.8200000000 0.8200000000
0.1341020000 -1.1768020000 -0.7394750000 0.1316320000 -1.1790700000 -0.7394720000 0.4178810000 -0.1764260000 -0.7397570000 0.8200000000 0.8200000000 0.8200000000
0.1432320000 -1.1706670000 -0.7394840000 0.1341020000 -1.1768020000 -0.7394750000 0.4178810000 -0.1764260000 -0.7397570000 0.8200000000 0.8200000000 0.8200000000
0.1439770000 -1.1698010000 -0.7394850000 0.1432320000 -1.1706670000 -0.7394840000 0.4178810000 -0.1764260000 -0.7397570000 0.8200000000 0.8200000000 0.8200000000
0.1447590000 -1.1688070000 -0.7394860000 0.1439770000 -1.1698010000 -0.7394850000 0.4178810000 -0.1764260000 -0.7397570000 0.8200000000 0.8200000000 0.8200000000
0.1463340000 -1.1677330000 -0.7394870000 0.1447590000 -1.1688070000 -0.7394860000 0.4178810000 -0.1764260000 -0.7397570000 0.8200000000 0.8200000000 0.8200000000
0.1683630000 -1.1497870000 -0.7395090000 0.1463340000 -1.1677330000 -0.7394870000 0.4178810000 -0.1764260000 -0.7397570000 0.8200000000 0.8200000000 0.8200000000
0.1766990000 -1.1385340000 -0.7395180000 0.1683630000 -1.1497870000 -0.7395090000 0.4178810000 -0.1764260000 -0.7397570000 0.8200000000 0.8200000000 0.8200000000
0.1890500000 -1.1293770000 -0.7395300000 0.1766990000 -1.1385340000 -0.7395180000 0.4178810000 -0.1764260000 -0.7397570000 0.8200000000 0.8200000000 0.8200000000
0.1899230000 -1.1288440000 -0.7395310000 0.1890500000 -1.1293770000 -0.7395300000 0.4178810000 -0.1764260000 -0.7397570000 0.8200000000 0.8200000000 0.8200000000
0.1907080000 -1.1279380000 -0.7395320000 0.1899230000 -1.1288440000 -0.7395310000 0.4178810000 -0.1764260000 -0.7397570000 0.8200000000 0.8200000000 0.8200000000
0.2038410000 -1.1142730000 -0.7395440000 0.1907080000 -1.1279380000 -0.7395320000 0.4178810000 -0.1764260000 -0.7397570000 0.8200000000 0.8200000000 0.8200000000
0.2071470000 -1.1118020000 -0.7395480000 0.2038410000 -1.1142730000 -0.7395440000 0.4178810000 -0.1764260000 -0.7397570000 0.8200000000 0.8200000000 0.8200000000
0.2167460000 -1.1040910000 -0.7395570000 0.2071470000 -1.1118020000 -0.7395480000 0.4178810000 -0.1764260000 -0.7397570000 0.8200000000 0.8200000000 0.8200000000
0.2216730000 -1.0975190000 -0.7395620000 0.2167460000 -1.1040910000 -0.7395570000 0.4178810000 -0.1764260000 -0.7397570000 0.8200000000 0.8200000000 0.8200000000
0.2270460000 -1.0903850000 -0.7395670000 0.2216730000 -1.0975190000 -0.7395620000 0.4178810000 -0.1764260000 -0.7397570000 0.8200000000 0.8200000000 0.8200000000
0.2324040000 -1.0825400000 -0.7395730000 0.2270460000 -1.0903850000 -0.7395670000 0.4178810000 -0.1764260000 -0.7397570000 0.8200000000 0.8200000000 0.8200000000
0.2428990000 -1.0653410000 -0.7395830000 0.2324040000 -1.0825400000 -0.7395730000 0.4178810000 -0.1764260000 -0.7397570000 0.8200000000 0.8200000000 0.8200000000
0.2443970000 -1.0619600000 -0.7395840000 0.2428990000 -1.0653410000 -0.7395830000 0.4178810000 -0.1764260000 -0.7397570000 0.8200000000 0.8200000000 0.8200000000
0.2553380000 -1.0471840000 -0.7395950000 0.2443970000 -1.0619600000 -0.7395840000 0.4178810000 -0.1764260000 -0.7397570000 0.8200000000 0.8200000000 0.8200000000
0.2557730000 -1.0466730000 -0.7395960000 0.2553380000 -1.0471840000 -0.7395950000 0.4178810000 -0.1764260000 -0.7397570000 0.8200000000 0.8200000000 0.8200000000
0.2560750000 -1.0463960000 -0.7395960000 0.2557730000 -1.0466730000 -0.7395960000 0.4178810000 -0.1764260000 -0.7397570000 0.8200000000 0.8200000000 0.8200000000
0.2563340000 -1.0461310000 -0.7395960000 0.2560750000 -1.0463960000 -0.7395960000 0.4178810000 -0.1764260000 -0.7397570000 0.8200000000 0.8200000000 0.8200000000
0.2747070000 -1.0263420000 -0.7396140000 0.2563340000 -1.0461310000 -0.7395960000 0.4178810000 -0.1764260000 -0.7397570000 0.8200000000 0.8200000000 0.8200000000
0.2752060000 -1.0245210000 -0.7396150000 0.2747070000 -1.0263420000 -0.7396140000 0.4178810000 -0.1764260000 -0.7397570000 0.8200000000 0.8200000000 0.8200000000
0.2795410000 -1.0134780000 -0.7396190000 0.2752060000 -1.0245210000 -0.7396150000 0.4178810000 -0.1764260000 -0.7397570000 0.8200000000 0.8200000000 0.8200000000
0.2912230000 -1.0033720000 -0.7396310000 0.2795410000 -1.0134780000 -0.7396190000 0.4178810000 -0.1764260000 -0.7397570000 0.8200000000 0.8200000000 0.8200000000
0.2944380000 -1.0015680000 -0.7396350000 0.2912230000 -1.0033720000 -0.7396310000 0.4178810000 -0.1764260000 -0.7397570000 0.8200000000 0.8200000000 0.8200000000
0.3059760000 -0.9999920000 -0.7396460000 0.2944380000 -1.0015680000 -0.7396350000 0.4178810000 -0.1764260000 -0.7397570000 0.8200000000 0.8200000000 0.8200000000
0.3181010000 -1.0050460000 -0.7396580000 0.3059760000 -0.9999920000 -0.7396460000 0.4178810000 -0.1764260000 -0.7397570000 0.8200000000 0.8200000000 0.8200000000
0.3311490000 -1.0039030000 -0.7396710000 0.3181010000 -1.0050460000 -0.7396580000 0.4178810000 -0.1764260000 -0.7397570000 0.8200000000 0.8200000000 0.8200000000
0.3462490000 -1.0059940000 -0.7396860000 0.3311490000 -1.0039030000 -0.7396710000 0.4178810000 -0.1764260000 -0.7397570000 0.8200000000 0.8200000000 0.8200000000
0.3523900000 -1.0115120000 -0.7396920000 0.3462490000 -1.0059940000 -0.7396860000 0.4178810000 -0.1764260000 -0.7397570000 0.8200000000 0.8200000000 0.8200000000
0.3701240000 -1.0196240000 -0.7397090000 0.3523900000 -1.0115120000 -0.7396920000 0.4178810000 -0.1764260000 -0.7397570000 0.8200000000 0.8200000000 0.8200000000
0.3837200000 -1.0230250000 -0.7397230000 0.3701240000 -1.0196240000 -0.7397090000 0.4178810000 -0.1764260000 -0.7397570000 0.8200000000 0.8200000000 0.8200000000
0.3973580000 -1.0226780000 -0.7397370000 0.3837200000 -1.0230250000 -0.7397230000 0.4178810000 -0.1764260000 -0.7397570000 0.8200000000 0.8200000000 0.8200000000
0.4137010000 -0.9737280000 -0.7397530000 0.3973580000 -1.0226780000 -0.7397370000 0.4178810000 -0.1764260000 -0.7397570000 0.8200000000 0.8200000000 0.8200000000
0.4251610000 -0.9605390000 -0.7397650000 0.4137010000 -0.9737280000 -0.7397530000 0.4178810000 -0.1764260000 -0.7397570000 0.8200000000 0.8200000000 0.8200000000
0.4219290000 -0.0828880000 -0.7397610000 0.4251610000 -0.9605390000 -0.7397650000 0.4178810000 -0.1764260000 -0.7397570000 0.8200000000 0.8200000000 0.8200000000
0.4151110000 -0.0990550000 -0.7397540000 0.4219290000 -0.0828880000 -0.7397610000 0.4178810000 -0.1764260000 -0.7397570000 0.8200000000 0.8200000000 0.8200000000
0.4127220000 -0.1094220000 -0.7397520000 0.4151110000 -0.0990550000 -0.7397540000 0.4178810000 -0.1764260000 -0.7397570000 0.8200000000 0.8200000000 0.8200000000
0.4095690000 -0.1177990000 -0.7397490000 0.4127220000 -0.1094220000 -0.7397520000 0.4178810000 -0.1764260000 -0.7397570000 0.8200000000 0.8200000000 0.8200000000
0.4093610000 -0.1276910000 -0.7397480000 0.4095690000 -0.1177990000 -0.7397490000 0.4178810000 -0.1764260000 -0.7397570000 0.8200000000 0.8200000000 0.8200000000
0.4081370000 -0.1434580000 -0.7397470000 0.4093610000 -0.1276910000 -0.7397480000 0.4178810000 -0.1764260000 -0.7397570000 0.8200000000 0.8200000000 0.8200000000
0.4086830000 -0.1460670000 -0.7397480000 0.4081370000 -0.1434580000 -0.7397470000 0.4178810000 -0.1764260000 -0.7397570000 0.8200000000 0.8200000000 0.8200000000
0.4165100000 -0.1645680000 -0.7397560000 0.4086830000 -0.1460670000 -0.7397480000 0.4178810000 -0.1764260000 -0.7397570000 0.8200000000 0.8200000000 0.8200000000
1.0508760000 0.7875320000 -0.7403860000 1.0482820000 0.8060790000 -0.7403830000 1.0459980000 0.8175980000 -0.7403810000 0.8200000000 0.8200000000 0.8200000000
1.0508760000 0.7875320000 -0.7403860000 1.0459980000 0.8175980000 -0.7403810000 1.0409100000 0.8473670000 -0.7403760000 0.8200000000 0.8200000000 0.8200000000
1.0508760000 0.7875320000 -0.7403860000 1.0409100000 0.8473670000 -0.7403760000 1.0391480000 0.8616220000 -0.7403740000 0.8200000000 0.8200000000 0.8200000000
1.0508760000 0.7875320000 -0.7403860000 1.0391480000 0.8616220000 -0.7403740000 1.0341780000 0.8701570000 -0.7403690000 0.8200000000 0.8200000000 0.8200000000
1.0508760000 0.7875320000 -0.7403860000 1.0341780000 0.8701570000 -0.7403690000 1.0333420000 0.8716690000 -0.7403690000 0.8200000000 0.8200000000 0.8200000000
1.0508760000 0.7875320000 -0.7403860000 1.0333420000 0.8716690000 -0.7403690000 1.0318880000 0.8731980000 -0.7403670000 0.8200000000 0.8200000000 0.8200000000
1.0508760000 0.7875320000 -0.7403860000 1.0318880000 0.8731980000 -0.7403670000 1.0128180000 0.8923100000 -0.7403480000 0.8200000000 0.8200000000 0.8200000000
1.0508760000 0.7875320000 -0.7403860000 1.0128180000 0.8923100000 -0.7403480000 1.0049570000 0.8962890000 -0.7403400000 0.8200000000 0.8200000000 0.8200000000
1.0508760000 0.7875320000 -0.7403860000 1.0049570000 0.8962890000 -0.7403400000 0.9955640000 0.9049850000 -0.7403310000 0.8200000000 0.8200000000 0.8200000000
1.0508760000 0.7875320000 -0.7403860000 0.9955640000 0.9049850000 -0.7403310000 0.9894540000 0.9070860000 -0.7403250000 0.8200000000 0.8200000000 0.8200000000
1.0508760000 0.7875320000 -0.7403860000 0.9894540000 0.9070860000 -0.7403250000 0.9735930000 0.9090060000 -0.7403090000 0.8200000000 0.8200000000 0.8200000000
1.0508760000 0.7875320000 -0.7403860000 0.9735930000 0.9090060000 -0.7403090000 0.9674530000 0.9110280000 -0.7403040000 0.8200000000 0.8200000000 0.8200000000
1.0508760000 0.7875320000 -0.7403860000 0.9674530000 0.9110280000 -0.7403040000 0.9591760000 0.9119880000 -0.7402950000 0.8200000000 0.8200000000 0.8200000000
1.0508760000 0.7875320000 -0.7403860000 0.9591760000 0.9119880000 -0.7402950000 0.9365060000 0.9119670000 -0.7402720000 0.8200000000 0.8200000000 0.8200000000
1.0508760000 0.7875320000 -0.7403860000 0.9365060000 0.9119670000 -0.7402720000 0.9289310000 0.9116380000 -0.7402650000 0.8200000000 0.8200000000 0.8200000000
1.0508760000 0.7875320000 -0.7403860000 0.9289310000 0.9116380000 -0.7402650000 0.9267140000 0.9111430000 -0.7402630000 0.8200000000 0.8200000000 0.8200000000
1.0508760000 0.7875320000 -0.7403860000 0.9267140000 0.9111430000 -0.7402630000 0.9243260000 0.9100400000 -0.7402600000 0.8200000000 0.8200000000 0.8200000000
1.0508760000 0.7875320000 -0.7403860000 0.9243260000 0.9100400000 -0.7402600000 0.9141230000 0.9061730000 -0.7402510000 0.8200000000 0.8200000000 0.8200000000
1.0508760000 0.7875320000 -0.7403860000 0.9141230000 0.9061730000 -0.7402510000 0.8984000000 0.8974560000 -0.7402340000 0.8200000000 0.8200000000 0.8200000000
1.0508760000 0.7875320000 -0.7403860000 0.8984000000 0.8974560000 -0.7402340000 0.8936030000 0.8932300000 -0.7402300000 0.8200000000 0.8200000000 0.8200000000
1.0508760000 0.7875320000 -0.7403860000 0.8936030000 0.8932300000 -0.7402300000 0.8867440000 0.8880310000 -0.7402230000 0.8200000000 0.8200000000 0.8200000000
1.0508760000 0.7875320000 -0.7403860000 0.8867440000 0.8880310000 -0.7402230000 0.8803960000 0.8820640000 -0.7402160000 0.8200000000 0.8200000000 0.8200000000
1.0508760000 0.7875320000 -0.7403860000 0.8803960000 0.8820640000 -0.7402160000 0.8760760000 0.8770030000 -0.7402120000 0.8200000000 0.8200000000 0.8200000000
1.0508760000 0.7875320000 -0.7403860000 0.8760760000 0.8770030000 -0.7402120000 0.8688180000 0.8651040000 -0.7402050000 0.8200000000 0.8200000000 0.8200000000
1.0508760000 0.7875320000 -0.7403860000 0.8688180000 0.8651040000 -0.7402050000 0.8671020000 0.8626550000 -0.7402030000 0.8200000000 0.8200000000 0.8200000000
1.0508760000 0.7875320000 -0.7403860000 0.8671020000 0.8626550000 -0.7402030000 0.8658240000 0.8598400000 -0.7402020000 0.8200000000 0.8200000000 0.8200000000
1.0508760000 0.7875320000 -0.7403860000 0.8658240000 0.8598400000 -0.7402020000 0.8578520000 0.8385720000 -0.7401940000 0.8200000000 0.8200000000 0.8200000000
1.0508760000 0.7875320000 -0.7403860000 0.8578520000 0.8385720000 -0.7401940000 0.8519460000 0.8173300000 -0.7401890000 0.8200000000 0.8200000000 0.8200000000
1.0508760000 0.7875320000 -0.7403860000 0.8519460000 0.8173300000 -0.7401890000 0.8512150000 0.8142790000 -0.7401880000 0.8200000000 0.8200000000 0.8200000000
1.0508760000 0.7875320000 -0.7403860000 0.8512150000 0.8142790000 -0.7401880000 0.8497990000 0.8001260000 -0.7401860000 0.8200000000 0.8200000000 0.8200000000
1.0508760000 0.7875320000 -0.7403860000 0.8497990000 0.8001260000 -0.7401860000 0.8496270000 0.7970480000 -0.7401860000 0.8200000000 0.8200000000 0.8200000000
1.0508760000 0.7875320000 -0.7403860000 0.8496270000 0.7970480000 -0.7401860000 0.8500760000 0.7854550000 -0.7401860000 0.8200000000 0.8200000000 0.8200000000
1.0508760000 0.7875320000 -0.7403860000 0.8500760000 0.7854550000 -0.7401860000 0.8517600000 0.7717900000 -0.7401890000 0.8200000000 0.8200000000 0.8200000000
1.0508760000 0.7875320000 -0.7403860000 0.8517600000 0.7717900000 -0.7401890000 0.8542970000 0.7629020000 -0.7401910000 0.8200000000 0.8200000000 0.8200000000
1.0508760000 0.7875320000 -0.7403860000 0.8542970000 0.7629020000 -0.7401910000 0.8568390000 0.7558270000 -0.7401940000 0.8200000000 0.8200000000 0.8200000000
1.0508760000 0.7875320000 -0.7403860000 0.8568390000 0.7558270000 -0.7401940000 0.8635770000 0.7440070000 -0.7402000000 0.8200000000 0.8200000000 0.8200000000
1.0508760000 0.7875320000 -0.7403860000 0.8635770000 0.7440070000 -0.7402000000 0.8671800000 0.7391510000 -0.7402040000 0.8200000000 0.8200000000 0.8200000000
1.0508760000 0.7875320000 -0.7403860000 0.8671800000 0.7391510000 -0.7402040000 0.8695940000 0.7369200000 -0.7402060000 0.8200000000 0.8200000000 0.8200000000
1.0508760000 0.7875320000 -0.7403860000 0.8695940000 0.7369200000 -0.7402060000 0.8799940000 0.7269180000 -0.7402160000 0.8200000000 0.8200000000 0.8200000000
1.0508760000 0.7875320000 -0.7403860000 0.8799940000 0.7269180000 -0.7402160000 0.8917320000 0.7178490000 -0.7402280000 0.8200000000 0.8200000000 0.8200000000
1.0508760000 0.7875320000 -0.7403860000 0.8917320000 0.7178490000 -0.7402280000 0.8939390000 0.7163630000 -0.7402300000 0.8200000000 0.8200000000 0.8200000000
1.0508760000 0.7875320000 -0.7403860000 0.8939390000 0.7163630000 -0.7402300000 0.8945450000 0.7160280000 -0.7402310000 0.8200000000 0.8200000000 0.8200000000
1.0508760000 0.7875320000 -0.7403860000 0.8945450000 0.7160280000 -0.7402310000 0.9112550000 0.7097150000 -0.7402470000 0.8200000000 0.8200000000 0.8200000000
1.0508760000 0.7875320000 -0.7403860000 0.9112550000 0.7097150000 -0.7402470000 0.9139360000 0.7091060000 -0.7402500000 0.8200000000 0.8200000000 0.8200000000
1.0508760000 0.7875320000 -0.7403860000 0.9139360000 0.7091060000 -0.7402500000 0.9263050000 0.7065230000 -0.7402630000 0.8200000000 0.8200000000 0.8200000000
1.0508760000 0.7875320000 -0.7403860000 0.9263050000 0.7065230000 -0.7402630000 0.9391020000 0.7058210000 -0.7402750000 0.8200000000 0.8200000000 0.8200000000
1.0508760000 0.7875320000 -0.7403860000 0.9391020000 0.7058210000 -0.7402750000 0.9418590000 0.7056110000 -0.7402780000 0.8200000000 0.8200000000 0.8200000000
1.0508760000 0.7875320000 -0.7403860000 0.9418590000 0.7056110000 -0.7402780000 0.9427590000 0.7057010000 -0.7402790000 0.8200000000 0.8200000000 0.8200000000
1.0508760000 0.7875320000 -0.7403860000 0.9427590000 0.7057010000 -0.7402790000 0.9476800000 0.7060620000 -0.7402840000 0.8200000000 0.8200000000 0.8200000000
1.0508760000 0.7875320000 -0.7403860000 0.9476800000 0.7060620000 -0.7402840000 0.9621970000 0.7068740000 -0.7402980000 0.8200000000 0.8200000000 0.8200000000
1.0508760000 0.7875320000 -0.7403860000 0.9621970000 0.7068740000 -0.7402980000 0.9789270000 0.7103740000 -0.7403140000 0.8200000000 0.8200000000 0.8200000000
1.0508760000 0.7875320000 -0.7403860000 0.9789270000 0.7103740000 -0.7403140000 0.9890560000 0.7117150000 -0.7403240000 0.8200000000 0.8200000000 0.8200000000
1.0508760000 0.7875320000 -0.7403860000 0.9890560000 0.7117150000 -0.7403240000 1.0073750000 0.7215980000 -0.7403430000 0.8200000000 0.8200000000 0.8200000000
1.0508760000 0.7875320000 -0.7403860000 1.0073750000 0.7215980000 -0.7403430000 1.0149330000 0.7248720000 -0.7403500000 0.8200000000 0.8200000000 0.8200000000
1.0508760000 0.7875320000 -0.7403860000 1.0149330000 0.7248720000 -0.7403500000 1.0179310000 0.7263790000 -0.7403530000 0.8200000000 0.8200000000 0.8200000000
1.0508760000 0.7875320000 -0.7403860000 1.0179310000 0.7263790000 -0.7403530000 1.0303790000 0.7382400000 -0.7403660000 0.8200000000 0.8200000000 0.8200000000
1.0508760000 0.7875320000 -0.7403860000 1.0303790000 0.7382400000 -0.7403660000 1.0372150000 0.7455410000 -0.7403730000 0.8200000000 0.8200000000 0.8200000000
1.0508760000 0.7875320000 -0.7403860000 1.0372150000 0.7455410000 -0.7403730000 1.0441650000 0.7555030000 -0.7403800000 0.8200000000 0.8200000000 0.8200000000
1.0508760000 0.7875320000 -0.7403860000 1.0441650000 0.7555030000 -0.7403800000 1.0473780000 0.7617220000 -0.7403830000 0.8200000000 0.8200000000 0.8200000000
1.0508760000 0.7875320000 -0.7403860000 1.0473780000 0.7617220000 -0.7403830000 1.0486290000 0.7674860000 -0.7403840000 0.8200000000 0.8200000000 0.8200000000
1.0508760000 0.7875320000 -0.7403860000 1.0486290000 0.7674860000 -0.7403840000 1.0508870000 0.7796450000 -0.7403860000 0.8200000000 0.8200000000 0.8200000000
